time,x,y,z,product,zone,shelf
25.656,5.0,1.7000000476837158,12.0,,sin_clasificar,
25.67,5.0,1.7000000476837158,12.0,,sin_clasificar,
25.744,5.0,1.7000000476837158,12.0,,sin_clasificar,
25.75,5.0,1.7000000476837158,12.0,,sin_clasificar,
25.773,5.0,1.7000000476837158,12.0,,sin_clasificar,
25.823,5.0,1.7000000476837158,12.0,,sin_clasificar,
25.855,5.0,1.7000000476837158,12.0,,sin_clasificar,
25.897,5.0,1.7000000476837158,12.0,,sin_clasificar,
25.951,5.0,1.7000000476837158,12.0,,sin_clasificar,
25.995,5.0,1.7000000476837158,12.0,,sin_clasificar,
26.035,5.0,1.7000000476837158,12.0,,sin_clasificar,
26.084,5.0,1.7000000476837158,12.0,,sin_clasificar,
26.112,5.0,1.7000000476837158,12.0,,sin_clasificar,
26.15,5.0,1.7000000476837158,12.0,,sin_clasificar,
26.201,5.0,1.7000000476837158,12.0,,sin_clasificar,
26.228,5.0,1.7000000476837158,11.949999809265137,,sin_clasificar,
26.267,5.0,1.7000000476837158,11.899999618530273,,sin_clasificar,
26.321,5.0,1.7000000476837158,11.84999942779541,,sin_clasificar,
26.347,5.0,1.7000000476837158,11.799999237060547,,sin_clasificar,
26.386,5.0,1.7000000476837158,11.749999046325684,,sin_clasificar,
26.437,5.0,1.7000000476837158,11.69999885559082,,sin_clasificar,
26.466,5.0,1.7000000476837158,11.649998664855957,,sin_clasificar,
26.506,5.0,1.7000000476837158,11.599998474121094,,sin_clasificar,
26.559,5.0,1.7000000476837158,11.54999828338623,,sin_clasificar,
26.589,5.0,1.7000000476837158,11.499998092651367,,sin_clasificar,
26.628,5.0,1.7000000476837158,11.449997901916504,,sin_clasificar,
26.68,5.0,1.7000000476837158,11.39999771118164,,sin_clasificar,
26.705,5.0,1.7000000476837158,11.349997520446777,,sin_clasificar,
26.743,5.0,1.7000000476837158,11.299997329711914,,sin_clasificar,
26.796,5.0,1.7000000476837158,11.24999713897705,,sin_clasificar,
26.822,5.0,1.7000000476837158,11.199996948242188,,sin_clasificar,
26.864,5.0,1.7000000476837158,11.149996757507324,,sin_clasificar,
26.919,5.0,1.7000000476837158,11.099996566772461,,sin_clasificar,
26.947,5.0,1.7000000476837158,11.049996376037598,,sin_clasificar,
26.993,5.0,1.7000000476837158,10.999996185302734,,sin_clasificar,
27.048,5.0,1.7000000476837158,10.949995994567871,,sin_clasificar,
27.074,5.0,1.7000000476837158,10.899995803833008,,sin_clasificar,
27.116,5.0,1.7000000476837158,10.849995613098145,,sin_clasificar,
27.167,5.0,1.7000000476837158,10.799995422363281,,sin_clasificar,
27.2,5.0,1.7000000476837158,10.749995231628418,,sin_clasificar,
27.238,5.0,1.7000000476837158,10.699995040893555,,sin_clasificar,
27.295,5.0,1.7000000476837158,10.649994850158691,,sin_clasificar,
27.323,5.0,1.7000000476837158,10.599994659423828,,sin_clasificar,
27.361,5.0,1.7000000476837158,10.549994468688965,,sin_clasificar,
27.416,4.949999809265137,1.7000000476837158,10.499994277954102,,sin_clasificar,
27.445,4.899999618530273,1.7000000476837158,10.449994087219238,,sin_clasificar,
27.483,4.84999942779541,1.7000000476837158,10.399993896484375,,sin_clasificar,
27.537,4.799999237060547,1.7000000476837158,10.349993705749512,,sin_clasificar,
27.561,4.749999046325684,1.7000000476837158,10.299993515014648,,sin_clasificar,
27.6,4.69999885559082,1.7000000476837158,10.249993324279785,,sin_clasificar,
27.648,4.649998664855957,1.7000000476837158,10.199993133544922,,sin_clasificar,
27.681,4.599998474121094,1.7000000476837158,10.149992942810059,,sin_clasificar,
27.718,4.5499982833862305,1.7000000476837158,10.099992752075195,,sin_clasificar,
27.774,4.499998092651367,1.7000000476837158,10.049992561340332,,sin_clasificar,
27.803,4.449997901916504,1.7000000476837158,9.999992370605469,,entrada,
27.841,4.399997711181641,1.7000000476837158,9.949992179870605,,entrada,
27.892,4.349997520446777,1.7000000476837158,9.899991989135742,,entrada,
27.919,4.299997329711914,1.7000000476837158,9.849991798400879,,entrada,
27.958,4.249997138977051,1.7000000476837158,9.799991607666016,,entrada,
28.007,4.1999969482421875,1.7000000476837158,9.749991416931152,,entrada,
28.037,4.149996757507324,1.7000000476837158,9.699991226196289,,entrada,
28.076,4.099996566772461,1.7000000476837158,9.649991035461426,,entrada,
28.139,4.049996376037598,1.7000000476837158,9.599990844726562,,entrada,
28.167,3.9999964237213135,1.7000000476837158,9.5499906539917,,entrada,
28.204,3.9499964714050293,1.7000000476837158,9.499990463256836,,entrada,
28.255,3.899996519088745,1.7000000476837158,9.449990272521973,,entrada,
28.284,3.849996566772461,1.7000000476837158,9.39999008178711,,entrada,
28.321,3.7999966144561768,1.7000000476837158,9.349989891052246,,entrada,
28.374,3.7499966621398926,1.7000000476837158,9.299989700317383,,entrada,
28.396,3.6999967098236084,1.7000000476837158,9.24998950958252,,entrada,
28.437,3.649996757507324,1.7000000476837158,9.199989318847656,,entrada,
28.489,3.59999680519104,1.7000000476837158,9.149989128112793,,entrada,
28.516,3.549996852874756,1.7000000476837158,9.09998893737793,,entrada,
28.554,3.4999969005584717,1.7000000476837158,9.049988746643066,,entrada,
28.604,3.4499969482421875,1.7000000476837158,8.999988555908203,,entrada,
28.632,3.3999969959259033,1.7000000476837158,8.94998836517334,,entrada,
28.668,3.349997043609619,1.7000000476837158,8.899988174438477,,entrada,
28.718,3.299997091293335,1.7000000476837158,8.849987983703613,,entrada,
28.748,3.249997138977051,1.7000000476837158,8.79998779296875,,entrada,
28.785,3.249997138977051,1.7000000476837158,8.749987602233887,,entrada,
28.838,3.249997138977051,1.7000000476837158,8.699987411499023,,entrada,
28.865,3.249997138977051,1.7000000476837158,8.64998722076416,,entrada,
28.903,3.249997138977051,1.7000000476837158,8.599987030029297,,entrada,
28.954,3.249997138977051,1.7000000476837158,8.549986839294434,,entrada,
28.981,3.249997138977051,1.7000000476837158,8.49998664855957,,entrada,
29.019,3.249997138977051,1.7000000476837158,8.449986457824707,,entrada,
29.068,3.249997138977051,1.7000000476837158,8.399986267089844,,entrada,
29.098,3.249997138977051,1.7000000476837158,8.34998607635498,,entrada,
29.138,3.249997138977051,1.7000000476837158,8.299985885620117,,entrada,
29.188,3.249997138977051,1.7000000476837158,8.249985694885254,,entrada,
29.215,3.249997138977051,1.7000000476837158,8.19998550415039,,entrada,
29.255,3.249997138977051,1.7000000476837158,8.149985313415527,,entrada,
29.307,3.249997138977051,1.7000000476837158,8.099985122680664,,entrada,
29.332,3.249997138977051,1.7000000476837158,8.0499849319458,,entrada,
29.371,3.249997138977051,1.7000000476837158,7.9999847412109375,,entrada,
29.422,3.249997138977051,1.7000000476837158,7.949984550476074,,entrada,
29.452,3.249997138977051,1.7000000476837158,7.899984359741211,,entrada,
29.49,3.249997138977051,1.7000000476837158,7.849984169006348,,entrada,
29.542,3.249997138977051,1.7000000476837158,7.799983978271484,,entrada,
29.569,3.249997138977051,1.7000000476837158,7.799983978271484,,entrada,
29.608,3.249997138977051,1.7000000476837158,7.799983978271484,,entrada,
29.658,3.249997138977051,1.7000000476837158,7.799983978271484,,entrada,
29.685,3.249997138977051,1.7000000476837158,7.799983978271484,,entrada,
29.72,3.249997138977051,1.7000000476837158,7.799983978271484,,entrada,
29.775,3.249997138977051,1.7000000476837158,7.799983978271484,,entrada,
29.801,3.249997138977051,1.7000000476837158,7.799983978271484,,entrada,
29.842,3.249997138977051,1.7000000476837158,7.799983978271484,,entrada,
29.891,3.249997138977051,1.7000000476837158,7.799983978271484,,entrada,
29.921,3.249997138977051,1.7000000476837158,7.799983978271484,,entrada,
29.96,3.249997138977051,1.7000000476837158,7.799983978271484,,entrada,
30.009,3.249997138977051,1.7000000476837158,7.799983978271484,,entrada,
30.045,3.249997138977051,1.7000000476837158,7.799983978271484,,entrada,
30.083,3.249997138977051,1.7000000476837158,7.799983978271484,,entrada,
30.133,3.249997138977051,1.7000000476837158,7.799983978271484,,entrada,
30.166,3.249997138977051,1.7000000476837158,7.799983978271484,,entrada,
30.211,3.249997138977051,1.7000000476837158,7.799983978271484,,entrada,
30.262,3.249997138977051,1.7000000476837158,7.799983978271484,,entrada,
30.292,3.249997138977051,1.7000000476837158,7.799983978271484,,entrada,
30.33,3.249997138977051,1.7000000476837158,7.799983978271484,,entrada,
30.38,3.249997138977051,1.7000000476837158,7.799983978271484,,entrada,
30.406,3.249997138977051,1.7000000476837158,7.799983978271484,,entrada,
30.446,3.249997138977051,1.7000000476837158,7.799983978271484,,entrada,
30.497,3.249997138977051,1.7000000476837158,7.799983978271484,,entrada,
30.522,3.249997138977051,1.7000000476837158,7.799983978271484,,entrada,
30.561,3.249997138977051,1.7000000476837158,7.799983978271484,,entrada,
30.612,3.249997138977051,1.7000000476837158,7.799983978271484,,entrada,
30.64,3.249997138977051,1.7000000476837158,7.799983978271484,,entrada,
30.679,3.249997138977051,1.7000000476837158,7.799983978271484,,entrada,
30.732,3.249997138977051,1.7000000476837158,7.799983978271484,,entrada,
30.756,3.249997138977051,1.7000000476837158,7.799983978271484,,entrada,
30.796,3.249997138977051,1.7000000476837158,7.799983978271484,,entrada,
30.85,3.249997138977051,1.7000000476837158,7.799983978271484,,entrada,
30.877,3.249997138977051,1.7000000476837158,7.799983978271484,,entrada,
30.916,3.249997138977051,1.7000000476837158,7.799983978271484,,entrada,
30.965,3.249997138977051,1.7000000476837158,7.799983978271484,,entrada,
30.993,3.249997138977051,1.7000000476837158,7.799983978271484,,entrada,
31.036,3.249997138977051,1.7000000476837158,7.799983978271484,,entrada,
31.089,3.249997138977051,1.7000000476837158,7.799983978271484,,entrada,
31.115,3.249997138977051,1.7000000476837158,7.799983978271484,,entrada,
31.156,3.249997138977051,1.7000000476837158,7.799983978271484,,entrada,
31.207,3.249997138977051,1.7000000476837158,7.799983978271484,,entrada,
31.231,3.249997138977051,1.7000000476837158,7.799983978271484,,entrada,
31.27,3.249997138977051,1.7000000476837158,7.799983978271484,,entrada,
31.324,3.249997138977051,1.7000000476837158,7.799983978271484,,entrada,
31.35,3.249997138977051,1.7000000476837158,7.799983978271484,,entrada,
31.39,3.249997138977051,1.7000000476837158,7.799983978271484,,entrada,
31.441,3.249997138977051,1.7000000476837158,7.799983978271484,,entrada,
31.466,3.249997138977051,1.7000000476837158,7.799983978271484,,entrada,
31.505,3.249997138977051,1.7000000476837158,7.799983978271484,,entrada,
31.557,3.249997138977051,1.7000000476837158,7.799983978271484,,entrada,
31.584,3.249997138977051,1.7000000476837158,7.799983978271484,,entrada,
31.625,3.249997138977051,1.7000000476837158,7.799983978271484,,entrada,
31.676,3.249997138977051,1.7000000476837158,7.799983978271484,,entrada,
31.699,3.249997138977051,1.7000000476837158,7.799983978271484,,entrada,
31.739,3.249997138977051,1.7000000476837158,7.799983978271484,,entrada,
31.792,3.249997138977051,1.7000000476837158,7.799983978271484,,entrada,
31.816,3.249997138977051,1.7000000476837158,7.799983978271484,,entrada,
31.856,3.249997138977051,1.7000000476837158,7.799983978271484,,entrada,
31.908,3.249997138977051,1.7000000476837158,7.799983978271484,,entrada,
31.931,3.249997138977051,1.7000000476837158,7.799983978271484,,entrada,
31.971,3.249997138977051,1.7000000476837158,7.799983978271484,,entrada,
32.024,3.249997138977051,1.7000000476837158,7.799983978271484,,entrada,
32.05,3.249997138977051,1.7000000476837158,7.799983978271484,,entrada,
32.087,3.249997138977051,1.7000000476837158,7.799983978271484,,entrada,
32.141,3.249997138977051,1.7000000476837158,7.799983978271484,,entrada,
32.164,3.249997138977051,1.7000000476837158,7.799983978271484,,entrada,
32.203,3.249997138977051,1.7000000476837158,7.799983978271484,,entrada,
32.252,3.249997138977051,1.7000000476837158,7.799983978271484,,entrada,
32.28,3.249997138977051,1.7000000476837158,7.799983978271484,,entrada,
32.323,3.249997138977051,1.7000000476837158,7.799983978271484,,entrada,
32.375,3.249997138977051,1.7000000476837158,7.799983978271484,,entrada,
32.401,3.249997138977051,1.7000000476837158,7.799983978271484,,entrada,
32.441,3.249997138977051,1.7000000476837158,7.799983978271484,,entrada,
32.492,3.249997138977051,1.7000000476837158,7.799983978271484,,entrada,
32.519,3.249997138977051,1.7000000476837158,7.799983978271484,,entrada,
32.56,3.249997138977051,1.7000000476837158,7.799983978271484,,entrada,
32.611,3.249997138977051,1.7000000476837158,7.799983978271484,,entrada,
32.637,3.249997138977051,1.7000000476837158,7.799983978271484,,entrada,
32.676,3.249997138977051,1.7000000476837158,7.799983978271484,,entrada,
32.729,3.249997138977051,1.7000000476837158,7.799983978271484,,entrada,
32.753,3.249997138977051,1.7000000476837158,7.799983978271484,,entrada,
32.791,3.249997138977051,1.7000000476837158,7.799983978271484,,entrada,
32.848,3.249997138977051,1.7000000476837158,7.799983978271484,,entrada,
32.866,3.249997138977051,1.7000000476837158,7.799983978271484,,entrada,
32.905,3.249997138977051,1.7000000476837158,7.799983978271484,,entrada,
32.961,3.249997138977051,1.7000000476837158,7.799983978271484,,entrada,
32.988,3.249997138977051,1.7000000476837158,7.799983978271484,,entrada,
33.027,3.249997138977051,1.7000000476837158,7.799983978271484,,entrada,
33.082,3.249997138977051,1.7000000476837158,7.799983978271484,,entrada,
33.105,3.249997138977051,1.7000000476837158,7.799983978271484,,entrada,
33.143,3.249997138977051,1.7000000476837158,7.799983978271484,,entrada,
33.201,3.249997138977051,1.7000000476837158,7.799983978271484,,entrada,
33.225,3.249997138977051,1.7000000476837158,7.799983978271484,,entrada,
33.265,3.249997138977051,1.7000000476837158,7.799983978271484,,entrada,
33.319,3.249997138977051,1.7000000476837158,7.799983978271484,,entrada,
33.344,3.249997138977051,1.7000000476837158,7.799983978271484,,entrada,
33.384,3.249997138977051,1.7000000476837158,7.799983978271484,,entrada,
33.434,3.249997138977051,1.7000000476837158,7.799983978271484,,entrada,
33.46,3.249997138977051,1.7000000476837158,7.799983978271484,,entrada,
33.499,3.249997138977051,1.7000000476837158,7.799983978271484,,entrada,
33.552,3.249997138977051,1.7000000476837158,7.799983978271484,,entrada,
33.578,3.249997138977051,1.7000000476837158,7.799983978271484,,entrada,
33.614,3.249997138977051,1.7000000476837158,7.799983978271484,,entrada,
33.671,3.249997138977051,1.7000000476837158,7.799983978271484,,entrada,
33.693,3.249997138977051,1.7000000476837158,7.799983978271484,,entrada,
33.734,3.249997138977051,1.7000000476837158,7.799983978271484,,entrada,
33.791,3.249997138977051,1.7000000476837158,7.799983978271484,,entrada,
33.812,3.249997138977051,1.7000000476837158,7.799983978271484,,entrada,
33.852,3.249997138977051,1.7000000476837158,7.799983978271484,,entrada,
33.91,3.249997138977051,1.7000000476837158,7.799983978271484,,entrada,
33.931,3.249997138977051,1.7000000476837158,7.799983978271484,,entrada,
33.97,3.249997138977051,1.7000000476837158,7.799983978271484,,entrada,
34.025,3.249997138977051,1.7000000476837158,7.799983978271484,,entrada,
34.049,3.249997138977051,1.7000000476837158,7.799983978271484,,entrada,
34.087,3.249997138977051,1.7000000476837158,7.799983978271484,,entrada,
34.143,3.2065656185150146,1.7000000476837158,7.775210857391357,,entrada,
34.165,3.1631340980529785,1.7000000476837158,7.7504377365112305,,entrada,
34.203,3.1197025775909424,1.7000000476837158,7.7256646156311035,,entrada,
34.259,3.0762710571289062,1.7000000476837158,7.700891494750977,,entrada,
34.279,3.03283953666687,1.7000000476837158,7.67611837387085,,entrada,
34.326,2.989408016204834,1.7000000476837158,7.651345252990723,,entrada,
34.381,2.945976495742798,1.7000000476837158,7.626572132110596,,entrada,
34.402,2.9025449752807617,1.7000000476837158,7.601799011230469,,entrada,
34.44,2.8591134548187256,1.7000000476837158,7.577025890350342,,entrada,
34.495,2.8156819343566895,1.7000000476837158,7.552252769470215,,entrada,
34.517,2.7722504138946533,1.7000000476837158,7.527479648590088,,entrada,
34.557,2.728818893432617,1.7000000476837158,7.502706527709961,,entrada,
34.614,2.685387372970581,1.7000000476837158,7.477933406829834,,entrada,
34.638,2.641955852508545,1.7000000476837158,7.453160285949707,,entrada,
34.675,2.598524332046509,1.7000000476837158,7.42838716506958,,entrada,
34.732,2.5550928115844727,1.7000000476837158,7.403614044189453,,entrada,
34.753,2.5116612911224365,1.7000000476837158,7.378840923309326,,entrada,
34.794,2.4682297706604004,1.7000000476837158,7.354067802429199,,entrada,
34.85,2.4245412349700928,1.7000000476837158,7.329751014709473,,entrada,
34.871,2.3803937435150146,1.7000000476837158,7.306277275085449,,entrada,
34.915,2.3357253074645996,1.700087308883667,7.283811569213867,,entrada,
34.968,2.2904469966888428,1.7001745700836182,7.262601852416992,,entrada,
34.992,2.2445595264434814,1.7003490924835205,7.242744445800781,,entrada,
35.029,2.198399305343628,1.7005236148834229,7.223529815673828,,entrada,
35.084,2.1519429683685303,1.7006981372833252,7.205042362213135,,entrada,
35.107,2.105264186859131,1.7008726596832275,7.187124252319336,,entrada,
35.162,2.0581908226013184,1.7010471820831299,7.17026948928833,,entrada,
35.216,2.010774850845337,1.7012217044830322,7.154404163360596,,entrada,
35.241,1.9632493257522583,1.7013962268829346,7.1388702392578125,,comida,
35.28,1.9157238006591797,1.701570749282837,7.123336315155029,,comida,
35.335,1.868198275566101,1.7017452716827393,7.107802391052246,,comida,
35.358,1.8206727504730225,1.7019197940826416,7.092268466949463,,comida,
35.396,1.7731472253799438,1.702094316482544,7.07673454284668,,comida,
35.452,1.7256217002868652,1.7022688388824463,7.0612006187438965,,comida,
35.475,1.6780961751937866,1.7024433612823486,7.045666694641113,,comida,
35.514,1.630570650100708,1.702617883682251,7.03013277053833,,comida,
35.569,1.5830180644989014,1.7027924060821533,7.014681816101074,,comida,
35.592,1.5353329181671143,1.7030541896820068,6.9996466636657715,,comida,
35.632,1.4875696897506714,1.7033159732818604,6.984861373901367,,comida,
35.687,1.4398064613342285,1.7035777568817139,6.970076084136963,,comida,
35.708,1.3920432329177856,1.7038395404815674,6.955290794372559,,comida,
35.748,1.3442800045013428,1.704101324081421,6.940505504608154,,comida,
35.805,1.2965426445007324,1.7043631076812744,6.9256367683410645,,comida,
35.827,1.248805284500122,1.704624891281128,6.910768032073975,,comida,
35.867,1.2010679244995117,1.7048866748809814,6.895899295806885,,comida,
35.923,1.1533305644989014,1.705148458480835,6.881030559539795,,comida,
35.945,1.105593204498291,1.7054102420806885,6.866161823272705,,comida,
35.985,1.0578558444976807,1.705672025680542,6.851293087005615,,comida,
36.038,1.0101184844970703,1.7059338092803955,6.836424350738525,,comida,
36.068,0.96238112449646,1.706195592880249,6.8215556144714355,,comida,
36.108,0.9146437644958496,1.7064573764801025,6.806686878204346,,comida,
36.159,0.8669064044952393,1.706719160079956,6.791818141937256,,comida,
36.186,0.8191690444946289,1.7069809436798096,6.776949405670166,,comida,
36.224,0.7714316844940186,1.707242727279663,6.762080669403076,,comida,
36.28,0.7236943244934082,1.7075045108795166,6.747211933135986,,comida,
36.305,0.6759569644927979,1.7077662944793701,6.7323431968688965,,comida,
36.341,0.6282196044921875,1.7080280780792236,6.717474460601807,,comida,
36.396,0.5804822444915771,1.7082898616790771,6.702605724334717,,comida,
36.42,0.5327448844909668,1.7085516452789307,6.687736988067627,,comida,
36.46,0.48500749468803406,1.7088134288787842,6.672868251800537,,comida,
36.519,0.4372701048851013,1.7090752124786377,6.657999515533447,,comida,
36.541,0.3895327150821686,1.7093369960784912,6.643130779266357,,comida,
36.577,0.34179532527923584,1.7095987796783447,6.628262042999268,,comida,
36.634,0.2940579354763031,1.7098605632781982,6.613393306732178,,comida,
36.658,0.24632054567337036,1.7101223468780518,6.598524570465088,,comida,
36.696,0.19858315587043762,1.7103841304779053,6.583655834197998,,comida,
36.751,0.15084576606750488,1.7106459140777588,6.568787097930908,,comida,
36.774,0.10310837626457214,1.7109076976776123,6.553918361663818,,comida,
36.811,0.0553709901869297,1.7111694812774658,6.5390496253967285,,comida,
36.867,0.007633604109287262,1.7114312648773193,6.524180889129639,,comida,
36.89,-0.04010378196835518,1.7116930484771729,6.509312152862549,,comida,
36.931,-0.08784116804599762,1.7119548320770264,6.494443416595459,,comida,
36.985,-0.13557855784893036,1.7122166156768799,6.479574680328369,,comida,
37.01,-0.1833159476518631,1.7124783992767334,6.464705944061279,,comida,
37.047,-0.23105333745479584,1.712740182876587,6.4498372077941895,,comida,
37.102,-0.2787907123565674,1.7130019664764404,6.4349684715271,,comida,
37.126,-0.3265281021595001,1.713263750076294,6.42009973526001,,comida,
37.167,-0.37426549196243286,1.7135255336761475,6.40523099899292,,comida,
37.228,-0.4222305417060852,1.713787317276001,6.391114234924316,,comida,
37.242,-0.47054868936538696,1.7140491008758545,6.378257751464844,,comida,
37.283,-0.5191665291786194,1.714310884475708,6.366585731506348,,comida,
37.337,-0.5678843855857849,1.7145726680755615,6.355338096618652,,comida,
37.36,-0.6166022419929504,1.714834451675415,6.344090461730957,,comida,
37.411,-0.665320098400116,1.7150962352752686,6.332842826843262,,comida,
37.464,-0.7140379548072815,1.715358018875122,6.321595191955566,,comida,
37.489,-0.762755811214447,1.7156198024749756,6.310347557067871,,comida,
37.532,-0.8114736676216125,1.715881586074829,6.299099922180176,,comida,
37.59,-0.8601717948913574,1.7161433696746826,6.28776741027832,,comida,
37.612,-0.9088699221611023,1.7164051532745361,6.276434898376465,,comida,
37.65,-0.9575680494308472,1.7166669368743896,6.265102386474609,,comida,
37.702,-1.0062662363052368,1.7169287204742432,6.253769874572754,,comida,
37.724,-1.0062662363052368,1.7169287204742432,6.253769874572754,,comida,
37.764,-1.0062662363052368,1.7169287204742432,6.253769874572754,,comida,
37.814,-1.0062662363052368,1.7169287204742432,6.253769874572754,,comida,
37.838,-1.0062662363052368,1.7169287204742432,6.253769874572754,,comida,
37.88,-1.0062662363052368,1.7169287204742432,6.253769874572754,,comida,
37.935,-1.0062662363052368,1.7169287204742432,6.253769874572754,,comida,
37.959,-1.0062662363052368,1.7169287204742432,6.253769874572754,,comida,
37.998,-1.0062662363052368,1.7169287204742432,6.253769874572754,,comida,
38.05,-1.0062662363052368,1.7169287204742432,6.253769874572754,,comida,
38.079,-1.0062662363052368,1.7169287204742432,6.253769874572754,,comida,
38.115,-1.0062662363052368,1.7169287204742432,6.253769874572754,,comida,
38.174,-1.0062662363052368,1.7169287204742432,6.253769874572754,,comida,
38.193,-1.0062662363052368,1.7169287204742432,6.253769874572754,,comida,
38.232,-1.0062662363052368,1.7169287204742432,6.253769874572754,,comida,
38.289,-1.0062662363052368,1.7169287204742432,6.253769874572754,,comida,
38.31,-1.0062662363052368,1.7169287204742432,6.253769874572754,,comida,
38.349,-1.0062662363052368,1.7169287204742432,6.253769874572754,,comida,
38.407,-1.0062662363052368,1.7169287204742432,6.253769874572754,,comida,
38.425,-1.0062662363052368,1.7169287204742432,6.253769874572754,,comida,
38.463,-1.0062662363052368,1.7169287204742432,6.253769874572754,,comida,
38.519,-1.0062662363052368,1.7169287204742432,6.253769874572754,,comida,
38.541,-1.0062662363052368,1.7169287204742432,6.253769874572754,,comida,
38.581,-1.0062662363052368,1.7169287204742432,6.253769874572754,,comida,
38.638,-1.0062662363052368,1.7169287204742432,6.253769874572754,,comida,
38.662,-1.0062662363052368,1.7169287204742432,6.253769874572754,,comida,
38.7,-1.0062662363052368,1.7169287204742432,6.253769874572754,,comida,
38.758,-1.0062662363052368,1.7169287204742432,6.253769874572754,,comida,
38.78,-1.0062662363052368,1.7169287204742432,6.253769874572754,,comida,
38.819,-1.0062662363052368,1.7169287204742432,6.253769874572754,,comida,
38.874,-1.0062662363052368,1.7169287204742432,6.253769874572754,,comida,
38.897,-1.0062662363052368,1.7169287204742432,6.253769874572754,,comida,
38.94,-1.0062662363052368,1.7169287204742432,6.253769874572754,,comida,
38.992,-1.0062662363052368,1.7169287204742432,6.253769874572754,,comida,
39.017,-1.0062662363052368,1.7169287204742432,6.253769874572754,,comida,
39.057,-1.0062662363052368,1.7169287204742432,6.253769874572754,,comida,
39.111,-1.0062662363052368,1.7169287204742432,6.253769874572754,,comida,
39.135,-1.0062662363052368,1.7169287204742432,6.253769874572754,,comida,
39.173,-1.0062662363052368,1.7169287204742432,6.253769874572754,,comida,
39.233,-1.0062662363052368,1.7169287204742432,6.253769874572754,,comida,
39.25,-1.0062662363052368,1.7169287204742432,6.253769874572754,,comida,
39.292,-1.0062662363052368,1.7169287204742432,6.253769874572754,,comida,
39.343,-1.0062662363052368,1.7169287204742432,6.253769874572754,,comida,
39.371,-1.0062662363052368,1.7169287204742432,6.253769874572754,,comida,
39.411,-1.0062662363052368,1.7169287204742432,6.253769874572754,,comida,
39.466,-1.0062662363052368,1.7169287204742432,6.253769874572754,,comida,
39.488,-1.0062662363052368,1.7169287204742432,6.253769874572754,,comida,
39.53,-1.0062662363052368,1.7169287204742432,6.253769874572754,,comida,
39.586,-1.0062662363052368,1.7169287204742432,6.253769874572754,,comida,
39.608,-1.0062662363052368,1.7169287204742432,6.253769874572754,,comida,
39.65,-1.0062662363052368,1.7169287204742432,6.253769874572754,,comida,
39.707,-1.0062662363052368,1.7169287204742432,6.253769874572754,,comida,
39.727,-1.0062662363052368,1.7169287204742432,6.253769874572754,,comida,
39.766,-1.0062662363052368,1.7169287204742432,6.253769874572754,,comida,
39.824,-1.0062662363052368,1.7169287204742432,6.253769874572754,,comida,
39.847,-1.0062662363052368,1.7169287204742432,6.253769874572754,,comida,
39.884,-1.0062662363052368,1.7169287204742432,6.253769874572754,,comida,
39.94,-1.0062662363052368,1.7169287204742432,6.253769874572754,,comida,
39.962,-1.0062662363052368,1.7169287204742432,6.253769874572754,,comida,
39.999,-1.0062662363052368,1.7169287204742432,6.253769874572754,,comida,
40.063,-1.0062662363052368,1.7169287204742432,6.253769874572754,,comida,
40.085,-1.0062662363052368,1.7169287204742432,6.253769874572754,,comida,
40.125,-1.0062662363052368,1.7169287204742432,6.253769874572754,,comida,
40.18,-1.0062662363052368,1.7169287204742432,6.253769874572754,,comida,
40.203,-1.0062662363052368,1.7169287204742432,6.253769874572754,,comida,
40.242,-1.0062662363052368,1.7169287204742432,6.253769874572754,,comida,
40.296,-1.0038586854934692,1.7085041999816895,6.204543590545654,,comida,
40.321,-1.0014511346817017,1.7000796794891357,6.155317306518555,,comida,
40.36,-0.9990435838699341,1.691655158996582,6.106091022491455,,comida,
40.413,-0.9966360330581665,1.6832306385040283,6.0568647384643555,,comida,
40.438,-0.9942284822463989,1.6748061180114746,6.007638454437256,,comida,
40.476,-0.9918209314346313,1.666381597518921,5.958412170410156,,comida,
40.529,-0.9894133806228638,1.6579570770263672,5.909185886383057,,comida,
40.552,-0.9870058298110962,1.6495325565338135,5.859959602355957,,comida,
40.591,-0.9845982789993286,1.6411080360412598,5.810733318328857,,comida,
40.652,-0.982190728187561,1.632683515548706,5.761507034301758,,comida,
40.673,-0.9797831773757935,1.6242589950561523,5.712280750274658,,comida,
40.713,-0.9797831773757935,1.6242589950561523,5.712280750274658,,comida,
40.769,-0.9797831773757935,1.6242589950561523,5.712280750274658,,comida,
40.792,-0.9797831773757935,1.6242589950561523,5.712280750274658,,comida,
40.831,-0.9797831773757935,1.6242589950561523,5.712280750274658,,comida,
40.888,-0.9797831773757935,1.6242589950561523,5.712280750274658,,comida,
40.909,-0.9797831773757935,1.6242589950561523,5.712280750274658,,comida,
40.946,-0.9797831773757935,1.6242589950561523,5.712280750274658,,comida,
41.003,-0.9797831773757935,1.6242589950561523,5.712280750274658,,comida,
41.025,-0.9797831773757935,1.6242589950561523,5.712280750274658,,comida,
41.071,-0.9797831773757935,1.6242589950561523,5.712280750274658,,comida,
41.128,-0.9797831773757935,1.6242589950561523,5.712280750274658,,comida,
41.15,-0.9797831773757935,1.6242589950561523,5.712280750274658,,comida,
41.189,-0.9773756265640259,1.6158344745635986,5.663054466247559,,comida,
41.243,-0.9749680757522583,1.607409954071045,5.613828182220459,,comida,
41.266,-0.9725605249404907,1.5989854335784912,5.564601898193359,,comida,
41.307,-0.9701529741287231,1.5905609130859375,5.51537561416626,,comida,
41.363,-0.9701529741287231,1.5905609130859375,5.51537561416626,apple,comida,2
41.383,-0.9701529741287231,1.5905609130859375,5.51537561416626,apple,comida,2
41.425,-0.9701529741287231,1.5905609130859375,5.51537561416626,apple,comida,2
41.481,-0.9701529741287231,1.5905609130859375,5.51537561416626,apple,comida,2
41.5,-0.9701529741287231,1.5905609130859375,5.51537561416626,apple,comida,2
41.545,-0.9701529741287231,1.5905609130859375,5.51537561416626,apple,comida,2
41.6,-0.9701529741287231,1.5905609130859375,5.51537561416626,apple,comida,2
41.625,-0.9701529741287231,1.5905609130859375,5.51537561416626,apple,comida,2
41.668,-0.9701529741287231,1.5905609130859375,5.51537561416626,apple,comida,2
41.725,-0.9701529741287231,1.5905609130859375,5.51537561416626,apple,comida,2
41.749,-0.9701529741287231,1.5905609130859375,5.51537561416626,apple,comida,2
41.785,-0.9701529741287231,1.5905609130859375,5.51537561416626,apple,comida,2
41.856,-0.9701529741287231,1.5905609130859375,5.51537561416626,apple,comida,2
41.875,-0.9701529741287231,1.5905609130859375,5.51537561416626,apple,comida,2
41.915,-0.9701529741287231,1.5905609130859375,5.51537561416626,apple,comida,2
41.972,-0.9701529741287231,1.5905609130859375,5.51537561416626,apple,comida,2
41.993,-0.9701529741287231,1.5905609130859375,5.51537561416626,apple,comida,2
42.031,-0.9701529741287231,1.5905609130859375,5.51537561416626,apple,comida,2
42.085,-0.9701529741287231,1.5905609130859375,5.51537561416626,apple,comida,2
42.109,-0.9701529741287231,1.5905609130859375,5.51537561416626,apple,comida,2
42.161,-0.9701529741287231,1.5905609130859375,5.51537561416626,apple,comida,2
42.219,-0.9701529741287231,1.5905609130859375,5.51537561416626,,comida,
42.24,-0.9701529741287231,1.5905609130859375,5.51537561416626,,comida,
42.283,-0.9701529741287231,1.5905609130859375,5.51537561416626,,comida,
42.336,-0.9701529741287231,1.5905609130859375,5.51537561416626,,comida,
42.36,-0.9701529741287231,1.5905609130859375,5.51537561416626,,comida,
42.399,-0.9701529741287231,1.5905609130859375,5.51537561416626,,comida,
42.467,-0.9701529741287231,1.5905609130859375,5.51537561416626,,comida,
42.49,-0.9701529741287231,1.5905609130859375,5.51537561416626,,comida,
42.529,-0.9701529741287231,1.5905609130859375,5.51537561416626,,comida,
42.59,-0.9701529741287231,1.5905609130859375,5.51537561416626,apple,comida,2
42.61,-0.9701529741287231,1.5905609130859375,5.51537561416626,apple,comida,2
42.647,-0.9701529741287231,1.5905609130859375,5.51537561416626,apple,comida,2
42.705,-0.9701529741287231,1.5905609130859375,5.51537561416626,,comida,
42.73,-0.9701529741287231,1.5905609130859375,5.51537561416626,,comida,
42.769,-0.9701529741287231,1.5905609130859375,5.51537561416626,,comida,
42.819,-0.9701529741287231,1.5905609130859375,5.51537561416626,,comida,
42.844,-0.9701529741287231,1.5905609130859375,5.51537561416626,,comida,
42.882,-0.9701529741287231,1.5905609130859375,5.51537561416626,,comida,
42.946,-0.9701529741287231,1.5905609130859375,5.51537561416626,,comida,
42.969,-0.9701529741287231,1.5905609130859375,5.51537561416626,,comida,
43.006,-0.9701529741287231,1.5905609130859375,5.51537561416626,,comida,
43.062,-0.9701529741287231,1.5905609130859375,5.51537561416626,,comida,
43.086,-0.9701529741287231,1.5905609130859375,5.51537561416626,,comida,
43.126,-0.9701529741287231,1.5905609130859375,5.51537561416626,,comida,
43.178,-0.9701529741287231,1.5905609130859375,5.51537561416626,,comida,
43.204,-0.9701529741287231,1.5905609130859375,5.51537561416626,,comida,
43.242,-0.9701529741287231,1.5905609130859375,5.51537561416626,,comida,
43.299,-0.9701529741287231,1.5905609130859375,5.51537561416626,,comida,
43.322,-0.9701529741287231,1.5905609130859375,5.51537561416626,,comida,
43.363,-0.9701529741287231,1.5905609130859375,5.51537561416626,,comida,
43.419,-0.9701529741287231,1.5905609130859375,5.51537561416626,apple,comida,2
43.44,-0.9701529741287231,1.5905609130859375,5.51537561416626,apple,comida,2
43.479,-0.9701529741287231,1.5905609130859375,5.51537561416626,apple,comida,2
43.534,-0.9701529741287231,1.5905609130859375,5.51537561416626,,comida,
43.56,-0.9701529741287231,1.5905609130859375,5.51537561416626,,comida,
43.595,-0.9701529741287231,1.5905609130859375,5.51537561416626,,comida,
43.65,-0.9701529741287231,1.5905609130859375,5.51537561416626,,comida,
43.675,-0.9701529741287231,1.5905609130859375,5.51537561416626,,comida,
43.713,-0.9701529741287231,1.5905609130859375,5.51537561416626,,comida,
43.772,-0.9701529741287231,1.5905609130859375,5.51537561416626,apple,comida,2
43.793,-0.9701529741287231,1.5905609130859375,5.51537561416626,apple,comida,2
43.832,-0.9701529741287231,1.5905609130859375,5.51537561416626,apple,comida,2
43.887,-0.9701529741287231,1.5905609130859375,5.51537561416626,,comida,
43.91,-0.9701529741287231,1.5905609130859375,5.51537561416626,,comida,
43.95,-0.9701529741287231,1.5905609130859375,5.51537561416626,,comida,
44.004,-0.9701529741287231,1.5905609130859375,5.51537561416626,,comida,
44.028,-0.9701529741287231,1.5905609130859375,5.51537561416626,,comida,
44.068,-0.9701529741287231,1.5905609130859375,5.51537561416626,,comida,
44.124,-0.9701529741287231,1.5905609130859375,5.51537561416626,apple,comida,2
44.144,-0.9701529741287231,1.5905609130859375,5.51537561416626,apple,comida,2
44.186,-0.9701529741287231,1.5905609130859375,5.51537561416626,apple,comida,2
44.239,-0.9701529741287231,1.5905609130859375,5.51537561416626,apple,comida,2
44.263,-0.9701529741287231,1.5905609130859375,5.51537561416626,apple,comida,2
44.301,-0.9701529741287231,1.5905609130859375,5.51537561416626,apple,comida,2
44.358,-0.9701529741287231,1.5905609130859375,5.51537561416626,apple,comida,2
44.38,-0.9701529741287231,1.5905609130859375,5.51537561416626,apple,comida,2
44.417,-0.9701529741287231,1.5905609130859375,5.51537561416626,apple,comida,2
44.474,-0.9701529741287231,1.5905609130859375,5.51537561416626,apple,comida,2
44.495,-0.9701529741287231,1.5905609130859375,5.51537561416626,apple,comida,2
44.534,-0.9701529741287231,1.5905609130859375,5.51537561416626,apple,comida,2
44.596,-0.9701529741287231,1.5905609130859375,5.51537561416626,apple,comida,2
44.613,-0.9701529741287231,1.5905609130859375,5.51537561416626,apple,comida,2
44.654,-0.9701529741287231,1.5905609130859375,5.51537561416626,apple,comida,2
44.655,-0.9701529741287231,1.5905609130859375,5.51537561416626,apple,comida,2
44.711,-0.9701529741287231,1.5905609130859375,5.51537561416626,apple,comida,2
44.735,-0.9701529741287231,1.5905609130859375,5.51537561416626,apple,comida,2
44.777,-0.9701529741287231,1.5905609130859375,5.51537561416626,apple,comida,2
44.832,-0.9701529741287231,1.5905609130859375,5.51537561416626,apple,comida,2
44.855,-0.9701529741287231,1.5905609130859375,5.51537561416626,apple,comida,2
44.893,-0.9701529741287231,1.5905609130859375,5.51537561416626,apple,comida,2
44.953,-0.9701529741287231,1.5905609130859375,5.51537561416626,apple,comida,2
44.974,-0.9701529741287231,1.5905609130859375,5.51537561416626,apple,comida,2
45.013,-0.9701529741287231,1.5905609130859375,5.51537561416626,apple,comida,2
45.075,-0.9701529741287231,1.5905609130859375,5.51537561416626,,comida,
45.092,-0.9701529741287231,1.5905609130859375,5.51537561416626,,comida,
45.132,-0.9701529741287231,1.5905609130859375,5.51537561416626,,comida,
45.189,-0.9701529741287231,1.5905609130859375,5.51537561416626,,comida,
45.212,-0.9701529741287231,1.5905609130859375,5.51537561416626,,comida,
45.25,-0.9701529741287231,1.5905609130859375,5.51537561416626,,comida,
45.31,-0.9701529741287231,1.5905609130859375,5.51537561416626,,comida,
45.346,-0.9701529741287231,1.5905609130859375,5.51537561416626,,comida,
45.384,-0.9701529741287231,1.5905609130859375,5.51537561416626,,comida,
45.451,-0.9701529741287231,1.5905609130859375,5.51537561416626,,comida,
45.47,-0.9701529741287231,1.5905609130859375,5.51537561416626,,comida,
45.506,-0.9701529741287231,1.5905609130859375,5.51537561416626,,comida,
45.563,-0.9701529741287231,1.5905609130859375,5.51537561416626,,comida,
45.586,-0.9701529741287231,1.5905609130859375,5.51537561416626,,comida,
45.625,-0.9701529741287231,1.5905609130859375,5.51537561416626,,comida,
45.68,-0.9701529741287231,1.5905609130859375,5.51537561416626,,comida,
45.711,-0.9701529741287231,1.5905609130859375,5.51537561416626,,comida,
45.751,-0.9701529741287231,1.5905609130859375,5.51537561416626,,comida,
45.803,-0.9701529741287231,1.5905609130859375,5.51537561416626,,comida,
45.826,-0.9701529741287231,1.5905609130859375,5.51537561416626,,comida,
45.869,-0.9701529741287231,1.5905609130859375,5.51537561416626,,comida,
45.925,-0.9701529741287231,1.5905609130859375,5.51537561416626,,comida,
45.949,-0.9701529741287231,1.5905609130859375,5.51537561416626,,comida,
45.985,-0.9701529741287231,1.5905609130859375,5.51537561416626,,comida,
46.041,-0.9701529741287231,1.5905609130859375,5.51537561416626,,comida,
46.062,-0.9701529741287231,1.5905609130859375,5.51537561416626,,comida,
46.104,-0.9701529741287231,1.5905609130859375,5.51537561416626,,comida,
46.159,-0.9701529741287231,1.5905609130859375,5.51537561416626,,comida,
46.186,-0.9701529741287231,1.5905609130859375,5.51537561416626,,comida,
46.226,-0.9701529741287231,1.5905609130859375,5.51537561416626,,comida,
46.281,-0.9701529741287231,1.5905609130859375,5.51537561416626,,comida,
46.305,-0.9701529741287231,1.5905609130859375,5.51537561416626,,comida,
46.345,-0.9701529741287231,1.5905609130859375,5.51537561416626,,comida,
46.402,-0.9701529741287231,1.5905609130859375,5.51537561416626,,comida,
46.426,-0.9701529741287231,1.5905609130859375,5.51537561416626,,comida,
46.462,-0.9701529741287231,1.5905609130859375,5.51537561416626,,comida,
46.52,-0.9701529741287231,1.5905609130859375,5.51537561416626,,comida,
46.543,-0.9701529741287231,1.5905609130859375,5.51537561416626,,comida,
46.58,-0.9701529741287231,1.5905609130859375,5.51537561416626,,comida,
46.633,-0.9701529741287231,1.5905609130859375,5.51537561416626,,comida,
46.659,-0.9701529741287231,1.5905609130859375,5.51537561416626,,comida,
46.697,-0.9701529741287231,1.5905609130859375,5.51537561416626,,comida,
46.751,-0.9701529741287231,1.5905609130859375,5.51537561416626,,comida,
46.774,-0.9701529741287231,1.5905609130859375,5.51537561416626,,comida,
46.814,-0.9701529741287231,1.5905609130859375,5.51537561416626,,comida,
46.869,-0.9701529741287231,1.5905609130859375,5.51537561416626,,comida,
46.893,-0.9701529741287231,1.5905609130859375,5.51537561416626,,comida,
46.932,-0.9701529741287231,1.5905609130859375,5.51537561416626,,comida,
46.988,-0.9701529741287231,1.5905609130859375,5.51537561416626,,comida,
47.015,-0.9701529741287231,1.5905609130859375,5.51537561416626,,comida,
47.052,-0.9701529741287231,1.5905609130859375,5.51537561416626,,comida,
47.109,-0.9701529741287231,1.5905609130859375,5.51537561416626,,comida,
47.13,-0.9701529741287231,1.5905609130859375,5.51537561416626,,comida,
47.167,-1.0191645622253418,1.580763578414917,5.514006614685059,,comida,
47.221,-1.0681761503219604,1.5709662437438965,5.512637615203857,,comida,
47.241,-1.117187738418579,1.561168909072876,5.511268615722656,,comida,
47.279,-1.1661993265151978,1.5513715744018555,5.509899616241455,,comida,
47.336,-1.2152109146118164,1.541574239730835,5.508530616760254,,comida,
47.359,-1.264222502708435,1.5317769050598145,5.507161617279053,,comida,
47.4,-1.3132340908050537,1.521979570388794,5.505792617797852,,comida,
47.458,-1.3622456789016724,1.5121822357177734,5.50442361831665,,comida,
47.479,-1.411257266998291,1.502384901046753,5.503054618835449,,comida,
47.515,-1.4602688550949097,1.4925875663757324,5.501685619354248,,comida,
47.567,-1.5092804431915283,1.482790231704712,5.500316619873047,,comida,
47.589,-1.558292031288147,1.4729928970336914,5.498947620391846,,comida,
47.628,-1.6073036193847656,1.463195562362671,5.4975786209106445,,comida,
47.678,-1.6563152074813843,1.4533982276916504,5.496209621429443,,comida,
47.7,-1.705326795578003,1.4436008930206299,5.494840621948242,,comida,
47.739,-1.7543554306030273,1.4338891506195068,5.493471145629883,,comida,
47.792,-1.8036994934082031,1.425895094871521,5.492351531982422,,comida,
47.813,-1.8533120155334473,1.4198015928268433,5.491138935089111,,comida,
47.85,-1.9030277729034424,1.4146620035171509,5.489750385284424,,comida,
47.903,-1.9527864456176758,1.4099565744400024,5.488360404968262,,comida,
47.927,-2.002599000930786,1.4058597087860107,5.486968994140625,,comida,
47.965,-2.052443265914917,1.4021108150482178,5.485750675201416,,comida,
48.017,-2.1023495197296143,1.3992326259613037,5.484705448150635,,comida,
48.039,-2.152310848236084,1.3973132371902466,5.484269618988037,,comida,
48.077,-2.202293634414673,1.3960044384002686,5.484269618988037,,comida,
48.132,-2.252277374267578,1.3947827816009521,5.484618663787842,,comida,
48.151,-2.302259683609009,1.3935611248016357,5.485142230987549,,comida,
48.191,-2.352243185043335,1.3924267292022705,5.485753059387207,,comida,
48.244,-2.402221202850342,1.3912923336029053,5.486712455749512,,comida,
48.264,-2.4521992206573486,1.39015793800354,5.487671852111816,,comida,
48.306,-2.5021772384643555,1.3890235424041748,5.488631248474121,,comida,
48.365,-2.5521552562713623,1.3878891468048096,5.489590644836426,,comida,
48.387,-2.602133274078369,1.3867547512054443,5.4905500411987305,,comida,
48.426,-2.652111291885376,1.385620355606079,5.491509437561035,,comida,
48.478,-2.702089309692383,1.3844859600067139,5.49246883392334,,comida,
48.503,-2.7520673274993896,1.3833515644073486,5.4934282302856445,,comida,
48.543,-2.8020453453063965,1.3822171688079834,5.494387626647949,,comida,
48.597,-2.8520233631134033,1.3810827732086182,5.495347023010254,,comida,
48.622,-2.90200138092041,1.379948377609253,5.496306419372559,,comida,
48.659,-2.951979398727417,1.3788139820098877,5.497265815734863,,comida,
48.714,-3.001955509185791,1.3776795864105225,5.498312473297119,,comida,
48.736,-3.0519278049468994,1.3765451908111572,5.499533653259277,,comida,
48.774,-3.101895332336426,1.375410795211792,5.500929355621338,,comida,
48.827,-3.1518630981445312,1.3742763996124268,5.502325057983398,,comida,
48.85,-3.2018308639526367,1.3731420040130615,5.503720760345459,,comida,
48.89,-3.251796007156372,1.3720076084136963,5.505203723907471,,comida,
48.942,-3.301755666732788,1.370873212814331,5.506861209869385,,comida,
48.966,-3.351715326309204,1.3697388172149658,5.508518695831299,,comida,
49.005,-3.40167498588562,1.3686044216156006,5.510176181793213,,comida,
49.058,-3.451634645462036,1.3674700260162354,5.511833667755127,,comida,
49.083,-3.501594305038452,1.3663356304168701,5.513491153717041,,comida,
49.121,-3.551553964614868,1.3652012348175049,5.515148639678955,,comida,
49.187,-3.601513624191284,1.3640668392181396,5.516806125640869,,comida,
49.203,-3.6514732837677,1.3629324436187744,5.518463611602783,,comida,
49.241,-3.701432943344116,1.3617980480194092,5.520121097564697,,comida,
49.294,-3.7513926029205322,1.360663652420044,5.521778583526611,,comida,
49.318,-3.7513926029205322,1.360663652420044,5.521778583526611,,comida,
49.355,-3.7513926029205322,1.360663652420044,5.521778583526611,,comida,
49.414,-3.7513926029205322,1.360663652420044,5.521778583526611,,comida,
49.435,-3.7513926029205322,1.360663652420044,5.521778583526611,,comida,
49.475,-3.7513926029205322,1.360663652420044,5.521778583526611,,comida,
49.529,-3.7513926029205322,1.360663652420044,5.521778583526611,,comida,
49.554,-3.7513926029205322,1.360663652420044,5.521778583526611,,comida,
49.59,-3.7513926029205322,1.360663652420044,5.521778583526611,,comida,
49.644,-3.7513926029205322,1.360663652420044,5.521778583526611,,comida,
49.668,-3.7513926029205322,1.360663652420044,5.521778583526611,,comida,
49.707,-3.7513926029205322,1.360663652420044,5.521778583526611,,comida,
49.766,-3.75252628326416,1.4106507301330566,5.521816253662109,,comida,
49.786,-3.753659963607788,1.4606378078460693,5.521853923797607,,comida,
49.826,-3.754793643951416,1.510624885559082,5.5218915939331055,,comida,
49.885,-3.755927324295044,1.5606119632720947,5.5219292640686035,,comida,
49.904,-3.757061004638672,1.6105990409851074,5.521966934204102,,comida,
49.943,-3.7581946849823,1.6605861186981201,5.5220046043396,,comida,
50.007,-3.7593283653259277,1.7105731964111328,5.522042274475098,,comida,
50.022,-3.7604620456695557,1.7605602741241455,5.522079944610596,,comida,
50.062,-3.7615957260131836,1.8105473518371582,5.522117614746094,,comida,
50.113,-3.7627294063568115,1.860534429550171,5.522155284881592,,comida,
50.139,-3.7638630867004395,1.9105215072631836,5.52219295501709,,comida,
50.177,-3.7649967670440674,1.9605085849761963,5.522230625152588,,comida,
50.239,-3.7661304473876953,2.010495662689209,5.522268295288086,,comida,
50.258,-3.7672641277313232,2.0604827404022217,5.522305965423584,,comida,
50.296,-3.768397808074951,2.1104698181152344,5.522343635559082,,comida,
50.355,-3.769531488418579,2.160456895828247,5.52238130569458,,comida,
50.375,-3.770665168762207,2.2104439735412598,5.522418975830078,,comida,
50.415,-3.771798849105835,2.2604310512542725,5.522456645965576,,comida,
50.466,-3.772932529449463,2.310418128967285,5.522494316101074,,comida,
50.49,-3.774066209793091,2.360405206680298,5.522531986236572,,comida,
50.53,-3.7751998901367188,2.4103922843933105,5.52256965637207,,comida,
50.583,-3.7763335704803467,2.4603793621063232,5.522607326507568,,comida,
50.608,-3.7774672508239746,2.510366439819336,5.522644996643066,,comida,
50.646,-3.7786009311676025,2.5603535175323486,5.5226826667785645,,comida,
50.704,-3.7797346115112305,2.6103405952453613,5.5227203369140625,,comida,
50.726,-3.7808682918548584,2.660327672958374,5.5227580070495605,,comida,
50.764,-3.7820019721984863,2.7103147506713867,5.522795677185059,,comida,
50.826,-3.7831356525421143,2.7603018283843994,5.522833347320557,,comida,
50.843,-3.784269332885742,2.810288906097412,5.522871017456055,,comida,
50.881,-3.78540301322937,2.860275983810425,5.522908687591553,,comida,
50.938,-3.786536693572998,2.9102630615234375,5.522946357727051,,comida,
50.959,-3.787670373916626,2.96025013923645,5.522984027862549,,comida,
51.0,-3.788804054260254,3.010237216949463,5.523021697998047,,comida,
51.056,-3.789937734603882,3.0602242946624756,5.523059368133545,,comida,
51.077,-3.7910714149475098,3.1102113723754883,5.523097038269043,,comida,
51.124,-3.7922050952911377,3.160198450088501,5.523134708404541,,comida,
51.177,-3.7933387756347656,3.2101855278015137,5.523172378540039,,comida,
51.199,-3.7933387756347656,3.2101855278015137,5.523172378540039,,comida,
51.238,-3.7933387756347656,3.2101855278015137,5.523172378540039,,comida,
51.297,-3.7933387756347656,3.2101855278015137,5.523172378540039,,comida,
51.318,-3.7933387756347656,3.2101855278015137,5.523172378540039,,comida,
51.357,-3.7933387756347656,3.2101855278015137,5.523172378540039,,comida,
51.41,-3.7933387756347656,3.2101855278015137,5.523172378540039,,comida,
51.436,-3.7933387756347656,3.2101855278015137,5.523172378540039,,comida,
51.473,-3.7933387756347656,3.2101855278015137,5.523172378540039,,comida,
51.525,-3.7933387756347656,3.2101855278015137,5.523172378540039,,comida,
51.548,-3.7933387756347656,3.2101855278015137,5.523172378540039,,comida,
51.59,-3.7933387756347656,3.2101855278015137,5.523172378540039,,comida,
51.643,-3.7933387756347656,3.2101855278015137,5.523172378540039,,comida,
51.668,-3.7933387756347656,3.2101855278015137,5.523172378540039,,comida,
51.706,-3.7933387756347656,3.2101855278015137,5.523172378540039,,comida,
51.76,-3.7933387756347656,3.2101855278015137,5.523172378540039,,comida,
51.786,-3.7933387756347656,3.2101855278015137,5.523172378540039,,comida,
51.824,-3.7933387756347656,3.2101855278015137,5.523172378540039,,comida,
51.895,-3.7933387756347656,3.2101855278015137,5.523172378540039,,comida,
51.918,-3.7933387756347656,3.2101855278015137,5.523172378540039,,comida,
51.955,-3.7933387756347656,3.2101855278015137,5.523172378540039,,comida,
52.01,-3.7933387756347656,3.2101855278015137,5.523172378540039,,comida,
52.033,-3.7933387756347656,3.2101855278015137,5.523172378540039,,comida,
52.075,-3.7933387756347656,3.2101855278015137,5.523172378540039,,comida,
52.129,-3.7933387756347656,3.2101855278015137,5.523172378540039,,comida,
52.15,-3.7933387756347656,3.2101855278015137,5.523172378540039,,comida,
52.188,-3.7933387756347656,3.2101855278015137,5.523172378540039,,comida,
52.246,-3.7933387756347656,3.2101855278015137,5.523172378540039,,comida,
52.268,-3.7933387756347656,3.2101855278015137,5.523172378540039,,comida,
52.307,-3.7933387756347656,3.2101855278015137,5.523172378540039,,comida,
52.363,-3.7933387756347656,3.2101855278015137,5.523172378540039,,comida,
52.385,-3.7933387756347656,3.2101855278015137,5.523172378540039,,comida,
52.423,-3.7933387756347656,3.2101855278015137,5.523172378540039,,comida,
52.482,-3.7933387756347656,3.2101855278015137,5.523172378540039,,comida,
52.504,-3.7933387756347656,3.2101855278015137,5.523172378540039,,comida,
52.543,-3.7933387756347656,3.2101855278015137,5.523172378540039,,comida,
52.597,-3.7933387756347656,3.2101855278015137,5.523172378540039,,comida,
52.62,-3.7933387756347656,3.2101855278015137,5.523172378540039,,comida,
52.658,-3.7933387756347656,3.2101855278015137,5.523172378540039,,comida,
52.719,-3.7933387756347656,3.2101855278015137,5.523172378540039,,comida,
52.735,-3.7933387756347656,3.2101855278015137,5.523172378540039,,comida,
52.773,-3.7933387756347656,3.2101855278015137,5.523172378540039,,comida,
52.824,-3.7933387756347656,3.2101855278015137,5.523172378540039,,comida,
52.851,-3.7933387756347656,3.2101855278015137,5.523172378540039,,comida,
52.891,-3.7933387756347656,3.2101855278015137,5.523172378540039,,comida,
52.947,-3.7933387756347656,3.2101855278015137,5.523172378540039,,comida,
52.97,-3.7933387756347656,3.2101855278015137,5.523172378540039,,comida,
53.012,-3.7933387756347656,3.2101855278015137,5.523172378540039,,comida,
53.063,-3.7933387756347656,3.2101855278015137,5.523172378540039,,comida,
53.09,-3.7933387756347656,3.2101855278015137,5.523172378540039,,comida,
53.13,-3.7933387756347656,3.2101855278015137,5.523172378540039,,comida,
53.186,-3.7933387756347656,3.2101855278015137,5.523172378540039,,comida,
53.208,-3.7933387756347656,3.2101855278015137,5.523172378540039,,comida,
53.247,-3.7933387756347656,3.2101855278015137,5.523172378540039,,comida,
53.305,-3.7933387756347656,3.2101855278015137,5.523172378540039,,comida,
53.327,-3.7933387756347656,3.2101855278015137,5.523172378540039,,comida,
53.367,-3.7933387756347656,3.2101855278015137,5.523172378540039,,comida,
53.429,-3.7933387756347656,3.2101855278015137,5.523172378540039,,comida,
53.446,-3.7933387756347656,3.2101855278015137,5.523172378540039,,comida,
53.483,-3.7933387756347656,3.2101855278015137,5.523172378540039,,comida,
53.535,-3.7933387756347656,3.2101855278015137,5.523172378540039,,comida,
53.558,-3.7933387756347656,3.2101855278015137,5.523172378540039,,comida,
53.598,-3.7933387756347656,3.2101855278015137,5.523172378540039,,comida,
53.656,-3.7933387756347656,3.2101855278015137,5.523172378540039,,comida,
53.675,-3.7933387756347656,3.2101855278015137,5.523172378540039,,comida,
53.715,-3.7933387756347656,3.2101855278015137,5.523172378540039,,comida,
53.77,-3.7933387756347656,3.2101855278015137,5.523172378540039,,comida,
53.792,-3.7933387756347656,3.2101855278015137,5.523172378540039,,comida,
53.829,-3.7933387756347656,3.2101855278015137,5.523172378540039,,comida,
53.885,-3.7933387756347656,3.2101855278015137,5.523172378540039,,comida,
53.906,-3.7933387756347656,3.2101855278015137,5.523172378540039,,comida,
53.946,-3.7933387756347656,3.2101855278015137,5.523172378540039,,comida,
54.003,-3.7933387756347656,3.2101855278015137,5.523172378540039,,comida,
54.023,-3.7933387756347656,3.2101855278015137,5.523172378540039,,comida,
54.062,-3.7933387756347656,3.2101855278015137,5.523172378540039,,comida,
54.124,-3.7933387756347656,3.2101855278015137,5.523172378540039,,comida,
54.139,-3.7933387756347656,3.2101855278015137,5.523172378540039,,comida,
54.178,-3.7933387756347656,3.2101855278015137,5.523172378540039,,comida,
54.239,-3.7933387756347656,3.2101855278015137,5.523172378540039,,comida,
54.257,-3.7933387756347656,3.2101855278015137,5.523172378540039,,comida,
54.296,-3.7933387756347656,3.2101855278015137,5.523172378540039,,comida,
54.352,-3.7933387756347656,3.2101855278015137,5.523172378540039,,comida,
54.375,-3.7933387756347656,3.2101855278015137,5.523172378540039,,comida,
54.413,-3.7933387756347656,3.2101855278015137,5.523172378540039,,comida,
54.463,-3.7933387756347656,3.2101855278015137,5.523172378540039,,comida,
54.49,-3.7933387756347656,3.2101855278015137,5.523172378540039,,comida,
54.526,-3.7933387756347656,3.2101855278015137,5.523172378540039,,comida,
54.585,-3.7933387756347656,3.2101855278015137,5.523172378540039,,comida,
54.606,-3.7933387756347656,3.2101855278015137,5.523172378540039,,comida,
54.644,-3.7933387756347656,3.2101855278015137,5.523172378540039,,comida,
54.703,-3.7933387756347656,3.2101855278015137,5.523172378540039,,comida,
54.725,-3.7933387756347656,3.2101855278015137,5.523172378540039,,comida,
54.764,-3.7933387756347656,3.2101855278015137,5.523172378540039,,comida,
54.819,-3.7933387756347656,3.2101855278015137,5.523172378540039,,comida,
54.846,-3.7933387756347656,3.2101855278015137,5.523172378540039,,comida,
54.884,-3.7933387756347656,3.2101855278015137,5.523172378540039,,comida,
54.938,-3.7933387756347656,3.2101855278015137,5.523172378540039,apple,comida,4
54.961,-3.7933387756347656,3.2101855278015137,5.523172378540039,apple,comida,4
54.962,-3.7933387756347656,3.2101855278015137,5.523172378540039,apple,comida,4
55.001,-3.7933387756347656,3.2101855278015137,5.523172378540039,apple,comida,4
55.061,-3.7933387756347656,3.2101855278015137,5.523172378540039,apple,comida,4
55.082,-3.7933387756347656,3.2101855278015137,5.523172378540039,apple,comida,4
55.123,-3.7933387756347656,3.2101855278015137,5.523172378540039,apple,comida,4
55.183,-3.7933387756347656,3.2101855278015137,5.523172378540039,apple,comida,4
55.203,-3.7933387756347656,3.2101855278015137,5.523172378540039,apple,comida,4
55.241,-3.7933387756347656,3.2101855278015137,5.523172378540039,apple,comida,4
55.298,-3.7933387756347656,3.2101855278015137,5.523172378540039,apple,comida,4
55.319,-3.7933387756347656,3.2101855278015137,5.523172378540039,apple,comida,4
55.358,-3.7933387756347656,3.2101855278015137,5.523172378540039,apple,comida,4
55.414,-3.7933387756347656,3.2101855278015137,5.523172378540039,apple,comida,4
55.439,-3.7933387756347656,3.2101855278015137,5.523172378540039,apple,comida,4
55.477,-3.7933387756347656,3.2101855278015137,5.523172378540039,apple,comida,4
55.536,-3.7933387756347656,3.2101855278015137,5.523172378540039,apple,comida,4
55.556,-3.7933387756347656,3.2101855278015137,5.523172378540039,apple,comida,4
55.594,-3.7933387756347656,3.2101855278015137,5.523172378540039,apple,comida,4
55.655,-3.7933387756347656,3.2101855278015137,5.523172378540039,,comida,
55.675,-3.7933387756347656,3.2101855278015137,5.523172378540039,,comida,
55.712,-3.7933387756347656,3.2101855278015137,5.523172378540039,,comida,
55.772,-3.7933387756347656,3.2101855278015137,5.523172378540039,,comida,
55.793,-3.7933387756347656,3.2101855278015137,5.523172378540039,,comida,
55.833,-3.7933387756347656,3.2101855278015137,5.523172378540039,,comida,
55.889,-3.7933387756347656,3.2101855278015137,5.523172378540039,,comida,
55.91,-3.7933387756347656,3.2101855278015137,5.523172378540039,,comida,
55.961,-3.7933387756347656,3.2101855278015137,5.523172378540039,,comida,
56.013,-3.7933387756347656,3.2101855278015137,5.523172378540039,,comida,
56.036,-3.7933387756347656,3.2101855278015137,5.523172378540039,,comida,
56.077,-3.7933387756347656,3.2101855278015137,5.523172378540039,,comida,
56.137,-3.7933387756347656,3.2101855278015137,5.523172378540039,,comida,
56.161,-3.7933387756347656,3.2101855278015137,5.523172378540039,,comida,
56.2,-3.7933387756347656,3.2101855278015137,5.523172378540039,,comida,
56.26,-3.7933387756347656,3.2101855278015137,5.523172378540039,,comida,
56.282,-3.7933387756347656,3.2101855278015137,5.523172378540039,,comida,
56.32,-3.7933387756347656,3.2101855278015137,5.523172378540039,,comida,
56.378,-3.7933387756347656,3.2101855278015137,5.523172378540039,,comida,
56.398,-3.7933387756347656,3.2101855278015137,5.523172378540039,,comida,
56.436,-3.7933387756347656,3.2101855278015137,5.523172378540039,,comida,
56.494,-3.7933387756347656,3.2101855278015137,5.523172378540039,,comida,
56.517,-3.7933387756347656,3.2101855278015137,5.523172378540039,,comida,
56.554,-3.7933387756347656,3.2101855278015137,5.523172378540039,,comida,
56.611,-3.7933387756347656,3.2101855278015137,5.523172378540039,,comida,
56.631,-3.7933387756347656,3.2101855278015137,5.523172378540039,,comida,
56.669,-3.7933387756347656,3.2101855278015137,5.523172378540039,,comida,
56.73,-3.7933387756347656,3.2101855278015137,5.523172378540039,,comida,
56.753,-3.7933387756347656,3.2101855278015137,5.523172378540039,,comida,
56.792,-3.8424744606018066,3.20107364654541,5.521542549133301,,comida,
56.849,-3.8916101455688477,3.1919617652893066,5.5199127197265625,,comida,
56.873,-3.9407458305358887,3.182849884033203,5.518282890319824,,comida,
56.911,-3.9898815155029297,3.1737380027770996,5.516653060913086,,comida,
56.972,-4.039017200469971,3.164626121520996,5.515023231506348,,comida,
56.993,-4.088152885437012,3.1555142402648926,5.513393402099609,,comida,
57.03,-4.137288570404053,3.146402359008789,5.511763572692871,,comida,
57.082,-4.186424255371094,3.1372904777526855,5.510133743286133,,comida,
57.105,-4.235559940338135,3.128178596496582,5.5085039138793945,,comida,
57.144,-4.284695625305176,3.1190667152404785,5.506874084472656,,comida,
57.195,-4.333831310272217,3.109954833984375,5.505244255065918,,comida,
57.217,-4.382966995239258,3.1008429527282715,5.50361442565918,,comida,
57.255,-4.432102680206299,3.091731071472168,5.501984596252441,,comida,
57.312,-4.48123836517334,3.0826191902160645,5.500354766845703,,comida,
57.333,-4.530374050140381,3.073507308959961,5.498724937438965,,comida,
57.368,-4.579509735107422,3.0643954277038574,5.497095108032227,,comida,
57.42,-4.628645420074463,3.055283546447754,5.495465278625488,,comida,
57.442,-4.677781105041504,3.0461716651916504,5.49383544921875,,comida,
57.482,-4.726916790008545,3.037059783935547,5.492205619812012,,comida,
57.538,-4.776052474975586,3.0279479026794434,5.490575790405273,,comida,
57.559,-4.825188159942627,3.01883602142334,5.488945960998535,,comida,
57.597,-4.874323844909668,3.0097241401672363,5.487316131591797,,comida,
57.648,-4.923459529876709,3.000612258911133,5.485686302185059,,comida,
57.671,-4.97259521484375,2.9915003776550293,5.48405647277832,,comida,
57.71,-5.021730899810791,2.982388496398926,5.482426643371582,,comida,
57.769,-5.070866584777832,2.9732766151428223,5.480796813964844,,comida,
57.784,-5.120002269744873,2.9641647338867188,5.4791669845581055,,comida,
57.823,-5.1691060066223145,2.954881429672241,5.477538108825684,,comida,
57.873,-5.218132019042969,2.945169687271118,5.476083278656006,,comida,
57.897,-5.26702880859375,2.934774160385132,5.4750590324401855,,comida,
57.934,-5.315855026245117,2.924037456512451,5.474206924438477,,comida,
57.989,-5.364645004272461,2.913130283355713,5.473440647125244,,comida,
58.013,-5.413379192352295,2.901967763900757,5.472845077514648,,comida,
58.049,-5.4620561599731445,2.890550136566162,5.4724202156066895,,comida,
58.101,-5.510653972625732,2.8787930011749268,5.472250461578369,,comida,
58.124,-5.55920934677124,2.86686635017395,5.472589492797852,,comida,
58.161,-5.607672691345215,2.8546009063720703,5.473519802093506,,comida,
58.213,-5.656063556671143,2.8420820236206055,5.474786758422852,,comida,
58.237,-5.704405784606934,2.8293941020965576,5.476221561431885,,comida,
58.273,-5.752748012542725,2.8167061805725098,5.477656364440918,,comida,
58.323,-5.801059722900391,2.80393385887146,5.479343414306641,,comida,
58.348,-5.849368572235107,2.79116153717041,5.481114864349365,,comida,
58.383,-5.897674083709717,2.7783892154693604,5.482970714569092,,comida,
58.437,-5.945976257324219,2.7656168937683105,5.48491096496582,,comida,
58.457,-5.994278430938721,2.7528445720672607,5.486851215362549,,comida,
58.495,-6.042562007904053,2.740072250366211,5.489212512969971,,comida,
58.548,-6.090832233428955,2.727299928665161,5.49182653427124,,comida,
58.569,-6.139078140258789,2.7145276069641113,5.494862079620361,,comida,
58.607,-6.187307357788086,2.7017552852630615,5.498149871826172,,comida,
58.656,-6.235558986663818,2.6890673637390137,5.501439094543457,,comida,
58.68,-6.283810615539551,2.676379442214966,5.504728317260742,,comida,
58.716,-6.332062244415283,2.663691520690918,5.508017539978027,,comida,
58.765,-6.380313873291016,2.65100359916687,5.5113067626953125,,comida,
58.79,-6.428565502166748,2.6383156776428223,5.514595985412598,,comida,
58.827,-6.4768171310424805,2.6256277561187744,5.517885208129883,,comida,
58.876,-6.525084495544434,2.6130242347717285,5.5212602615356445,,comida,
58.902,-6.573599815368652,2.6015217304229736,5.524993419647217,,comida,
58.939,-6.622257232666016,2.5906996726989746,5.5289082527160645,,comida,
58.987,-6.670956611633301,2.5801334381103516,5.5329976081848145,,comida,
59.013,-6.719692707061768,2.5697379112243652,5.537090301513672,,comida,
59.053,-6.7684645652771,2.5595130920410156,5.5411858558654785,,comida,
59.1,-6.817236423492432,2.549288272857666,5.545281410217285,,comida,
59.128,-6.866003513336182,2.5391488075256348,5.549633979797363,,comida,
59.163,-6.914770603179932,2.5290093421936035,5.553986549377441,,comida,
59.213,-6.963522434234619,2.5188698768615723,5.558509349822998,,comida,
59.239,-7.012283802032471,2.5088160037994385,5.5631184577941895,,comida,
59.278,-7.061028957366943,2.4987621307373047,5.567897796630859,,comida,
59.327,-7.109783172607422,2.4887938499450684,5.572763919830322,,comida,
59.352,-7.158536911010742,2.478825569152832,5.577630043029785,,comida,
59.388,-7.2072906494140625,2.4688572883605957,5.582496166229248,,comida,
59.439,-7.256044387817383,2.4588890075683594,5.587362289428711,,comida,
59.463,-7.304798126220703,2.448920726776123,5.592228412628174,,comida,
59.501,-7.353551864624023,2.4389524459838867,5.597094535827637,,comida,
59.552,-7.402305603027344,2.4289841651916504,5.6019606590271,,comida,
59.576,-7.451059341430664,2.419015884399414,5.6068267822265625,,comida,
59.614,-7.499813079833984,2.4090476036071777,5.611692905426025,,comida,
59.663,-7.548566818237305,2.3990793228149414,5.616559028625488,,comida,
59.688,-7.597320556640625,2.389111042022705,5.621425151824951,,comida,
59.727,-7.646074295043945,2.3791427612304688,5.626291275024414,,comida,
59.778,-7.694828033447266,2.3691744804382324,5.631157398223877,,comida,
59.802,-7.743581771850586,2.359206199645996,5.63602352142334,,comida,
59.839,-7.792335510253906,2.3492379188537598,5.640889644622803,,comida,
59.89,-7.841089248657227,2.3392696380615234,5.645755767822266,,comida,
59.913,-7.889842987060547,2.329301357269287,5.6506218910217285,,comida,
59.952,-7.938596725463867,2.319333076477051,5.655488014221191,,comida,
60.001,-7.987401962280273,2.3096213340759277,5.6603593826293945,,comida,
60.027,-8.036478042602539,2.301455020904541,5.66534423828125,,otros,
60.064,-8.085704803466797,2.294323682785034,5.670431137084961,,otros,
60.113,-8.135005950927734,2.287797451019287,5.675612926483154,,otros,
60.139,-8.184319496154785,2.2814443111419678,5.680882930755615,,otros,
60.176,-8.233654975891113,2.275264263153076,5.686155319213867,,otros,
60.226,-8.283012390136719,2.2693440914154053,5.691517353057861,,otros,
60.249,-8.332409858703613,2.264030933380127,5.697145462036133,,otros,
60.288,-8.381857872009277,2.2593255043029785,5.702867031097412,,otros,
60.338,-8.431343078613281,2.2554025650024414,5.708855152130127,,otros,
60.362,-8.480815887451172,2.2517406940460205,5.715105056762695,,otros,
60.398,-8.530288696289062,2.2480788230895996,5.721354961395264,,otros,
60.45,-8.579739570617676,2.2444169521331787,5.727777481079102,,otros,
60.474,-8.629196166992188,2.24084210395813,5.734200954437256,,otros,
60.511,-8.6786527633667,2.237267255783081,5.74062442779541,,otros,
60.561,-8.728086471557617,2.2336924076080322,5.747220516204834,,otros,
60.587,-8.777520179748535,2.2301175594329834,5.753816604614258,,otros,
60.623,-8.777520179748535,2.2301175594329834,5.753816604614258,,otros,
60.673,-8.777520179748535,2.2301175594329834,5.753816604614258,,otros,
60.696,-8.777520179748535,2.2301175594329834,5.753816604614258,,otros,
60.733,-8.777520179748535,2.2301175594329834,5.753816604614258,,otros,
60.782,-8.777520179748535,2.2301175594329834,5.753816604614258,,otros,
60.808,-8.777520179748535,2.2301175594329834,5.753816604614258,,otros,
60.846,-8.777520179748535,2.2301175594329834,5.753816604614258,,otros,
60.895,-8.777520179748535,2.2301175594329834,5.753816604614258,,otros,
60.92,-8.777520179748535,2.2301175594329834,5.753816604614258,,otros,
60.957,-8.777520179748535,2.2301175594329834,5.753816604614258,,otros,
61.005,-8.777520179748535,2.2301175594329834,5.753816604614258,,otros,
61.031,-8.777520179748535,2.2301175594329834,5.753816604614258,,otros,
61.069,-8.777520179748535,2.2301175594329834,5.753816604614258,,otros,
61.118,-8.777520179748535,2.2301175594329834,5.753816604614258,,otros,
61.143,-8.777520179748535,2.2301175594329834,5.753816604614258,,otros,
61.186,-8.777520179748535,2.2301175594329834,5.753816604614258,,otros,
61.248,-8.777520179748535,2.2301175594329834,5.753816604614258,,otros,
61.271,-8.777520179748535,2.2301175594329834,5.753816604614258,,otros,
61.312,-8.777520179748535,2.2301175594329834,5.753816604614258,,otros,
61.366,-8.777520179748535,2.2301175594329834,5.753816604614258,,otros,
61.391,-8.777520179748535,2.2301175594329834,5.753816604614258,,otros,
61.429,-8.777520179748535,2.2301175594329834,5.753816604614258,,otros,
61.477,-8.777520179748535,2.2301175594329834,5.753816604614258,,otros,
61.505,-8.777520179748535,2.2301175594329834,5.753816604614258,,otros,
61.544,-8.777520179748535,2.2301175594329834,5.753816604614258,,otros,
61.592,-8.777520179748535,2.2301175594329834,5.753816604614258,,otros,
61.626,-8.777520179748535,2.2301175594329834,5.753816604614258,,otros,
61.657,-8.777520179748535,2.2301175594329834,5.753816604614258,,otros,
61.703,-8.777520179748535,2.2301175594329834,5.753816604614258,,otros,
61.73,-8.777520179748535,2.2301175594329834,5.753816604614258,,otros,
61.766,-8.777520179748535,2.2301175594329834,5.753816604614258,,otros,
61.813,-8.777520179748535,2.2301175594329834,5.753816604614258,,otros,
61.84,-8.777520179748535,2.2301175594329834,5.753816604614258,,otros,
61.877,-8.777520179748535,2.2301175594329834,5.753816604614258,,otros,
61.927,-8.777520179748535,2.2301175594329834,5.753816604614258,,otros,
61.951,-8.777520179748535,2.2301175594329834,5.753816604614258,,otros,
61.99,-8.777520179748535,2.2301175594329834,5.753816604614258,,otros,
62.039,-8.777520179748535,2.2301175594329834,5.753816604614258,,otros,
62.063,-8.777520179748535,2.2301175594329834,5.753816604614258,,otros,
62.101,-8.777520179748535,2.2301175594329834,5.753816604614258,,otros,
62.15,-8.777520179748535,2.2301175594329834,5.753816604614258,,otros,
62.174,-8.777520179748535,2.2301175594329834,5.753816604614258,,otros,
62.21,-8.777520179748535,2.2301175594329834,5.753816604614258,,otros,
62.259,-8.777520179748535,2.2301175594329834,5.753816604614258,,otros,
62.284,-8.777520179748535,2.2301175594329834,5.753816604614258,,otros,
62.32,-8.777520179748535,2.2301175594329834,5.753816604614258,,otros,
62.371,-8.777520179748535,2.2301175594329834,5.753816604614258,,otros,
62.394,-8.777520179748535,2.2301175594329834,5.753816604614258,,otros,
62.433,-8.777520179748535,2.2301175594329834,5.753816604614258,,otros,
62.483,-8.777520179748535,2.2301175594329834,5.753816604614258,,otros,
62.508,-8.777520179748535,2.2301175594329834,5.753816604614258,,otros,
62.545,-8.777520179748535,2.2301175594329834,5.753816604614258,,otros,
62.595,-8.777520179748535,2.2301175594329834,5.753816604614258,,otros,
62.619,-8.777520179748535,2.2301175594329834,5.753816604614258,,otros,
62.655,-8.777520179748535,2.2301175594329834,5.753816604614258,,otros,
62.705,-8.777520179748535,2.2301175594329834,5.753816604614258,,otros,
62.728,-8.777520179748535,2.2301175594329834,5.753816604614258,,otros,
62.765,-8.777520179748535,2.2301175594329834,5.753816604614258,,otros,
62.816,-8.777520179748535,2.2301175594329834,5.753816604614258,,otros,
62.839,-8.777520179748535,2.2301175594329834,5.753816604614258,,otros,
62.876,-8.777520179748535,2.2301175594329834,5.753816604614258,,otros,
62.927,-8.777520179748535,2.2301175594329834,5.753816604614258,,otros,
62.952,-8.777520179748535,2.2301175594329834,5.753816604614258,,otros,
62.989,-8.777520179748535,2.2301175594329834,5.753816604614258,,otros,
63.049,-8.777520179748535,2.2301175594329834,5.753816604614258,,otros,
63.065,-8.777520179748535,2.2301175594329834,5.753816604614258,,otros,
63.101,-8.777520179748535,2.2301175594329834,5.753816604614258,,otros,
63.152,-8.777520179748535,2.2301175594329834,5.753816604614258,,otros,
63.178,-8.777520179748535,2.2301175594329834,5.753816604614258,,otros,
63.212,-8.777520179748535,2.2301175594329834,5.753816604614258,,otros,
63.262,-8.777520179748535,2.2301175594329834,5.753816604614258,,otros,
63.285,-8.777520179748535,2.2301175594329834,5.753816604614258,,otros,
63.33,-8.777520179748535,2.2301175594329834,5.753816604614258,,otros,
63.385,-8.777520179748535,2.2301175594329834,5.753816604614258,,otros,
63.404,-8.777520179748535,2.2301175594329834,5.753816604614258,,otros,
63.44,-8.777520179748535,2.2301175594329834,5.753816604614258,,otros,
63.495,-8.777520179748535,2.2301175594329834,5.753816604614258,,otros,
63.518,-8.777520179748535,2.2301175594329834,5.753816604614258,,otros,
63.556,-8.777520179748535,2.2301175594329834,5.753816604614258,,otros,
63.607,-8.777520179748535,2.2301175594329834,5.753816604614258,,otros,
63.63,-8.777520179748535,2.2301175594329834,5.753816604614258,,otros,
63.667,-8.777520179748535,2.2301175594329834,5.753816604614258,,otros,
63.716,-8.777520179748535,2.2301175594329834,5.753816604614258,,otros,
63.739,-8.777520179748535,2.2301175594329834,5.753816604614258,,otros,
63.776,-8.777520179748535,2.2301175594329834,5.753816604614258,,otros,
63.829,-8.777520179748535,2.2301175594329834,5.753816604614258,,otros,
63.848,-8.777520179748535,2.2301175594329834,5.753816604614258,,otros,
63.884,-8.777520179748535,2.2301175594329834,5.753816604614258,,otros,
63.937,-8.777520179748535,2.2301175594329834,5.753816604614258,,otros,
63.958,-8.777520179748535,2.2301175594329834,5.753816604614258,,otros,
63.995,-8.777520179748535,2.2301175594329834,5.753816604614258,,otros,
64.047,-8.777520179748535,2.2301175594329834,5.753816604614258,,otros,
64.069,-8.777520179748535,2.2301175594329834,5.753816604614258,,otros,
64.105,-8.777520179748535,2.2301175594329834,5.753816604614258,,otros,
64.157,-8.777520179748535,2.2301175594329834,5.753816604614258,,otros,
64.179,-8.777520179748535,2.2301175594329834,5.753816604614258,,otros,
64.218,-8.777520179748535,2.2301175594329834,5.753816604614258,,otros,
64.27,-8.777520179748535,2.2301175594329834,5.753816604614258,,otros,
64.293,-8.777520179748535,2.2301175594329834,5.753816604614258,,otros,
64.331,-8.777520179748535,2.2301175594329834,5.753816604614258,,otros,
64.382,-8.777520179748535,2.2301175594329834,5.753816604614258,,otros,
64.404,-8.777520179748535,2.2301175594329834,5.753816604614258,,otros,
64.445,-8.777520179748535,2.2301175594329834,5.753816604614258,,otros,
64.497,-8.777520179748535,2.2301175594329834,5.753816604614258,,otros,
64.518,-8.777520179748535,2.2301175594329834,5.753816604614258,,otros,
64.565,-8.777520179748535,2.2301175594329834,5.753816604614258,,otros,
64.617,-8.777520179748535,2.2301175594329834,5.753816604614258,,otros,
64.639,-8.777520179748535,2.2301175594329834,5.753816604614258,,otros,
64.675,-8.777520179748535,2.2301175594329834,5.753816604614258,,otros,
64.728,-8.777520179748535,2.2301175594329834,5.753816604614258,,otros,
64.75,-8.777520179748535,2.2301175594329834,5.753816604614258,,otros,
64.788,-8.777520179748535,2.2301175594329834,5.753816604614258,,otros,
64.84,-8.777520179748535,2.2301175594329834,5.753816604614258,,otros,
64.863,-8.777520179748535,2.2301175594329834,5.753816604614258,,otros,
64.902,-8.777520179748535,2.2301175594329834,5.753816604614258,,otros,
64.956,-8.777520179748535,2.2301175594329834,5.753816604614258,,otros,
64.976,-8.777520179748535,2.2301175594329834,5.753816604614258,,otros,
65.015,-8.777520179748535,2.2301175594329834,5.753816604614258,,otros,
65.068,-8.777520179748535,2.2301175594329834,5.753816604614258,,otros,
65.09,-8.777520179748535,2.2301175594329834,5.753816604614258,,otros,
65.128,-8.777520179748535,2.2301175594329834,5.753816604614258,,otros,
65.181,-8.777520179748535,2.2301175594329834,5.753816604614258,,otros,
65.202,-8.777520179748535,2.2301175594329834,5.753816604614258,,otros,
65.24,-8.777520179748535,2.2301175594329834,5.753816604614258,,otros,
65.29,-8.777520179748535,2.2301175594329834,5.753816604614258,,otros,
65.314,-8.777520179748535,2.2301175594329834,5.753816604614258,,otros,
65.352,-8.777520179748535,2.2301175594329834,5.753816604614258,,otros,
65.404,-8.777520179748535,2.2301175594329834,5.753816604614258,,otros,
65.427,-8.777520179748535,2.2301175594329834,5.753816604614258,,otros,
65.465,-8.777520179748535,2.2301175594329834,5.753816604614258,,otros,
65.517,-8.777520179748535,2.2301175594329834,5.753816604614258,,otros,
65.539,-8.777520179748535,2.2301175594329834,5.753816604614258,,otros,
65.577,-8.777520179748535,2.2301175594329834,5.753816604614258,,otros,
65.631,-8.777520179748535,2.2301175594329834,5.753816604614258,,otros,
65.654,-8.777520179748535,2.2301175594329834,5.753816604614258,,otros,
65.689,-8.777520179748535,2.2301175594329834,5.753816604614258,,otros,
65.744,-8.777520179748535,2.2301175594329834,5.753816604614258,,otros,
65.763,-8.777520179748535,2.2301175594329834,5.753816604614258,,otros,
65.799,-8.777520179748535,2.2301175594329834,5.753816604614258,,otros,
65.852,-8.777520179748535,2.2301175594329834,5.753816604614258,,otros,
65.875,-8.777520179748535,2.2301175594329834,5.753816604614258,,otros,
65.911,-8.777520179748535,2.2301175594329834,5.753816604614258,,otros,
65.963,-8.777520179748535,2.2301175594329834,5.753816604614258,,otros,
65.987,-8.777520179748535,2.2301175594329834,5.753816604614258,,otros,
66.024,-8.777520179748535,2.2301175594329834,5.753816604614258,,otros,
66.077,-8.777520179748535,2.2301175594329834,5.753816604614258,,otros,
66.101,-8.777520179748535,2.2301175594329834,5.753816604614258,,otros,
66.138,-8.777520179748535,2.2301175594329834,5.753816604614258,,otros,
66.193,-8.777520179748535,2.2301175594329834,5.753816604614258,,otros,
66.218,-8.777520179748535,2.2301175594329834,5.753816604614258,,otros,
66.254,-8.777520179748535,2.2301175594329834,5.753816604614258,,otros,
66.315,-8.777520179748535,2.2301175594329834,5.753816604614258,,otros,
66.353,-8.777520179748535,2.2301175594329834,5.753816604614258,,otros,
66.376,-8.777520179748535,2.2301175594329834,5.753816604614258,,otros,
66.436,-8.777520179748535,2.2301175594329834,5.753816604614258,,otros,
66.464,-8.777520179748535,2.2301175594329834,5.753816604614258,,otros,
66.499,-8.777520179748535,2.2301175594329834,5.753816604614258,,otros,
66.555,-8.777520179748535,2.2301175594329834,5.753816604614258,,otros,
66.578,-8.777520179748535,2.2301175594329834,5.753816604614258,,otros,
66.616,-8.777520179748535,2.2301175594329834,5.753816604614258,,otros,
66.673,-8.777520179748535,2.2301175594329834,5.753816604614258,,otros,
66.693,-8.777520179748535,2.2301175594329834,5.753816604614258,,otros,
66.732,-8.777520179748535,2.2301175594329834,5.753816604614258,,otros,
66.785,-8.777520179748535,2.2301175594329834,5.753816604614258,,otros,
66.808,-8.777520179748535,2.2301175594329834,5.753816604614258,,otros,
66.845,-8.777520179748535,2.2301175594329834,5.753816604614258,,otros,
66.903,-8.777520179748535,2.2301175594329834,5.753816604614258,,otros,
66.92,-8.777520179748535,2.2301175594329834,5.753816604614258,,otros,
66.957,-8.777520179748535,2.2301175594329834,5.753816604614258,,otros,
67.008,-8.777520179748535,2.2301175594329834,5.753816604614258,,otros,
67.032,-8.777520179748535,2.2301175594329834,5.753816604614258,,otros,
67.071,-8.777520179748535,2.2301175594329834,5.753816604614258,,otros,
67.123,-8.777520179748535,2.2301175594329834,5.753816604614258,,otros,
67.146,-8.777520179748535,2.2301175594329834,5.753816604614258,,otros,
67.183,-8.777520179748535,2.2301175594329834,5.753816604614258,,otros,
67.237,-8.777520179748535,2.2301175594329834,5.753816604614258,,otros,
67.256,-8.777520179748535,2.2301175594329834,5.753816604614258,,otros,
67.293,-8.777520179748535,2.2301175594329834,5.753816604614258,,otros,
67.345,-8.777520179748535,2.2301175594329834,5.753816604614258,,otros,
67.367,-8.777520179748535,2.2301175594329834,5.753816604614258,,otros,
67.404,-8.777520179748535,2.2301175594329834,5.753816604614258,,otros,
67.456,-8.777520179748535,2.2301175594329834,5.753816604614258,,otros,
67.479,-8.777520179748535,2.2301175594329834,5.753816604614258,,otros,
67.516,-8.777520179748535,2.2301175594329834,5.753816604614258,,otros,
67.573,-8.777520179748535,2.2301175594329834,5.753816604614258,,otros,
67.589,-8.777520179748535,2.2301175594329834,5.753816604614258,,otros,
67.626,-8.777520179748535,2.2301175594329834,5.753816604614258,,otros,
67.678,-8.777520179748535,2.2301175594329834,5.753816604614258,,otros,
67.7,-8.777520179748535,2.2301175594329834,5.753816604614258,,otros,
67.737,-8.777520179748535,2.2301175594329834,5.753816604614258,,otros,
67.789,-8.777520179748535,2.2301175594329834,5.753816604614258,,otros,
67.811,-8.777520179748535,2.2301175594329834,5.753816604614258,,otros,
67.857,-8.777520179748535,2.2301175594329834,5.753816604614258,,otros,
67.908,-8.777520179748535,2.2301175594329834,5.753816604614258,,otros,
67.931,-8.777520179748535,2.2301175594329834,5.753816604614258,,otros,
67.967,-8.777520179748535,2.2301175594329834,5.753816604614258,,otros,
68.019,-8.777520179748535,2.2301175594329834,5.753816604614258,,otros,
68.04,-8.777520179748535,2.2301175594329834,5.753816604614258,,otros,
68.076,-8.777520179748535,2.2301175594329834,5.753816604614258,,otros,
68.127,-8.777520179748535,2.2301175594329834,5.753816604614258,,otros,
68.148,-8.777520179748535,2.2301175594329834,5.753816604614258,,otros,
68.184,-8.777520179748535,2.2301175594329834,5.753816604614258,,otros,
68.234,-8.777520179748535,2.2301175594329834,5.753816604614258,,otros,
68.256,-8.777520179748535,2.2301175594329834,5.753816604614258,,otros,
68.292,-8.777520179748535,2.2301175594329834,5.753816604614258,,otros,
68.342,-8.777520179748535,2.2301175594329834,5.753816604614258,,otros,
68.364,-8.777520179748535,2.2301175594329834,5.753816604614258,,otros,
68.401,-8.777520179748535,2.2301175594329834,5.753816604614258,,otros,
68.461,-8.777520179748535,2.2301175594329834,5.753816604614258,,otros,
68.475,-8.777520179748535,2.2301175594329834,5.753816604614258,,otros,
68.511,-8.777520179748535,2.2301175594329834,5.753816604614258,,otros,
68.566,-8.777520179748535,2.2301175594329834,5.753816604614258,,otros,
68.587,-8.777520179748535,2.2301175594329834,5.753816604614258,,otros,
68.624,-8.777520179748535,2.2301175594329834,5.753816604614258,,otros,
68.674,-8.777520179748535,2.2301175594329834,5.753816604614258,,otros,
68.696,-8.777520179748535,2.2301175594329834,5.753816604614258,,otros,
68.732,-8.777520179748535,2.2301175594329834,5.753816604614258,,otros,
68.781,-8.777520179748535,2.2301175594329834,5.753816604614258,,otros,
68.804,-8.777520179748535,2.2301175594329834,5.753816604614258,,otros,
68.84,-8.777520179748535,2.2301175594329834,5.753816604614258,,otros,
68.89,-8.777520179748535,2.2301175594329834,5.753816604614258,,otros,
68.913,-8.777520179748535,2.2301175594329834,5.753816604614258,,otros,
68.95,-8.777520179748535,2.2301175594329834,5.753816604614258,,otros,
69.002,-8.777520179748535,2.2301175594329834,5.753816604614258,,otros,
69.024,-8.777520179748535,2.2301175594329834,5.753816604614258,,otros,
69.061,-8.777520179748535,2.2301175594329834,5.753816604614258,,otros,
69.112,-8.777520179748535,2.2301175594329834,5.753816604614258,,otros,
69.134,-8.777520179748535,2.2301175594329834,5.753816604614258,,otros,
69.193,-8.777520179748535,2.2301175594329834,5.753816604614258,,otros,
69.245,-8.777520179748535,2.2301175594329834,5.753816604614258,,otros,
69.269,-8.777520179748535,2.2301175594329834,5.753816604614258,,otros,
69.305,-8.777520179748535,2.2301175594329834,5.753816604614258,,otros,
69.358,-8.777520179748535,2.2301175594329834,5.753816604614258,,otros,
69.381,-8.777520179748535,2.2301175594329834,5.753816604614258,,otros,
69.417,-8.777520179748535,2.2301175594329834,5.753816604614258,,otros,
69.471,-8.777520179748535,2.2301175594329834,5.753816604614258,,otros,
69.491,-8.777520179748535,2.2301175594329834,5.753816604614258,,otros,
69.528,-8.777520179748535,2.2301175594329834,5.753816604614258,,otros,
69.581,-8.777520179748535,2.2301175594329834,5.753816604614258,,otros,
69.602,-8.777520179748535,2.2301175594329834,5.753816604614258,,otros,
69.64,-8.777520179748535,2.2301175594329834,5.753816604614258,,otros,
69.692,-8.777520179748535,2.2301175594329834,5.753816604614258,,otros,
69.714,-8.777520179748535,2.2301175594329834,5.753816604614258,,otros,
69.751,-8.777520179748535,2.2301175594329834,5.753816604614258,,otros,
69.803,-8.777520179748535,2.2301175594329834,5.753816604614258,,otros,
69.824,-8.777520179748535,2.2301175594329834,5.753816604614258,,otros,
69.861,-8.777520179748535,2.2301175594329834,5.753816604614258,,otros,
69.911,-8.777520179748535,2.2301175594329834,5.753816604614258,,otros,
69.933,-8.777520179748535,2.2301175594329834,5.753816604614258,,otros,
69.969,-8.777520179748535,2.2301175594329834,5.753816604614258,,otros,
70.02,-8.777520179748535,2.2301175594329834,5.753816604614258,,otros,
70.042,-8.777520179748535,2.2301175594329834,5.753816604614258,,otros,
70.078,-8.777520179748535,2.2301175594329834,5.753816604614258,,otros,
70.128,-8.777520179748535,2.2301175594329834,5.753816604614258,,otros,
70.15,-8.777520179748535,2.2301175594329834,5.753816604614258,,otros,
70.186,-8.777520179748535,2.2301175594329834,5.753816604614258,,otros,
70.239,-8.777520179748535,2.2301175594329834,5.753816604614258,,otros,
70.259,-8.777520179748535,2.2301175594329834,5.753816604614258,,otros,
70.295,-8.777520179748535,2.2301175594329834,5.753816604614258,,otros,
70.345,-8.777520179748535,2.2301175594329834,5.753816604614258,,otros,
70.367,-8.777520179748535,2.2301175594329834,5.753816604614258,,otros,
70.402,-8.777520179748535,2.2301175594329834,5.753816604614258,,otros,
70.453,-8.777520179748535,2.2301175594329834,5.753816604614258,,otros,
70.474,-8.777520179748535,2.2301175594329834,5.753816604614258,,otros,
70.511,-8.777520179748535,2.2301175594329834,5.753816604614258,,otros,
70.562,-8.777520179748535,2.2301175594329834,5.753816604614258,,otros,
70.585,-8.777520179748535,2.2301175594329834,5.753816604614258,,otros,
70.621,-8.777520179748535,2.2301175594329834,5.753816604614258,,otros,
70.672,-8.777520179748535,2.2301175594329834,5.753816604614258,,otros,
70.693,-8.777520179748535,2.2301175594329834,5.753816604614258,,otros,
70.729,-8.777520179748535,2.2301175594329834,5.753816604614258,,otros,
70.78,-8.777520179748535,2.2301175594329834,5.753816604614258,,otros,
70.801,-8.777520179748535,2.2301175594329834,5.753816604614258,,otros,
70.837,-8.777520179748535,2.2301175594329834,5.753816604614258,,otros,
70.887,-8.777520179748535,2.2301175594329834,5.753816604614258,,otros,
70.909,-8.777520179748535,2.2301175594329834,5.753816604614258,,otros,
70.945,-8.777520179748535,2.2301175594329834,5.753816604614258,,otros,
70.996,-8.777520179748535,2.2301175594329834,5.753816604614258,,otros,
71.018,-8.777520179748535,2.2301175594329834,5.753816604614258,,otros,
71.055,-8.777520179748535,2.2301175594329834,5.753816604614258,,otros,
71.107,-8.777520179748535,2.2301175594329834,5.753816604614258,,otros,
71.127,-8.777520179748535,2.2301175594329834,5.753816604614258,,otros,
71.163,-8.777520179748535,2.2301175594329834,5.753816604614258,,otros,
71.214,-8.777520179748535,2.2301175594329834,5.753816604614258,,otros,
71.235,-8.777520179748535,2.2301175594329834,5.753816604614258,,otros,
71.271,-8.777520179748535,2.2301175594329834,5.753816604614258,,otros,
71.321,-8.777520179748535,2.2301175594329834,5.753816604614258,,otros,
71.343,-8.777520179748535,2.2301175594329834,5.753816604614258,,otros,
71.379,-8.777520179748535,2.2301175594329834,5.753816604614258,,otros,
71.429,-8.777520179748535,2.2301175594329834,5.753816604614258,,otros,
71.451,-8.777520179748535,2.2301175594329834,5.753816604614258,,otros,
71.488,-8.777520179748535,2.2301175594329834,5.753816604614258,,otros,
71.539,-8.777520179748535,2.2301175594329834,5.753816604614258,,otros,
71.562,-8.777520179748535,2.2301175594329834,5.753816604614258,,otros,
71.598,-8.777520179748535,2.2301175594329834,5.753816604614258,,otros,
71.65,-8.777520179748535,2.2301175594329834,5.753816604614258,,otros,
71.671,-8.777520179748535,2.2301175594329834,5.753816604614258,,otros,
71.707,-8.777520179748535,2.2301175594329834,5.753816604614258,,otros,
71.757,-8.777520179748535,2.2301175594329834,5.753816604614258,,otros,
71.779,-8.777520179748535,2.2301175594329834,5.753816604614258,,otros,
71.815,-8.777520179748535,2.2301175594329834,5.753816604614258,,otros,
71.866,-8.777520179748535,2.2301175594329834,5.753816604614258,,otros,
71.887,-8.777520179748535,2.2301175594329834,5.753816604614258,,otros,
71.923,-8.777520179748535,2.2301175594329834,5.753816604614258,,otros,
71.973,-8.777520179748535,2.2301175594329834,5.753816604614258,,otros,
71.995,-8.777520179748535,2.2301175594329834,5.753816604614258,,otros,
72.032,-8.777520179748535,2.2301175594329834,5.753816604614258,,otros,
72.084,-8.777520179748535,2.2301175594329834,5.753816604614258,,otros,
72.105,-8.777520179748535,2.2301175594329834,5.753816604614258,,otros,
72.141,-8.777520179748535,2.2301175594329834,5.753816604614258,,otros,
72.191,-8.777520179748535,2.2301175594329834,5.753816604614258,,otros,
72.213,-8.777520179748535,2.2301175594329834,5.753816604614258,,otros,
72.249,-8.777520179748535,2.2301175594329834,5.753816604614258,,otros,
72.3,-8.777520179748535,2.2301175594329834,5.753816604614258,,otros,
72.321,-8.777520179748535,2.2301175594329834,5.753816604614258,,otros,
72.357,-8.777520179748535,2.2301175594329834,5.753816604614258,,otros,
72.409,-8.777520179748535,2.2301175594329834,5.753816604614258,,otros,
72.429,-8.777520179748535,2.2301175594329834,5.753816604614258,,otros,
72.465,-8.777520179748535,2.2301175594329834,5.753816604614258,,otros,
72.516,-8.777520179748535,2.2301175594329834,5.753816604614258,,otros,
72.538,-8.777520179748535,2.2301175594329834,5.753816604614258,,otros,
72.575,-8.777520179748535,2.2301175594329834,5.753816604614258,,otros,
72.626,-8.777520179748535,2.2301175594329834,5.753816604614258,,otros,
72.647,-8.777520179748535,2.2301175594329834,5.753816604614258,,otros,
72.685,-8.777520179748535,2.2301175594329834,5.753816604614258,,otros,
72.74,-8.777520179748535,2.2301175594329834,5.753816604614258,,otros,
72.762,-8.777520179748535,2.2301175594329834,5.753816604614258,,otros,
72.798,-8.777520179748535,2.2301175594329834,5.753816604614258,,otros,
72.853,-8.777520179748535,2.2301175594329834,5.753816604614258,,otros,
72.876,-8.777520179748535,2.2301175594329834,5.753816604614258,,otros,
72.914,-8.777520179748535,2.2301175594329834,5.753816604614258,,otros,
72.965,-8.777520179748535,2.2301175594329834,5.753816604614258,,otros,
72.987,-8.777520179748535,2.2301175594329834,5.753816604614258,,otros,
73.024,-8.777520179748535,2.2301175594329834,5.753816604614258,,otros,
73.075,-8.777520179748535,2.2301175594329834,5.753816604614258,,otros,
73.097,-8.777520179748535,2.2301175594329834,5.753816604614258,,otros,
73.135,-8.777520179748535,2.2301175594329834,5.753816604614258,,otros,
73.186,-8.777520179748535,2.2301175594329834,5.753816604614258,,otros,
73.208,-8.777520179748535,2.2301175594329834,5.753816604614258,,otros,
73.245,-8.777520179748535,2.2301175594329834,5.753816604614258,,otros,
73.297,-8.777520179748535,2.2301175594329834,5.753816604614258,,otros,
73.319,-8.777520179748535,2.2301175594329834,5.753816604614258,,otros,
73.356,-8.777520179748535,2.2301175594329834,5.753816604614258,,otros,
73.408,-8.777520179748535,2.2301175594329834,5.753816604614258,,otros,
73.43,-8.777520179748535,2.2301175594329834,5.753816604614258,,otros,
73.466,-8.777520179748535,2.2301175594329834,5.753816604614258,,otros,
73.521,-8.777520179748535,2.2301175594329834,5.753816604614258,,otros,
73.539,-8.777520179748535,2.2301175594329834,5.753816604614258,,otros,
73.576,-8.777520179748535,2.2301175594329834,5.753816604614258,,otros,
73.627,-8.777520179748535,2.2301175594329834,5.753816604614258,,otros,
73.649,-8.777520179748535,2.2301175594329834,5.753816604614258,,otros,
73.686,-8.777520179748535,2.2301175594329834,5.753816604614258,,otros,
73.737,-8.777520179748535,2.2301175594329834,5.753816604614258,,otros,
73.759,-8.777520179748535,2.2301175594329834,5.753816604614258,,otros,
73.795,-8.777520179748535,2.2301175594329834,5.753816604614258,,otros,
73.848,-8.777520179748535,2.2301175594329834,5.753816604614258,,otros,
73.868,-8.777520179748535,2.2301175594329834,5.753816604614258,,otros,
73.905,-8.777520179748535,2.2301175594329834,5.753816604614258,,otros,
73.959,-8.777520179748535,2.2301175594329834,5.753816604614258,,otros,
73.978,-8.777520179748535,2.2301175594329834,5.753816604614258,,otros,
74.015,-8.777520179748535,2.2301175594329834,5.753816604614258,,otros,
74.067,-8.777520179748535,2.2301175594329834,5.753816604614258,,otros,
74.09,-8.777520179748535,2.2301175594329834,5.753816604614258,,otros,
74.126,-8.777520179748535,2.2301175594329834,5.753816604614258,,otros,
74.179,-8.777520179748535,2.2301175594329834,5.753816604614258,,otros,
74.2,-8.777520179748535,2.2301175594329834,5.753816604614258,,otros,
74.236,-8.777520179748535,2.2301175594329834,5.753816604614258,,otros,
74.287,-8.777520179748535,2.2301175594329834,5.753816604614258,,otros,
74.309,-8.777520179748535,2.2301175594329834,5.753816604614258,,otros,
74.346,-8.777520179748535,2.2301175594329834,5.753816604614258,,otros,
74.398,-8.777520179748535,2.2301175594329834,5.753816604614258,,otros,
74.42,-8.777520179748535,2.2301175594329834,5.753816604614258,,otros,
74.457,-8.777520179748535,2.2301175594329834,5.753816604614258,,otros,
74.508,-8.777520179748535,2.2301175594329834,5.753816604614258,,otros,
74.531,-8.777520179748535,2.2301175594329834,5.753816604614258,,otros,
74.568,-8.777520179748535,2.2301175594329834,5.753816604614258,,otros,
74.619,-8.777520179748535,2.2301175594329834,5.753816604614258,,otros,
74.642,-8.777520179748535,2.2301175594329834,5.753816604614258,,otros,
74.678,-8.777520179748535,2.2301175594329834,5.753816604614258,,otros,
74.732,-8.777520179748535,2.2301175594329834,5.753816604614258,,otros,
74.752,-8.777520179748535,2.2301175594329834,5.753816604614258,,otros,
74.788,-8.777520179748535,2.2301175594329834,5.753816604614258,,otros,
74.842,-8.777520179748535,2.2301175594329834,5.753816604614258,,otros,
74.865,-8.777520179748535,2.2301175594329834,5.753816604614258,,otros,
74.902,-8.777520179748535,2.2301175594329834,5.753816604614258,,otros,
74.953,-8.777520179748535,2.2301175594329834,5.753816604614258,,otros,
74.975,-8.777520179748535,2.2301175594329834,5.753816604614258,,otros,
75.012,-8.777520179748535,2.2301175594329834,5.753816604614258,,otros,
75.062,-8.777520179748535,2.2301175594329834,5.753816604614258,,otros,
75.084,-8.777520179748535,2.2301175594329834,5.753816604614258,,otros,
75.12,-8.777520179748535,2.2301175594329834,5.753816604614258,,otros,
75.17,-8.777520179748535,2.2301175594329834,5.753816604614258,,otros,
75.193,-8.777520179748535,2.2301175594329834,5.753816604614258,,otros,
75.228,-8.777520179748535,2.2301175594329834,5.753816604614258,,otros,
75.279,-8.777520179748535,2.2301175594329834,5.753816604614258,,otros,
75.302,-8.777520179748535,2.2301175594329834,5.753816604614258,,otros,
75.338,-8.777520179748535,2.2301175594329834,5.753816604614258,,otros,
75.388,-8.777520179748535,2.2301175594329834,5.753816604614258,,otros,
75.41,-8.777520179748535,2.2301175594329834,5.753816604614258,,otros,
75.445,-8.777520179748535,2.2301175594329834,5.753816604614258,,otros,
75.496,-8.777520179748535,2.2301175594329834,5.753816604614258,,otros,
75.518,-8.777520179748535,2.2301175594329834,5.753816604614258,,otros,
75.555,-8.777520179748535,2.2301175594329834,5.753816604614258,,otros,
75.605,-8.777520179748535,2.2301175594329834,5.753816604614258,,otros,
75.627,-8.777520179748535,2.2301175594329834,5.753816604614258,,otros,
75.663,-8.777520179748535,2.2301175594329834,5.753816604614258,,otros,
75.714,-8.777520179748535,2.2301175594329834,5.753816604614258,,otros,
75.738,-8.777520179748535,2.2301175594329834,5.753816604614258,,otros,
75.773,-8.777520179748535,2.2301175594329834,5.753816604614258,,otros,
75.824,-8.777520179748535,2.2301175594329834,5.753816604614258,,otros,
75.847,-8.777520179748535,2.2301175594329834,5.753816604614258,,otros,
75.884,-8.777520179748535,2.2301175594329834,5.753816604614258,,otros,
75.935,-8.777520179748535,2.2301175594329834,5.753816604614258,,otros,
75.958,-8.777520179748535,2.2301175594329834,5.753816604614258,,otros,
75.994,-8.777520179748535,2.2301175594329834,5.753816604614258,,otros,
76.045,-8.777520179748535,2.2301175594329834,5.753816604614258,,otros,
76.067,-8.777520179748535,2.2301175594329834,5.753816604614258,,otros,
76.103,-8.777520179748535,2.2301175594329834,5.753816604614258,,otros,
76.155,-8.777520179748535,2.2301175594329834,5.753816604614258,,otros,
76.175,-8.777520179748535,2.2301175594329834,5.753816604614258,,otros,
76.211,-8.777520179748535,2.2301175594329834,5.753816604614258,,otros,
76.261,-8.777520179748535,2.2301175594329834,5.753816604614258,,otros,
76.283,-8.777520179748535,2.2301175594329834,5.753816604614258,,otros,
76.319,-8.777520179748535,2.2301175594329834,5.753816604614258,,otros,
76.369,-8.777520179748535,2.2301175594329834,5.753816604614258,,otros,
76.391,-8.777520179748535,2.2301175594329834,5.753816604614258,,otros,
76.427,-8.777520179748535,2.2301175594329834,5.753816604614258,,otros,
76.479,-8.777520179748535,2.2301175594329834,5.753816604614258,,otros,
76.501,-8.777520179748535,2.2301175594329834,5.753816604614258,,otros,
76.538,-8.777520179748535,2.2301175594329834,5.753816604614258,,otros,
76.591,-8.777520179748535,2.2301175594329834,5.753816604614258,,otros,
76.613,-8.777520179748535,2.2301175594329834,5.753816604614258,,otros,
76.649,-8.777520179748535,2.2301175594329834,5.753816604614258,,otros,
76.7,-8.777520179748535,2.2301175594329834,5.753816604614258,,otros,
76.721,-8.777520179748535,2.2301175594329834,5.753816604614258,,otros,
76.757,-8.777520179748535,2.2301175594329834,5.753816604614258,,otros,
76.807,-8.777520179748535,2.2301175594329834,5.753816604614258,,otros,
76.829,-8.777520179748535,2.2301175594329834,5.753816604614258,,otros,
76.865,-8.777520179748535,2.2301175594329834,5.753816604614258,,otros,
76.916,-8.777520179748535,2.2301175594329834,5.753816604614258,,otros,
76.937,-8.777520179748535,2.2301175594329834,5.753816604614258,,otros,
76.973,-8.777520179748535,2.2301175594329834,5.753816604614258,,otros,
77.025,-8.777520179748535,2.2301175594329834,5.753816604614258,,otros,
77.047,-8.777520179748535,2.2301175594329834,5.753816604614258,,otros,
77.084,-8.777520179748535,2.2301175594329834,5.753816604614258,,otros,
77.135,-8.777520179748535,2.2301175594329834,5.753816604614258,,otros,
77.156,-8.777520179748535,2.2301175594329834,5.753816604614258,,otros,
77.192,-8.777520179748535,2.2301175594329834,5.753816604614258,,otros,
77.242,-8.777520179748535,2.2301175594329834,5.753816604614258,,otros,
77.264,-8.777520179748535,2.2301175594329834,5.753816604614258,,otros,
77.3,-8.777520179748535,2.2301175594329834,5.753816604614258,,otros,
77.352,-8.777520179748535,2.2301175594329834,5.753816604614258,,otros,
77.372,-8.777520179748535,2.2301175594329834,5.753816604614258,,otros,
77.407,-8.777520179748535,2.2301175594329834,5.753816604614258,,otros,
77.459,-8.777520179748535,2.2301175594329834,5.753816604614258,,otros,
77.48,-8.777520179748535,2.2301175594329834,5.753816604614258,,otros,
77.517,-8.777520179748535,2.2301175594329834,5.753816604614258,,otros,
77.57,-8.777520179748535,2.2301175594329834,5.753816604614258,,otros,
77.591,-8.777520179748535,2.2301175594329834,5.753816604614258,,otros,
77.627,-8.777520179748535,2.2301175594329834,5.753816604614258,,otros,
77.68,-8.777520179748535,2.2301175594329834,5.753816604614258,,otros,
77.699,-8.777520179748535,2.2301175594329834,5.753816604614258,,otros,
77.735,-8.777520179748535,2.2301175594329834,5.753816604614258,,otros,
77.786,-8.777520179748535,2.2301175594329834,5.753816604614258,,otros,
77.807,-8.777520179748535,2.2301175594329834,5.753816604614258,,otros,
77.843,-8.777520179748535,2.2301175594329834,5.753816604614258,,otros,
77.893,-8.777520179748535,2.2301175594329834,5.753816604614258,,otros,
77.915,-8.777520179748535,2.2301175594329834,5.753816604614258,,otros,
77.951,-8.777520179748535,2.2301175594329834,5.753816604614258,,otros,
78.002,-8.777520179748535,2.2301175594329834,5.753816604614258,,otros,
78.025,-8.777520179748535,2.2301175594329834,5.753816604614258,,otros,
78.061,-8.777520179748535,2.2301175594329834,5.753816604614258,,otros,
78.112,-8.777520179748535,2.2301175594329834,5.753816604614258,,otros,
78.133,-8.777520179748535,2.2301175594329834,5.753816604614258,,otros,
78.169,-8.777520179748535,2.2301175594329834,5.753816604614258,,otros,
78.219,-8.777520179748535,2.2301175594329834,5.753816604614258,,otros,
78.241,-8.777520179748535,2.2301175594329834,5.753816604614258,,otros,
78.277,-8.777520179748535,2.2301175594329834,5.753816604614258,,otros,
78.326,-8.777520179748535,2.2301175594329834,5.753816604614258,,otros,
78.349,-8.777520179748535,2.2301175594329834,5.753816604614258,,otros,
78.385,-8.777520179748535,2.2301175594329834,5.753816604614258,,otros,
78.435,-8.777520179748535,2.2301175594329834,5.753816604614258,,otros,
78.457,-8.777520179748535,2.2301175594329834,5.753816604614258,,otros,
78.493,-8.777520179748535,2.2301175594329834,5.753816604614258,,otros,
78.545,-8.777520179748535,2.2301175594329834,5.753816604614258,,otros,
78.567,-8.777520179748535,2.2301175594329834,5.753816604614258,,otros,
78.604,-8.777520179748535,2.2301175594329834,5.753816604614258,,otros,
78.655,-8.777520179748535,2.2301175594329834,5.753816604614258,,otros,
78.677,-8.777520179748535,2.2301175594329834,5.753816604614258,,otros,
78.713,-8.777520179748535,2.2301175594329834,5.753816604614258,,otros,
78.764,-8.777520179748535,2.2301175594329834,5.753816604614258,,otros,
78.785,-8.777520179748535,2.2301175594329834,5.753816604614258,,otros,
78.822,-8.777520179748535,2.2301175594329834,5.753816604614258,,otros,
78.88,-8.777520179748535,2.2301175594329834,5.753816604614258,,otros,
78.896,-8.777520179748535,2.2301175594329834,5.753816604614258,,otros,
78.936,-8.777520179748535,2.2301175594329834,5.753816604614258,,otros,
78.992,-8.777520179748535,2.2301175594329834,5.753816604614258,,otros,
79.012,-8.777520179748535,2.2301175594329834,5.753816604614258,,otros,
79.048,-8.777520179748535,2.2301175594329834,5.753816604614258,,otros,
79.1,-8.777520179748535,2.2301175594329834,5.753816604614258,,otros,
79.122,-8.777520179748535,2.2301175594329834,5.753816604614258,,otros,
79.158,-8.777520179748535,2.2301175594329834,5.753816604614258,,otros,
79.213,-8.777520179748535,2.2301175594329834,5.753816604614258,,otros,
79.231,-8.777520179748535,2.2301175594329834,5.753816604614258,,otros,
79.267,-8.777520179748535,2.2301175594329834,5.753816604614258,,otros,
79.321,-8.777520179748535,2.2301175594329834,5.753816604614258,,otros,
79.343,-8.777520179748535,2.2301175594329834,5.753816604614258,,otros,
79.38,-8.777520179748535,2.2301175594329834,5.753816604614258,,otros,
79.432,-8.777520179748535,2.2301175594329834,5.753816604614258,,otros,
79.455,-8.777520179748535,2.2301175594329834,5.753816604614258,,otros,
79.492,-8.777520179748535,2.2301175594329834,5.753816604614258,,otros,
79.543,-8.777520179748535,2.2301175594329834,5.753816604614258,,otros,
79.566,-8.777520179748535,2.2301175594329834,5.753816604614258,,otros,
79.602,-8.777520179748535,2.2301175594329834,5.753816604614258,,otros,
79.653,-8.777520179748535,2.2301175594329834,5.753816604614258,,otros,
79.675,-8.777520179748535,2.2301175594329834,5.753816604614258,,otros,
79.712,-8.777520179748535,2.2301175594329834,5.753816604614258,,otros,
79.767,-8.777520179748535,2.2301175594329834,5.753816604614258,,otros,
79.787,-8.777520179748535,2.2301175594329834,5.753816604614258,,otros,
79.823,-8.777520179748535,2.2301175594329834,5.753816604614258,,otros,
79.873,-8.777520179748535,2.2301175594329834,5.753816604614258,,otros,
79.896,-8.777520179748535,2.2301175594329834,5.753816604614258,,otros,
79.933,-8.777520179748535,2.2301175594329834,5.753816604614258,,otros,
79.987,-8.777520179748535,2.2301175594329834,5.753816604614258,,otros,
80.007,-8.777520179748535,2.2301175594329834,5.753816604614258,,otros,
80.044,-8.777520179748535,2.2301175594329834,5.753816604614258,,otros,
80.096,-8.777520179748535,2.2301175594329834,5.753816604614258,,otros,
80.12,-8.777520179748535,2.2301175594329834,5.753816604614258,,otros,
80.157,-8.777520179748535,2.2301175594329834,5.753816604614258,,otros,
80.208,-8.777520179748535,2.2301175594329834,5.753816604614258,,otros,
80.23,-8.777520179748535,2.2301175594329834,5.753816604614258,,otros,
80.265,-8.777520179748535,2.2301175594329834,5.753816604614258,,otros,
80.316,-8.777520179748535,2.2301175594329834,5.753816604614258,,otros,
80.337,-8.777520179748535,2.2301175594329834,5.753816604614258,,otros,
80.373,-8.777520179748535,2.2301175594329834,5.753816604614258,,otros,
80.425,-8.777520179748535,2.2301175594329834,5.753816604614258,,otros,
80.445,-8.777520179748535,2.2301175594329834,5.753816604614258,,otros,
80.481,-8.777520179748535,2.2301175594329834,5.753816604614258,,otros,
80.532,-8.777520179748535,2.2301175594329834,5.753816604614258,,otros,
80.553,-8.777520179748535,2.2301175594329834,5.753816604614258,,otros,
80.589,-8.777520179748535,2.2301175594329834,5.753816604614258,,otros,
80.646,-8.777520179748535,2.2301175594329834,5.753816604614258,,otros,
80.662,-8.777520179748535,2.2301175594329834,5.753816604614258,,otros,
80.698,-8.777520179748535,2.2301175594329834,5.753816604614258,,otros,
80.749,-8.777520179748535,2.2301175594329834,5.753816604614258,,otros,
80.77,-8.777520179748535,2.2301175594329834,5.753816604614258,,otros,
80.807,-8.777520179748535,2.2301175594329834,5.753816604614258,,otros,
80.856,-8.777520179748535,2.2301175594329834,5.753816604614258,,otros,
80.878,-8.777520179748535,2.2301175594329834,5.753816604614258,,otros,
80.914,-8.777520179748535,2.2301175594329834,5.753816604614258,,otros,
80.964,-8.777520179748535,2.2301175594329834,5.753816604614258,,otros,
80.986,-8.777520179748535,2.2301175594329834,5.753816604614258,,otros,
81.022,-8.777520179748535,2.2301175594329834,5.753816604614258,,otros,
81.072,-8.777520179748535,2.2301175594329834,5.753816604614258,,otros,
81.094,-8.777520179748535,2.2301175594329834,5.753816604614258,,otros,
81.13,-8.777520179748535,2.2301175594329834,5.753816604614258,,otros,
81.18,-8.777520179748535,2.2301175594329834,5.753816604614258,,otros,
81.202,-8.777520179748535,2.2301175594329834,5.753816604614258,,otros,
81.239,-8.777520179748535,2.2301175594329834,5.753816604614258,,otros,
81.289,-8.777520179748535,2.2301175594329834,5.753816604614258,,otros,
81.31,-8.777520179748535,2.2301175594329834,5.753816604614258,,otros,
81.346,-8.777520179748535,2.2301175594329834,5.753816604614258,,otros,
81.396,-8.777520179748535,2.2301175594329834,5.753816604614258,,otros,
81.418,-8.777520179748535,2.2301175594329834,5.753816604614258,,otros,
81.454,-8.777520179748535,2.2301175594329834,5.753816604614258,,otros,
81.505,-8.777520179748535,2.2301175594329834,5.753816604614258,,otros,
81.526,-8.777520179748535,2.2301175594329834,5.753816604614258,,otros,
81.562,-8.777520179748535,2.2301175594329834,5.753816604614258,,otros,
81.612,-8.777520179748535,2.2301175594329834,5.753816604614258,,otros,
81.634,-8.777520179748535,2.2301175594329834,5.753816604614258,,otros,
81.67,-8.777520179748535,2.2301175594329834,5.753816604614258,,otros,
81.72,-8.777520179748535,2.2301175594329834,5.753816604614258,,otros,
81.742,-8.777520179748535,2.2301175594329834,5.753816604614258,,otros,
81.777,-8.777520179748535,2.2301175594329834,5.753816604614258,,otros,
81.829,-8.777520179748535,2.2301175594329834,5.753816604614258,,otros,
81.849,-8.777520179748535,2.2301175594329834,5.753816604614258,,otros,
81.885,-8.777520179748535,2.2301175594329834,5.753816604614258,,otros,
81.936,-8.777520179748535,2.2301175594329834,5.753816604614258,,otros,
81.957,-8.777520179748535,2.2301175594329834,5.753816604614258,,otros,
81.993,-8.777520179748535,2.2301175594329834,5.753816604614258,,otros,
82.045,-8.777520179748535,2.2301175594329834,5.753816604614258,,otros,
82.065,-8.777520179748535,2.2301175594329834,5.753816604614258,,otros,
82.101,-8.777520179748535,2.2301175594329834,5.753816604614258,,otros,
82.152,-8.777520179748535,2.2301175594329834,5.753816604614258,,otros,
82.173,-8.777520179748535,2.2301175594329834,5.753816604614258,,otros,
82.209,-8.777520179748535,2.2301175594329834,5.753816604614258,,otros,
82.259,-8.777520179748535,2.2301175594329834,5.753816604614258,,otros,
82.281,-8.777520179748535,2.2301175594329834,5.753816604614258,,otros,
82.317,-8.777520179748535,2.2301175594329834,5.753816604614258,,otros,
82.367,-8.777520179748535,2.2301175594329834,5.753816604614258,,otros,
82.39,-8.777520179748535,2.2301175594329834,5.753816604614258,,otros,
82.425,-8.777520179748535,2.2301175594329834,5.753816604614258,,otros,
82.476,-8.777520179748535,2.2301175594329834,5.753816604614258,,otros,
82.497,-8.777520179748535,2.2301175594329834,5.753816604614258,,otros,
82.533,-8.777520179748535,2.2301175594329834,5.753816604614258,,otros,
82.584,-8.777520179748535,2.2301175594329834,5.753816604614258,,otros,
82.605,-8.777520179748535,2.2301175594329834,5.753816604614258,,otros,
82.641,-8.777520179748535,2.2301175594329834,5.753816604614258,,otros,
82.692,-8.777520179748535,2.2301175594329834,5.753816604614258,,otros,
82.714,-8.777520179748535,2.2301175594329834,5.753816604614258,,otros,
82.749,-8.777520179748535,2.2301175594329834,5.753816604614258,,otros,
82.8,-8.777520179748535,2.2301175594329834,5.753816604614258,,otros,
82.821,-8.777520179748535,2.2301175594329834,5.753816604614258,,otros,
82.857,-8.777520179748535,2.2301175594329834,5.753816604614258,,otros,
82.907,-8.777520179748535,2.2301175594329834,5.753816604614258,,otros,
82.929,-8.777520179748535,2.2301175594329834,5.753816604614258,,otros,
82.965,-8.777520179748535,2.2301175594329834,5.753816604614258,,otros,
83.017,-8.777520179748535,2.2301175594329834,5.753816604614258,,otros,
83.037,-8.777520179748535,2.2301175594329834,5.753816604614258,,otros,
83.073,-8.777520179748535,2.2301175594329834,5.753816604614258,,otros,
83.126,-8.777520179748535,2.2301175594329834,5.753816604614258,,otros,
83.145,-8.777520179748535,2.2301175594329834,5.753816604614258,,otros,
83.181,-8.777520179748535,2.2301175594329834,5.753816604614258,,otros,
83.233,-8.777520179748535,2.2301175594329834,5.753816604614258,,otros,
83.253,-8.777520179748535,2.2301175594329834,5.753816604614258,,otros,
83.289,-8.777520179748535,2.2301175594329834,5.753816604614258,,otros,
83.34,-8.777520179748535,2.2301175594329834,5.753816604614258,,otros,
83.361,-8.777520179748535,2.2301175594329834,5.753816604614258,,otros,
83.397,-8.777520179748535,2.2301175594329834,5.753816604614258,,otros,
83.449,-8.777520179748535,2.2301175594329834,5.753816604614258,,otros,
83.469,-8.777520179748535,2.2301175594329834,5.753816604614258,,otros,
83.505,-8.777520179748535,2.2301175594329834,5.753816604614258,,otros,
83.556,-8.777520179748535,2.2301175594329834,5.753816604614258,,otros,
83.577,-8.777520179748535,2.2301175594329834,5.753816604614258,,otros,
83.613,-8.777520179748535,2.2301175594329834,5.753816604614258,,otros,
83.664,-8.777520179748535,2.2301175594329834,5.753816604614258,,otros,
83.685,-8.777520179748535,2.2301175594329834,5.753816604614258,,otros,
83.721,-8.777520179748535,2.2301175594329834,5.753816604614258,,otros,
83.772,-8.777520179748535,2.2301175594329834,5.753816604614258,,otros,
83.794,-8.777520179748535,2.2301175594329834,5.753816604614258,,otros,
83.829,-8.777520179748535,2.2301175594329834,5.753816604614258,,otros,
83.88,-8.777520179748535,2.2301175594329834,5.753816604614258,,otros,
83.901,-8.777520179748535,2.2301175594329834,5.753816604614258,,otros,
83.937,-8.777520179748535,2.2301175594329834,5.753816604614258,,otros,
83.988,-8.777520179748535,2.2301175594329834,5.753816604614258,,otros,
84.009,-8.777520179748535,2.2301175594329834,5.753816604614258,,otros,
84.045,-8.777520179748535,2.2301175594329834,5.753816604614258,,otros,
84.097,-8.777520179748535,2.2301175594329834,5.753816604614258,,otros,
84.117,-8.777520179748535,2.2301175594329834,5.753816604614258,,otros,
84.153,-8.777520179748535,2.2301175594329834,5.753816604614258,,otros,
84.204,-8.777520179748535,2.2301175594329834,5.753816604614258,,otros,
84.225,-8.777520179748535,2.2301175594329834,5.753816604614258,,otros,
84.261,-8.777520179748535,2.2301175594329834,5.753816604614258,,otros,
84.311,-8.777520179748535,2.2301175594329834,5.753816604614258,,otros,
84.333,-8.777520179748535,2.2301175594329834,5.753816604614258,,otros,
84.369,-8.777520179748535,2.2301175594329834,5.753816604614258,,otros,
84.419,-8.777520179748535,2.2301175594329834,5.753816604614258,,otros,
84.441,-8.777520179748535,2.2301175594329834,5.753816604614258,,otros,
84.477,-8.777520179748535,2.2301175594329834,5.753816604614258,,otros,
84.528,-8.777520179748535,2.2301175594329834,5.753816604614258,,otros,
84.549,-8.777520179748535,2.2301175594329834,5.753816604614258,,otros,
84.585,-8.777520179748535,2.2301175594329834,5.753816604614258,,otros,
84.635,-8.777520179748535,2.2301175594329834,5.753816604614258,,otros,
84.657,-8.777520179748535,2.2301175594329834,5.753816604614258,,otros,
84.692,-8.777520179748535,2.2301175594329834,5.753816604614258,,otros,
84.742,-8.777520179748535,2.2301175594329834,5.753816604614258,,otros,
84.764,-8.777520179748535,2.2301175594329834,5.753816604614258,,otros,
84.8,-8.777520179748535,2.2301175594329834,5.753816604614258,,otros,
84.852,-8.777520179748535,2.2301175594329834,5.753816604614258,,otros,
84.874,-8.777520179748535,2.2301175594329834,5.753816604614258,,otros,
84.915,-8.777520179748535,2.2301175594329834,5.753816604614258,,otros,
84.967,-8.777520179748535,2.2301175594329834,5.753816604614258,,otros,
84.996,-8.777520179748535,2.2301175594329834,5.753816604614258,,otros,
85.032,-8.777520179748535,2.2301175594329834,5.753816604614258,,otros,
85.082,-8.777520179748535,2.2301175594329834,5.753816604614258,,otros,
85.104,-8.777520179748535,2.2301175594329834,5.753816604614258,,otros,
85.141,-8.777520179748535,2.2301175594329834,5.753816604614258,,otros,
85.19,-8.777520179748535,2.2301175594329834,5.753816604614258,,otros,
85.213,-8.777520179748535,2.2301175594329834,5.753816604614258,,otros,
85.249,-8.777520179748535,2.2301175594329834,5.753816604614258,,otros,
85.299,-8.777520179748535,2.2301175594329834,5.753816604614258,,otros,
85.321,-8.777520179748535,2.2301175594329834,5.753816604614258,,otros,
85.357,-8.777520179748535,2.2301175594329834,5.753816604614258,,otros,
85.407,-8.777520179748535,2.2301175594329834,5.753816604614258,,otros,
85.429,-8.777520179748535,2.2301175594329834,5.753816604614258,,otros,
85.465,-8.777520179748535,2.2301175594329834,5.753816604614258,,otros,
85.516,-8.777520179748535,2.2301175594329834,5.753816604614258,,otros,
85.537,-8.777520179748535,2.2301175594329834,5.753816604614258,,otros,
85.573,-8.777520179748535,2.2301175594329834,5.753816604614258,,otros,
85.625,-8.777520179748535,2.2301175594329834,5.753816604614258,,otros,
85.645,-8.777520179748535,2.2301175594329834,5.753816604614258,,otros,
85.681,-8.777520179748535,2.2301175594329834,5.753816604614258,,otros,
85.732,-8.777520179748535,2.2301175594329834,5.753816604614258,,otros,
85.754,-8.777520179748535,2.2301175594329834,5.753816604614258,,otros,
85.791,-8.777520179748535,2.2301175594329834,5.753816604614258,,otros,
85.841,-8.777520179748535,2.2301175594329834,5.753816604614258,,otros,
85.863,-8.777520179748535,2.2301175594329834,5.753816604614258,,otros,
85.898,-8.777520179748535,2.2301175594329834,5.753816604614258,,otros,
85.949,-8.777520179748535,2.2301175594329834,5.753816604614258,,otros,
85.97,-8.777520179748535,2.2301175594329834,5.753816604614258,,otros,
86.006,-8.777520179748535,2.2301175594329834,5.753816604614258,,otros,
86.057,-8.777520179748535,2.2301175594329834,5.753816604614258,,otros,
86.079,-8.777520179748535,2.2301175594329834,5.753816604614258,,otros,
86.115,-8.777520179748535,2.2301175594329834,5.753816604614258,,otros,
86.167,-8.777520179748535,2.2301175594329834,5.753816604614258,,otros,
86.187,-8.777520179748535,2.2301175594329834,5.753816604614258,,otros,
86.223,-8.777520179748535,2.2301175594329834,5.753816604614258,,otros,
