time,x,y,z,product,zone,shelf
32.07,5.0,1.7000000476837158,12.0,,sin_clasificar,
32.083,5.0,1.7000000476837158,12.0,,sin_clasificar,
32.154,5.0,1.7000000476837158,12.0,,sin_clasificar,
32.16,5.0,1.7000000476837158,12.0,,sin_clasificar,
32.184,5.0,1.7000000476837158,12.0,,sin_clasificar,
32.233,5.0,1.7000000476837158,12.0,,sin_clasificar,
32.255,5.0,1.7000000476837158,12.0,,sin_clasificar,
32.296,5.0,1.7000000476837158,12.0,,sin_clasificar,
32.345,5.0,1.7000000476837158,12.0,,sin_clasificar,
32.367,5.0,1.7000000476837158,12.0,,sin_clasificar,
32.406,5.0,1.7000000476837158,12.0,,sin_clasificar,
32.454,5.0,1.7000000476837158,12.0,,sin_clasificar,
32.478,5.0,1.7000000476837158,12.0,,sin_clasificar,
32.515,5.0,1.7000000476837158,12.0,,sin_clasificar,
32.56,5.0,1.7000000476837158,12.0,,sin_clasificar,
32.586,5.0,1.7000000476837158,12.0,,sin_clasificar,
32.622,5.0,1.7000000476837158,12.0,,sin_clasificar,
32.668,5.0,1.7000000476837158,12.0,,sin_clasificar,
32.696,5.0,1.7000000476837158,12.0,,sin_clasificar,
32.733,5.0,1.7000000476837158,12.0,,sin_clasificar,
32.781,5.0,1.7000000476837158,12.0,,sin_clasificar,
32.806,5.0,1.7000000476837158,12.0,,sin_clasificar,
32.84,5.0,1.7000000476837158,12.0,,sin_clasificar,
32.888,5.0,1.7000000476837158,12.0,,sin_clasificar,
32.915,5.0,1.7000000476837158,12.0,,sin_clasificar,
32.948,5.0,1.7000000476837158,12.0,,sin_clasificar,
32.995,5.0,1.7000000476837158,12.0,,sin_clasificar,
33.022,5.0,1.7000000476837158,12.0,,sin_clasificar,
33.057,5.0,1.7000000476837158,12.0,,sin_clasificar,
33.102,5.0,1.7000000476837158,12.0,,sin_clasificar,
33.129,5.0,1.7000000476837158,12.0,,sin_clasificar,
33.163,5.0,1.7000000476837158,12.0,,sin_clasificar,
33.21,5.0,1.7000000476837158,12.0,,sin_clasificar,
33.234,5.0,1.7000000476837158,12.0,,sin_clasificar,
33.273,5.0,1.7000000476837158,12.0,,sin_clasificar,
33.322,5.0,1.7000000476837158,12.0,,sin_clasificar,
33.342,5.0,1.7000000476837158,12.0,,sin_clasificar,
33.381,5.0,1.7000000476837158,12.0,,sin_clasificar,
33.427,5.0,1.7000000476837158,12.0,,sin_clasificar,
33.449,5.0,1.7000000476837158,12.0,,sin_clasificar,
33.485,5.0,1.7000000476837158,12.0,,sin_clasificar,
33.534,5.0,1.7000000476837158,12.0,,sin_clasificar,
33.56,5.0,1.7000000476837158,12.0,,sin_clasificar,
33.596,5.0,1.7000000476837158,12.0,,sin_clasificar,
33.646,5.0,1.7000000476837158,12.0,,sin_clasificar,
33.666,5.0,1.7000000476837158,12.0,,sin_clasificar,
33.702,5.0,1.7000000476837158,12.0,,sin_clasificar,
33.757,5.0,1.7000000476837158,12.0,,sin_clasificar,
33.781,5.0,1.7000000476837158,11.949999809265137,,sin_clasificar,
33.82,5.0,1.7000000476837158,11.899999618530273,,sin_clasificar,
33.87,5.0,1.7000000476837158,11.84999942779541,,sin_clasificar,
33.895,5.0,1.7000000476837158,11.799999237060547,,sin_clasificar,
33.93,5.0,1.7000000476837158,11.749999046325684,,sin_clasificar,
33.979,5.0,1.7000000476837158,11.69999885559082,,sin_clasificar,
34.001,5.0,1.7000000476837158,11.649998664855957,,sin_clasificar,
34.037,5.0,1.7000000476837158,11.599998474121094,,sin_clasificar,
34.083,5.0,1.7000000476837158,11.54999828338623,,sin_clasificar,
34.109,5.0,1.7000000476837158,11.499998092651367,,sin_clasificar,
34.143,5.0,1.7000000476837158,11.449997901916504,,sin_clasificar,
34.189,5.0,1.7000000476837158,11.39999771118164,,sin_clasificar,
34.211,5.0,1.7000000476837158,11.349997520446777,,sin_clasificar,
34.251,5.0,1.7000000476837158,11.299997329711914,,sin_clasificar,
34.297,5.0,1.7000000476837158,11.24999713897705,,sin_clasificar,
34.321,5.0,1.7000000476837158,11.199996948242188,,sin_clasificar,
34.364,4.999389171600342,1.7000000476837158,11.15000057220459,,sin_clasificar,
34.41,4.998167514801025,1.7000000476837158,11.100015640258789,,sin_clasificar,
34.435,4.995550632476807,1.7000000476837158,11.050084114074707,,sin_clasificar,
34.472,4.991192817687988,1.700087308883667,11.000274658203125,,sin_clasificar,
34.52,4.985879421234131,1.7001745700836182,10.950557708740234,,sin_clasificar,
34.542,4.9804792404174805,1.7002618312835693,10.900850296020508,,sin_clasificar,
34.581,4.974905967712402,1.7003490924835205,10.85116195678711,,sin_clasificar,
34.627,4.969072341918945,1.7004363536834717,10.80150318145752,,sin_clasificar,
34.659,4.962978839874268,1.7005236148834229,10.751875877380371,,sin_clasificar,
34.695,4.956366062164307,1.7006981372833252,10.702315330505371,,sin_clasificar,
34.74,4.949234485626221,1.7009599208831787,10.652827262878418,,sin_clasificar,
34.764,4.941671371459961,1.7012217044830322,10.603403091430664,,sin_clasificar,
34.8,4.933677673339844,1.7017452716827393,10.554048538208008,,sin_clasificar,
34.849,4.925082683563232,1.7027051448822021,10.504801750183105,,sin_clasificar,
34.873,4.9158034324646,1.7041884660720825,10.455692291259766,,sin_clasificar,
34.906,4.905840873718262,1.7059334516525269,10.406725883483887,,sin_clasificar,
34.952,4.895196437835693,1.7077655792236328,10.357906341552734,,sin_clasificar,
34.976,4.884297847747803,1.7097721099853516,10.309149742126465,,sin_clasificar,
35.012,4.873229503631592,1.7117786407470703,10.260431289672852,,sin_clasificar,
35.06,4.862161159515381,1.713785171508789,10.211712837219238,,sin_clasificar,
35.08,4.85109281539917,1.7157917022705078,10.162994384765625,,sin_clasificar,
35.118,4.8398542404174805,1.7177982330322266,10.114315032958984,,sin_clasificar,
35.165,4.8283610343933105,1.7198047637939453,10.065695762634277,,sin_clasificar,
35.188,4.816443920135498,1.721811294555664,10.017178535461426,,sin_clasificar,
35.224,4.804189205169678,1.723905086517334,9.968749046325684,,entrada,
35.273,4.791681289672852,1.725998878479004,9.920384407043457,,entrada,
35.294,4.7790045738220215,1.7280926704406738,9.872063636779785,,entrada,
35.33,4.766327857971191,1.7301864624023438,9.823742866516113,,entrada,
35.378,4.753651142120361,1.7322802543640137,9.775422096252441,,entrada,
35.402,4.741142272949219,1.7342867851257324,9.72705364227295,,entrada,
35.437,4.728714466094971,1.7359445095062256,9.678650856018066,,entrada,
35.488,4.716200351715088,1.7373405694961548,9.63026237487793,,entrada,
35.511,4.7033467292785645,1.7383877038955688,9.581954002380371,,entrada,
35.545,4.690155029296875,1.7392603158950806,9.533733367919922,,entrada,
35.593,4.6763739585876465,1.7397838830947876,9.485672950744629,,entrada,
35.617,4.662089824676514,1.7400456666946411,9.43775749206543,,entrada,
35.651,4.647554874420166,1.7402201890945435,9.389917373657227,,entrada,
35.7,4.632602691650391,1.7401329278945923,9.342205047607422,,entrada,
35.723,4.617151737213135,1.73995840549469,9.294652938842773,,entrada,
35.757,4.601452827453613,1.739522099494934,9.247183799743652,,entrada,
35.806,4.585505962371826,1.738998532295227,9.199797630310059,,entrada,
35.827,4.5692291259765625,1.7383004426956177,9.152525901794434,,entrada,
35.866,4.552623748779297,1.737427830696106,9.105371475219727,,entrada,
35.912,4.536018371582031,1.7365552186965942,9.058218002319336,,entrada,
35.935,4.519412994384766,1.7356826066970825,9.011064529418945,,entrada,
35.97,4.5028076171875,1.7348099946975708,8.963911056518555,,entrada,
36.019,4.486202239990234,1.733937382698059,8.916757583618164,,entrada,
36.045,4.469926357269287,1.7330647706985474,8.869488716125488,,entrada,
36.078,4.45365047454834,1.7321921586990356,8.822219848632812,,entrada,
36.126,4.437374591827393,1.731319546699524,8.774950981140137,,entrada,
36.15,4.421098709106445,1.7304469347000122,8.727682113647461,,entrada,
36.189,4.404822826385498,1.7295743227005005,8.680413246154785,,entrada,
36.237,4.388546943664551,1.7287017107009888,8.63314437866211,,entrada,
36.258,4.3722710609436035,1.727829098701477,8.585875511169434,,entrada,
36.291,4.355995178222656,1.7269564867019653,8.538606643676758,,entrada,
36.34,4.339719295501709,1.7260838747024536,8.491337776184082,,entrada,
36.363,4.323443412780762,1.725211262702942,8.444068908691406,,entrada,
36.398,4.3071675300598145,1.7243386507034302,8.39680004119873,,entrada,
36.446,4.290891647338867,1.7234660387039185,8.349531173706055,,entrada,
36.465,4.27461576461792,1.7225934267044067,8.302262306213379,,entrada,
36.501,4.258339881896973,1.721720814704895,8.254993438720703,,entrada,
36.546,4.242063999176025,1.7208482027053833,8.207724571228027,,entrada,
36.578,4.225788116455078,1.7199755907058716,8.160455703735352,,entrada,
36.608,4.208280563354492,1.7191029787063599,8.113629341125488,,entrada,
36.654,4.189472198486328,1.7182303667068481,8.067310333251953,,entrada,
36.68,4.169137954711914,1.7174450159072876,8.021638870239258,,entrada,
36.715,4.14793062210083,1.716659665107727,7.97636604309082,,entrada,
36.769,4.12562370300293,1.7158743143081665,7.931624889373779,,entrada,
36.793,4.102307319641113,1.715088963508606,7.887401103973389,,entrada,
36.829,4.078145980834961,1.7143036127090454,7.84363317489624,,entrada,
36.874,4.053149223327637,1.7135182619094849,7.800337314605713,,entrada,
36.901,4.0270280838012695,1.7126456499099731,7.757711887359619,,entrada,
36.936,4.000168800354004,1.711598515510559,7.715551376342773,,entrada,
36.984,3.9724338054656982,1.7104641199111938,7.673964500427246,,entrada,
37.005,3.9439809322357178,1.7090680599212646,7.63287353515625,,entrada,
37.043,3.914184331893921,1.707497477531433,7.592752456665039,,entrada,
37.09,3.883419990539551,1.7057524919509888,7.553375720977783,,entrada,
37.112,3.8515050411224365,1.7038331031799316,7.514934062957764,,entrada,
37.146,3.8184056282043457,1.7016521692276,7.477521896362305,,entrada,
37.198,3.784407377243042,1.6992968320846558,7.4409356117248535,,entrada,
37.22,3.7497758865356445,1.6969414949417114,7.4049482345581055,,entrada,
37.254,3.714524507522583,1.6944990158081055,7.369573593139648,,entrada,
37.304,3.6784827709198,1.691969394683838,7.335010528564453,,entrada,
37.324,3.6417250633239746,1.6894397735595703,7.301209926605225,,entrada,
37.364,3.604325294494629,1.6869101524353027,7.268121242523193,,entrada,
37.414,3.5662407875061035,1.6843805313110352,7.235823154449463,,entrada,
37.44,3.527052164077759,1.6818509101867676,7.204874038696289,,entrada,
37.472,3.487541675567627,1.6793212890625,7.174336910247803,,entrada,
37.52,3.447924852371216,1.6767916679382324,7.143937587738037,,entrada,
37.544,3.4083080291748047,1.6742620468139648,7.1135382652282715,,entrada,
37.578,3.3686912059783936,1.6717324256896973,7.083138942718506,,entrada,
37.626,3.3290743827819824,1.6692028045654297,7.05273962020874,,entrada,
37.652,3.2894046306610107,1.666673183441162,7.022409915924072,,entrada,
37.687,3.2495765686035156,1.6641435623168945,6.992288112640381,,entrada,
37.732,3.2097485065460205,1.661613941192627,6.9621663093566895,,entrada,
37.763,3.169867753982544,1.6590843200683594,6.932114124298096,,entrada,
37.797,3.1299870014190674,1.6565546989440918,6.902061939239502,,entrada,
37.842,3.090106248855591,1.6540250778198242,6.872009754180908,,entrada,
37.868,3.0502254962921143,1.6514954566955566,6.8419575691223145,,entrada,
37.905,3.0103447437286377,1.648965835571289,6.811905384063721,,entrada,
37.953,2.970463991165161,1.6464362144470215,6.781853199005127,,entrada,
37.981,2.9305832386016846,1.643906593322754,6.751801013946533,,entrada,
38.017,2.890702486038208,1.6413769721984863,6.7217488288879395,,entrada,
38.059,2.8508217334747314,1.6388473510742188,6.691696643829346,,entrada,
38.088,2.810940980911255,1.6363177299499512,6.661644458770752,,entrada,
38.124,2.7710602283477783,1.6337881088256836,6.631592273712158,,entrada,
38.17,2.7311794757843018,1.631258487701416,6.6015400886535645,,entrada,
38.192,2.691298723220825,1.6287288665771484,6.571487903594971,,entrada,
38.227,2.6514179706573486,1.6261992454528809,6.541435718536377,,entrada,
38.275,2.611537218093872,1.6236696243286133,6.511383533477783,,entrada,
38.298,2.5716564655303955,1.6211400032043457,6.4813313484191895,,entrada,
38.336,2.531567096710205,1.6186103820800781,6.4515581130981445,,entrada,
38.383,2.4908628463745117,1.6160807609558105,6.42263126373291,,entrada,
38.405,2.4493632316589355,1.6136382818222046,6.39484977722168,,entrada,
38.443,2.4071505069732666,1.6111958026885986,6.3681640625,,entrada,
38.494,2.36403226852417,1.6087533235549927,6.342967987060547,,entrada,
38.515,2.3200197219848633,1.6063108444213867,6.319368839263916,,entrada,
38.552,2.2750954627990723,1.6038683652877808,6.297554969787598,,entrada,
38.602,2.229398250579834,1.6015130281448364,6.277400016784668,,entrada,
38.623,2.1831891536712646,1.599157691001892,6.258448123931885,,entrada,
38.662,2.136465072631836,1.5968894958496094,6.240792751312256,,entrada,
38.718,2.0890562534332275,1.5949701070785522,6.225021839141846,,entrada,
38.741,2.0411694049835205,1.593225121498108,6.2107462882995605,,entrada,
38.778,1.992827296257019,1.5917418003082275,6.198063850402832,,comida,
38.822,1.9443550109863281,1.5902584791183472,6.185888290405273,,comida,
38.849,1.895737648010254,1.5887751579284668,6.1743059158325195,,comida,
38.883,1.8470405340194702,1.5872918367385864,6.1630635261535645,,comida,
38.927,1.798304557800293,1.585808515548706,6.15199089050293,,comida,
38.949,1.7495468854904175,1.5844124555587769,6.141002655029297,,comida,
38.986,1.70062255859375,1.5830163955688477,6.130781650543213,,comida,
39.035,1.6516281366348267,1.5816203355789185,6.1209025382995605,,comida,
39.055,1.6025493144989014,1.5802242755889893,6.111451625823975,,comida,
39.093,1.5532642602920532,1.5790026187896729,6.103115558624268,,comida,
39.145,1.5038789510726929,1.5778682231903076,6.095382213592529,,comida,
39.167,1.4544538259506226,1.5767338275909424,6.087907314300537,,comida,
39.202,1.404988408088684,1.5756866931915283,6.080690860748291,,comida,
39.254,1.3554859161376953,1.5746395587921143,6.073733806610107,,comida,
39.273,1.3059359788894653,1.5735924243927002,6.067122459411621,,comida,
39.31,1.2563410997390747,1.5725452899932861,6.06085729598999,,comida,
39.358,1.2066733837127686,1.571498155593872,6.0551981925964355,,comida,
39.381,1.1569582223892212,1.570451021194458,6.049973011016846,,comida,
39.416,1.107234001159668,1.569403886795044,6.044834613800049,,comida,
39.467,1.0575008392333984,1.5683567523956299,6.039783000946045,,comida,
39.488,1.007767677307129,1.5673096179962158,6.034731388092041,,comida,
39.522,0.9580172300338745,1.5662624835968018,6.029853343963623,,comida,
39.566,0.908258318901062,1.5652153491973877,6.025062084197998,,comida,
39.594,0.8584830164909363,1.5641682147979736,6.020444393157959,,comida,
39.629,0.8087059259414673,1.5632083415985107,6.01582670211792,,comida,
39.675,0.7589288949966431,1.5622484683990479,6.011209011077881,,comida,
39.703,0.7091518640518188,1.561288595199585,6.006591320037842,,comida,
39.737,0.6593748331069946,1.560328722000122,6.001973628997803,,comida,
39.781,0.6095978021621704,1.5593688488006592,5.997355937957764,,comida,
39.807,0.5598207712173462,1.5584089756011963,5.992738246917725,,comida,
39.842,0.510043740272522,1.5574491024017334,5.9881205558776855,,comida,
39.89,0.46026667952537537,1.5564892292022705,5.9835028648376465,,comida,
39.915,0.41048961877822876,1.5555293560028076,5.978885173797607,,comida,
39.948,0.36071255803108215,1.5545694828033447,5.974267482757568,,comida,
39.998,0.31093549728393555,1.5536096096038818,5.969649791717529,,comida,
40.02,0.26115843653678894,1.552649736404419,5.96503210067749,,comida,
40.055,0.21138137578964233,1.551689863204956,5.960414409637451,,comida,
40.105,0.16160431504249573,1.5507299900054932,5.955796718597412,,comida,
40.129,0.11182725429534912,1.5497701168060303,5.951179027557373,,comida,
40.162,0.062050193548202515,1.5488102436065674,5.946561336517334,,comida,
40.21,0.012273132801055908,1.5478503704071045,5.941943645477295,,comida,
40.232,-0.0375039279460907,1.5468904972076416,5.937325954437256,,comida,
40.269,-0.0872809886932373,1.5459306240081787,5.932708263397217,,comida,
40.315,-0.1370580494403839,1.5449707508087158,5.928090572357178,,comida,
40.336,-0.18683511018753052,1.544010877609253,5.923472881317139,,comida,
40.373,-0.23661217093467712,1.54305100440979,5.9188551902771,,comida,
40.421,-0.28638923168182373,1.5420911312103271,5.9142374992370605,,comida,
40.445,-0.33616629242897034,1.5411312580108643,5.9096198081970215,,comida,
40.481,-0.38594335317611694,1.5401713848114014,5.905002117156982,,comida,
40.527,-0.43572041392326355,1.5392115116119385,5.900384426116943,,comida,
40.552,-0.48549747467041016,1.5382516384124756,5.895766735076904,,comida,
40.588,-0.5352745056152344,1.5372917652130127,5.891149044036865,,comida,
40.634,-0.5850515365600586,1.5363318920135498,5.886531352996826,,comida,
40.658,-0.6348285675048828,1.535372018814087,5.881913661956787,,comida,
40.697,-0.684605598449707,1.534412145614624,5.877295970916748,,comida,
40.741,-0.7343826293945312,1.5334522724151611,5.872678279876709,,comida,
40.768,-0.7841596603393555,1.5324923992156982,5.86806058883667,,comida,
40.802,-0.8339366912841797,1.5315325260162354,5.863442897796631,,comida,
40.849,-0.8837137222290039,1.5305726528167725,5.858825206756592,,comida,
40.872,-0.9334907531738281,1.5296127796173096,5.854207515716553,,comida,
40.906,-0.9832677841186523,1.5286529064178467,5.849589824676514,,comida,
40.955,-1.0330448150634766,1.5276930332183838,5.844972133636475,,comida,
40.978,-1.0828218460083008,1.526733160018921,5.8403544425964355,,comida,
41.012,-1.132598876953125,1.525773286819458,5.8357367515563965,,comida,
41.06,-1.1823759078979492,1.5248134136199951,5.831119060516357,,comida,
41.083,-1.2321529388427734,1.5238535404205322,5.826501369476318,,comida,
41.117,-1.2819299697875977,1.5228936672210693,5.821883678436279,,comida,
41.167,-1.3317070007324219,1.5219337940216064,5.81726598739624,,comida,
41.191,-1.381484031677246,1.5209739208221436,5.812648296356201,,comida,
41.224,-1.4312610626220703,1.5200140476226807,5.808030605316162,,comida,
41.268,-1.4810380935668945,1.5190541744232178,5.803412914276123,,comida,
41.295,-1.4810380935668945,1.5190541744232178,5.803412914276123,,comida,
41.33,-1.4810380935668945,1.5190541744232178,5.803412914276123,,comida,
41.378,-1.4810380935668945,1.5190541744232178,5.803412914276123,,comida,
41.4,-1.4810380935668945,1.5190541744232178,5.803412914276123,,comida,
41.435,-1.4810380935668945,1.5190541744232178,5.803412914276123,,comida,
41.483,-1.4810380935668945,1.5190541744232178,5.803412914276123,,comida,
41.509,-1.4810380935668945,1.5190541744232178,5.803412914276123,,comida,
41.541,-1.4810380935668945,1.5190541744232178,5.803412914276123,,comida,
41.589,-1.4810380935668945,1.5190541744232178,5.803412914276123,,comida,
41.613,-1.4810380935668945,1.5190541744232178,5.803412914276123,,comida,
41.648,-1.4810380935668945,1.5190541744232178,5.803412914276123,,comida,
41.697,-1.4810380935668945,1.5190541744232178,5.803412914276123,,comida,
41.722,-1.4810380935668945,1.5190541744232178,5.803412914276123,,comida,
41.755,-1.4810380935668945,1.5190541744232178,5.803412914276123,,comida,
41.804,-1.4810380935668945,1.5190541744232178,5.803412914276123,,comida,
41.826,-1.4810380935668945,1.5190541744232178,5.803412914276123,,comida,
41.861,-1.4810380935668945,1.5190541744232178,5.803412914276123,,comida,
41.908,-1.4810380935668945,1.5190541744232178,5.803412914276123,,comida,
41.935,-1.4810380935668945,1.5190541744232178,5.803412914276123,,comida,
41.971,-1.4810380935668945,1.5190541744232178,5.803412914276123,,comida,
42.018,-1.4810380935668945,1.5190541744232178,5.803412914276123,,comida,
42.043,-1.4810380935668945,1.5190541744232178,5.803412914276123,,comida,
42.078,-1.4810380935668945,1.5190541744232178,5.803412914276123,,comida,
42.122,-1.4810380935668945,1.5190541744232178,5.803412914276123,,comida,
42.148,-1.4810380935668945,1.5190541744232178,5.803412914276123,,comida,
42.182,-1.4810380935668945,1.5190541744232178,5.803412914276123,,comida,
42.233,-1.4810380935668945,1.5190541744232178,5.803412914276123,,comida,
42.252,-1.4810380935668945,1.5190541744232178,5.803412914276123,,comida,
42.292,-1.4810380935668945,1.5190541744232178,5.803412914276123,,comida,
42.339,-1.4810380935668945,1.5190541744232178,5.803412914276123,,comida,
42.366,-1.4810380935668945,1.5190541744232178,5.803412914276123,,comida,
42.401,-1.4810380935668945,1.5190541744232178,5.803412914276123,,comida,
42.445,-1.4810380935668945,1.5190541744232178,5.803412914276123,,comida,
42.468,-1.4810380935668945,1.5190541744232178,5.803412914276123,,comida,
42.505,-1.4810380935668945,1.5190541744232178,5.803412914276123,,comida,
42.553,-1.4810380935668945,1.5190541744232178,5.803412914276123,,comida,
42.577,-1.4810380935668945,1.5190541744232178,5.803412914276123,,comida,
42.612,-1.4810380935668945,1.5190541744232178,5.803412914276123,,comida,
42.659,-1.4810380935668945,1.5190541744232178,5.803412914276123,,comida,
42.681,-1.4810380935668945,1.5190541744232178,5.803412914276123,,comida,
42.717,-1.4810380935668945,1.5190541744232178,5.803412914276123,,comida,
42.765,-1.4810380935668945,1.5190541744232178,5.803412914276123,,comida,
42.79,-1.4810380935668945,1.5190541744232178,5.803412914276123,,comida,
42.827,-1.4810380935668945,1.5190541744232178,5.803412914276123,,comida,
42.876,-1.4810380935668945,1.5190541744232178,5.803412914276123,,comida,
42.898,-1.4810380935668945,1.5190541744232178,5.803412914276123,,comida,
42.935,-1.4810380935668945,1.5190541744232178,5.803412914276123,,comida,
42.982,-1.4810380935668945,1.5190541744232178,5.803412914276123,,comida,
43.002,-1.4810380935668945,1.5190541744232178,5.803412914276123,,comida,
43.04,-1.4810380935668945,1.5190541744232178,5.803412914276123,,comida,
43.087,-1.4810380935668945,1.5190541744232178,5.803412914276123,,comida,
43.112,-1.4810380935668945,1.5190541744232178,5.803412914276123,,comida,
43.148,-1.4810380935668945,1.5190541744232178,5.803412914276123,,comida,
43.193,-1.4810380935668945,1.5190541744232178,5.803412914276123,,comida,
43.219,-1.4810380935668945,1.5190541744232178,5.803412914276123,,comida,
43.255,-1.4810380935668945,1.5190541744232178,5.803412914276123,,comida,
43.303,-1.4810380935668945,1.5190541744232178,5.803412914276123,,comida,
43.33,-1.4810380935668945,1.5190541744232178,5.803412914276123,,comida,
43.364,-1.4810380935668945,1.5190541744232178,5.803412914276123,,comida,
43.413,-1.4810380935668945,1.5190541744232178,5.803412914276123,,comida,
43.437,-1.4810380935668945,1.5190541744232178,5.803412914276123,,comida,
43.471,-1.4810380935668945,1.5190541744232178,5.803412914276123,,comida,
43.518,-1.4810380935668945,1.5190541744232178,5.803412914276123,,comida,
43.543,-1.4810380935668945,1.5190541744232178,5.803412914276123,,comida,
43.579,-1.4810380935668945,1.5190541744232178,5.803412914276123,,comida,
43.626,-1.4810380935668945,1.5190541744232178,5.803412914276123,,comida,
43.653,-1.4810380935668945,1.5190541744232178,5.803412914276123,,comida,
43.686,-1.4810380935668945,1.5190541744232178,5.803412914276123,,comida,
43.737,-1.4810380935668945,1.5190541744232178,5.803412914276123,,comida,
43.761,-1.4810380935668945,1.5190541744232178,5.803412914276123,,comida,
43.795,-1.4810380935668945,1.5190541744232178,5.803412914276123,,comida,
43.853,-1.4810380935668945,1.5190541744232178,5.803412914276123,,comida,
43.876,-1.4810380935668945,1.5190541744232178,5.803412914276123,,comida,
43.913,-1.4810380935668945,1.5190541744232178,5.803412914276123,,comida,
43.963,-1.4810380935668945,1.5190541744232178,5.803412914276123,,comida,
43.984,-1.4810380935668945,1.5190541744232178,5.803412914276123,,comida,
44.016,-1.4810380935668945,1.5190541744232178,5.803412914276123,,comida,
44.063,-1.4810380935668945,1.5190541744232178,5.803412914276123,,comida,
44.087,-1.4810380935668945,1.5190541744232178,5.803412914276123,,comida,
44.12,-1.4810380935668945,1.5190541744232178,5.803412914276123,,comida,
44.167,-1.4810380935668945,1.5190541744232178,5.803412914276123,,comida,
44.192,-1.4810380935668945,1.5190541744232178,5.803412914276123,,comida,
44.23,-1.4810380935668945,1.5190541744232178,5.803412914276123,,comida,
44.278,-1.4810380935668945,1.5190541744232178,5.803412914276123,,comida,
44.303,-1.4810380935668945,1.5190541744232178,5.803412914276123,,comida,
44.336,-1.4810380935668945,1.5190541744232178,5.803412914276123,,comida,
44.388,-1.4810380935668945,1.5190541744232178,5.803412914276123,,comida,
44.41,-1.4810380935668945,1.5190541744232178,5.803412914276123,,comida,
44.444,-1.4810380935668945,1.5190541744232178,5.803412914276123,,comida,
44.493,-1.4810380935668945,1.5190541744232178,5.803412914276123,,comida,
44.518,-1.4810380935668945,1.5190541744232178,5.803412914276123,,comida,
44.556,-1.4810380935668945,1.5190541744232178,5.803412914276123,,comida,
44.604,-1.4799124002456665,1.5128741264343262,5.753808975219727,,comida,
44.627,-1.4787867069244385,1.5066940784454346,5.70420503616333,,comida,
44.662,-1.4776610136032104,1.500514030456543,5.654601097106934,,comida,
44.712,-1.4765353202819824,1.4943339824676514,5.604997158050537,,comida,
44.734,-1.4754096269607544,1.4881539344787598,5.555393218994141,,comida,
44.771,-1.4754096269607544,1.4881539344787598,5.555393218994141,,comida,
44.818,-1.4754096269607544,1.4881539344787598,5.555393218994141,,comida,
44.846,-1.4754096269607544,1.4881539344787598,5.555393218994141,,comida,
44.88,-1.4754096269607544,1.4881539344787598,5.555393218994141,,comida,
44.927,-1.4754096269607544,1.4881539344787598,5.555393218994141,apple,comida,2
44.95,-1.4754096269607544,1.4881539344787598,5.555393218994141,apple,comida,2
44.984,-1.4742839336395264,1.4819738864898682,5.505789279937744,apple,comida,2
45.032,-1.4731582403182983,1.4757938385009766,5.456185340881348,apple,comida,2
45.06,-1.4720325469970703,1.469613790512085,5.406581401824951,apple,comida,2
45.095,-1.4720325469970703,1.469613790512085,5.406581401824951,apple,comida,2
45.144,-1.4720325469970703,1.469613790512085,5.406581401824951,apple,comida,2
45.165,-1.4720325469970703,1.469613790512085,5.406581401824951,apple,comida,2
45.202,-1.4720325469970703,1.469613790512085,5.406581401824951,apple,comida,2
45.253,-1.4720325469970703,1.469613790512085,5.406581401824951,apple,comida,2
45.274,-1.4720325469970703,1.469613790512085,5.406581401824951,apple,comida,2
45.309,-1.4720325469970703,1.469613790512085,5.406581401824951,apple,comida,2
45.363,-1.4720325469970703,1.469613790512085,5.406581401824951,apple,comida,2
45.386,-1.4720325469970703,1.469613790512085,5.406581401824951,apple,comida,2
45.422,-1.4720325469970703,1.469613790512085,5.406581401824951,apple,comida,2
45.47,-1.4720325469970703,1.469613790512085,5.406581401824951,apple,comida,2
45.495,-1.4720325469970703,1.469613790512085,5.406581401824951,apple,comida,2
45.531,-1.4720325469970703,1.469613790512085,5.406581401824951,apple,comida,2
45.58,-1.4720325469970703,1.469613790512085,5.406581401824951,apple,comida,2
45.602,-1.4720325469970703,1.469613790512085,5.406581401824951,apple,comida,2
45.641,-1.4720325469970703,1.469613790512085,5.406581401824951,apple,comida,2
45.686,-1.4720325469970703,1.469613790512085,5.406581401824951,,comida,
45.713,-1.4720325469970703,1.469613790512085,5.406581401824951,,comida,
45.75,-1.4720325469970703,1.469613790512085,5.406581401824951,,comida,
45.795,-1.4720325469970703,1.469613790512085,5.406581401824951,,comida,
45.821,-1.4720325469970703,1.469613790512085,5.406581401824951,,comida,
45.857,-1.4720325469970703,1.469613790512085,5.406581401824951,,comida,
45.901,-1.4720325469970703,1.469613790512085,5.406581401824951,,comida,
45.923,-1.4720325469970703,1.469613790512085,5.406581401824951,,comida,
45.961,-1.4720325469970703,1.469613790512085,5.406581401824951,,comida,
46.02,-1.4720325469970703,1.469613790512085,5.406581401824951,,comida,
46.045,-1.4720325469970703,1.469613790512085,5.406581401824951,,comida,
46.077,-1.4720325469970703,1.469613790512085,5.406581401824951,,comida,
46.127,-1.4720325469970703,1.469613790512085,5.406581401824951,,comida,
46.151,-1.4720325469970703,1.469613790512085,5.406581401824951,,comida,
46.186,-1.4720325469970703,1.469613790512085,5.406581401824951,,comida,
46.231,-1.4720325469970703,1.469613790512085,5.406581401824951,,comida,
46.256,-1.4720325469970703,1.469613790512085,5.406581401824951,,comida,
46.29,-1.4720325469970703,1.469613790512085,5.406581401824951,,comida,
46.337,-1.4720325469970703,1.469613790512085,5.406581401824951,,comida,
46.361,-1.4720325469970703,1.469613790512085,5.406581401824951,,comida,
46.395,-1.4720325469970703,1.469613790512085,5.406581401824951,,comida,
46.44,-1.4720325469970703,1.469613790512085,5.406581401824951,,comida,
46.465,-1.4720325469970703,1.469613790512085,5.406581401824951,,comida,
46.5,-1.4720325469970703,1.469613790512085,5.406581401824951,,comida,
46.548,-1.4720325469970703,1.469613790512085,5.406581401824951,,comida,
46.568,-1.4720325469970703,1.469613790512085,5.406581401824951,,comida,
46.608,-1.4720325469970703,1.469613790512085,5.406581401824951,,comida,
46.655,-1.4720325469970703,1.469613790512085,5.406581401824951,,comida,
46.677,-1.4720325469970703,1.469613790512085,5.406581401824951,,comida,
46.712,-1.4720325469970703,1.469613790512085,5.406581401824951,,comida,
46.76,-1.4720325469970703,1.469613790512085,5.406581401824951,,comida,
46.781,-1.4720325469970703,1.469613790512085,5.406581401824951,,comida,
46.814,-1.4720325469970703,1.469613790512085,5.406581401824951,,comida,
46.864,-1.4720325469970703,1.469613790512085,5.406581401824951,,comida,
46.885,-1.4720325469970703,1.469613790512085,5.406581401824951,,comida,
46.922,-1.4720325469970703,1.469613790512085,5.406581401824951,,comida,
46.969,-1.4720325469970703,1.469613790512085,5.406581401824951,,comida,
46.993,-1.4720325469970703,1.469613790512085,5.406581401824951,,comida,
47.033,-1.4720325469970703,1.469613790512085,5.406581401824951,,comida,
47.078,-1.4720325469970703,1.469613790512085,5.406581401824951,,comida,
47.101,-1.4720325469970703,1.469613790512085,5.406581401824951,,comida,
47.138,-1.4720325469970703,1.469613790512085,5.406581401824951,,comida,
47.183,-1.4720325469970703,1.469613790512085,5.406581401824951,,comida,
47.205,-1.4720325469970703,1.469613790512085,5.406581401824951,,comida,
47.242,-1.4720325469970703,1.469613790512085,5.406581401824951,,comida,
47.289,-1.4720325469970703,1.469613790512085,5.406581401824951,,comida,
47.31,-1.4720325469970703,1.469613790512085,5.406581401824951,,comida,
47.345,-1.4720325469970703,1.469613790512085,5.406581401824951,,comida,
47.391,-1.4720325469970703,1.469613790512085,5.406581401824951,,comida,
47.416,-1.4720325469970703,1.469613790512085,5.406581401824951,,comida,
47.451,-1.4720325469970703,1.469613790512085,5.406581401824951,,comida,
47.495,-1.4720325469970703,1.469613790512085,5.406581401824951,,comida,
47.518,-1.4720325469970703,1.469613790512085,5.406581401824951,,comida,
47.557,-1.4720325469970703,1.469613790512085,5.406581401824951,,comida,
47.601,-1.4720325469970703,1.469613790512085,5.406581401824951,,comida,
47.623,-1.4720325469970703,1.469613790512085,5.406581401824951,,comida,
47.661,-1.4720325469970703,1.469613790512085,5.406581401824951,,comida,
47.707,-1.4720325469970703,1.469613790512085,5.406581401824951,,comida,
47.729,-1.4720325469970703,1.469613790512085,5.406581401824951,,comida,
47.764,-1.4720325469970703,1.469613790512085,5.406581401824951,,comida,
47.817,-1.4709068536758423,1.4634337425231934,5.356977462768555,,comida,
47.84,-1.4697811603546143,1.4572536945343018,5.307373523712158,,comida,
47.877,-1.4686554670333862,1.4510736465454102,5.257769584655762,,comida,
47.926,-1.4675297737121582,1.4448935985565186,5.208165645599365,,comida,
47.948,-1.4675297737121582,1.4448935985565186,5.208165645599365,,comida,
47.985,-1.4675297737121582,1.4448935985565186,5.208165645599365,,comida,
48.033,-1.4675297737121582,1.4448935985565186,5.208165645599365,,comida,
48.054,-1.4675297737121582,1.4448935985565186,5.208165645599365,,comida,
48.09,-1.4675297737121582,1.4448935985565186,5.208165645599365,,comida,
48.137,-1.4675297737121582,1.4448935985565186,5.208165645599365,,comida,
48.164,-1.4675297737121582,1.4448935985565186,5.208165645599365,,comida,
48.204,-1.4675297737121582,1.4448935985565186,5.208165645599365,,comida,
48.25,-1.4675297737121582,1.4448935985565186,5.208165645599365,,comida,
48.271,-1.4675297737121582,1.4448935985565186,5.208165645599365,,comida,
48.31,-1.4675297737121582,1.4448935985565186,5.208165645599365,,comida,
48.354,-1.4675297737121582,1.4448935985565186,5.208165645599365,,comida,
48.379,-1.4675297737121582,1.4448935985565186,5.208165645599365,,comida,
48.416,-1.4675297737121582,1.4448935985565186,5.208165645599365,,comida,
48.464,-1.4675297737121582,1.4448935985565186,5.208165645599365,apple,comida,2
48.483,-1.4675297737121582,1.4448935985565186,5.208165645599365,apple,comida,2
48.521,-1.4675297737121582,1.4448935985565186,5.208165645599365,apple,comida,2
48.568,-1.4675297737121582,1.4448935985565186,5.208165645599365,,comida,
48.591,-1.4675297737121582,1.4448935985565186,5.208165645599365,,comida,
48.627,-1.4675297737121582,1.4448935985565186,5.208165645599365,,comida,
48.675,-1.4675297737121582,1.4448935985565186,5.208165645599365,,comida,
48.703,-1.4675297737121582,1.4448935985565186,5.208165645599365,,comida,
48.738,-1.4675297737121582,1.4448935985565186,5.208165645599365,,comida,
48.806,-1.4675297737121582,1.4448935985565186,5.208165645599365,,comida,
48.824,-1.4675297737121582,1.4448935985565186,5.208165645599365,,comida,
48.859,-1.4675297737121582,1.4448935985565186,5.208165645599365,,comida,
48.909,-1.4675297737121582,1.4448935985565186,5.208165645599365,,comida,
48.933,-1.4675297737121582,1.4448935985565186,5.208165645599365,,comida,
48.967,-1.4675297737121582,1.4448935985565186,5.208165645599365,,comida,
49.018,-1.4675297737121582,1.4448935985565186,5.208165645599365,,comida,
49.041,-1.4675297737121582,1.4448935985565186,5.208165645599365,,comida,
49.074,-1.4675297737121582,1.4448935985565186,5.208165645599365,,comida,
49.124,-1.4675297737121582,1.4448935985565186,5.208165645599365,,comida,
49.146,-1.4675297737121582,1.4448935985565186,5.208165645599365,,comida,
49.18,-1.4675297737121582,1.4448935985565186,5.208165645599365,,comida,
49.228,-1.4675297737121582,1.4448935985565186,5.208165645599365,,comida,
49.253,-1.4675297737121582,1.4448935985565186,5.208165645599365,,comida,
49.288,-1.4675297737121582,1.4448935985565186,5.208165645599365,,comida,
49.338,-1.4675297737121582,1.4448935985565186,5.208165645599365,apple,comida,2
49.363,-1.4675297737121582,1.4448935985565186,5.208165645599365,apple,comida,2
49.4,-1.4675297737121582,1.4448935985565186,5.208165645599365,apple,comida,2
49.448,-1.4675297737121582,1.4448935985565186,5.208165645599365,apple,comida,2
49.47,-1.4675297737121582,1.4448935985565186,5.208165645599365,apple,comida,2
49.506,-1.4675297737121582,1.4448935985565186,5.208165645599365,apple,comida,2
49.554,-1.4675297737121582,1.4448935985565186,5.208165645599365,apple,comida,2
49.581,-1.4675297737121582,1.4448935985565186,5.208165645599365,apple,comida,2
49.616,-1.4675297737121582,1.4448935985565186,5.208165645599365,apple,comida,2
49.666,-1.4675297737121582,1.4448935985565186,5.208165645599365,apple,comida,2
49.682,-1.4675297737121582,1.4448935985565186,5.208165645599365,apple,comida,2
49.722,-1.4675297737121582,1.4448935985565186,5.208165645599365,apple,comida,2
49.769,-1.4675297737121582,1.4448935985565186,5.208165645599365,apple,comida,2
49.794,-1.4675297737121582,1.4448935985565186,5.208165645599365,apple,comida,2
49.83,-1.4675297737121582,1.4448935985565186,5.208165645599365,apple,comida,2
49.878,-1.4675297737121582,1.4448935985565186,5.208165645599365,apple,comida,2
49.91,-1.4675297737121582,1.4448935985565186,5.208165645599365,apple,comida,2
49.912,-1.4675297737121582,1.4448935985565186,5.208165645599365,apple,comida,2
49.945,-1.4675297737121582,1.4448935985565186,5.208165645599365,apple,comida,2
49.996,-1.4675297737121582,1.4448935985565186,5.208165645599365,apple,comida,2
50.022,-1.4675297737121582,1.4448935985565186,5.208165645599365,apple,comida,2
50.059,-1.4675297737121582,1.4448935985565186,5.208165645599365,apple,comida,2
50.119,-1.4675297737121582,1.4448935985565186,5.208165645599365,apple,comida,2
50.143,-1.4675297737121582,1.4448935985565186,5.208165645599365,apple,comida,2
50.175,-1.4675297737121582,1.4448935985565186,5.208165645599365,apple,comida,2
50.221,-1.4675297737121582,1.4448935985565186,5.208165645599365,apple,comida,2
50.246,-1.4675297737121582,1.4448935985565186,5.208165645599365,apple,comida,2
50.281,-1.4675297737121582,1.4448935985565186,5.208165645599365,apple,comida,2
50.334,-1.4675297737121582,1.4448935985565186,5.208165645599365,apple,comida,2
50.359,-1.4675297737121582,1.4448935985565186,5.208165645599365,apple,comida,2
50.393,-1.4675297737121582,1.4448935985565186,5.208165645599365,apple,comida,2
50.445,-1.4675297737121582,1.4448935985565186,5.208165645599365,apple,comida,2
50.467,-1.4675297737121582,1.4448935985565186,5.208165645599365,apple,comida,2
50.507,-1.4675297737121582,1.4448935985565186,5.208165645599365,apple,comida,2
50.556,-1.4675297737121582,1.4448935985565186,5.208165645599365,apple,comida,2
50.581,-1.4675297737121582,1.4448935985565186,5.208165645599365,apple,comida,2
50.617,-1.4675297737121582,1.4448935985565186,5.208165645599365,apple,comida,2
50.666,-1.4675297737121582,1.4448935985565186,5.208165645599365,apple,comida,2
50.69,-1.4675297737121582,1.4448935985565186,5.208165645599365,apple,comida,2
50.728,-1.4675297737121582,1.4448935985565186,5.208165645599365,apple,comida,2
50.779,-1.4675297737121582,1.4448935985565186,5.208165645599365,apple,comida,2
50.806,-1.4675297737121582,1.4448935985565186,5.208165645599365,apple,comida,2
50.842,-1.4675297737121582,1.4448935985565186,5.208165645599365,apple,comida,2
50.888,-1.4675297737121582,1.4448935985565186,5.208165645599365,apple,comida,2
50.91,-1.4675297737121582,1.4448935985565186,5.208165645599365,apple,comida,2
50.946,-1.4675297737121582,1.4448935985565186,5.208165645599365,apple,comida,2
51.0,-1.4675297737121582,1.4448935985565186,5.208165645599365,apple,comida,2
51.022,-1.4675297737121582,1.4448935985565186,5.208165645599365,apple,comida,2
51.061,-1.4675297737121582,1.4448935985565186,5.208165645599365,apple,comida,2
51.109,-1.4675297737121582,1.4448935985565186,5.208165645599365,apple,comida,2
51.129,-1.4686554670333862,1.4510736465454102,5.257769584655762,apple,comida,2
51.164,-1.4697811603546143,1.4572536945343018,5.307373523712158,apple,comida,2
51.221,-1.4709068536758423,1.4634337425231934,5.356977462768555,apple,comida,2
51.242,-1.4720325469970703,1.469613790512085,5.406581401824951,apple,comida,2
51.279,-1.4731582403182983,1.4757938385009766,5.456185340881348,apple,comida,2
51.327,-1.4742839336395264,1.4819738864898682,5.505789279937744,,comida,
51.353,-1.4754096269607544,1.4881539344787598,5.555393218994141,,comida,
51.39,-1.4765353202819824,1.4943339824676514,5.604997158050537,,comida,
51.439,-1.4776610136032104,1.500514030456543,5.654601097106934,,comida,
51.466,-1.4787867069244385,1.5066940784454346,5.70420503616333,,comida,
51.502,-1.4787867069244385,1.5066940784454346,5.70420503616333,,comida,
51.548,-1.4787867069244385,1.5066940784454346,5.70420503616333,,comida,
51.572,-1.4787867069244385,1.5066940784454346,5.70420503616333,,comida,
51.608,-1.4787867069244385,1.5066940784454346,5.70420503616333,,comida,
51.655,-1.4787867069244385,1.5066940784454346,5.70420503616333,,comida,
51.679,-1.4787867069244385,1.5066940784454346,5.70420503616333,,comida,
51.726,-1.4787867069244385,1.5066940784454346,5.70420503616333,,comida,
51.772,-1.4787867069244385,1.5066940784454346,5.70420503616333,,comida,
51.795,-1.4787867069244385,1.5066940784454346,5.70420503616333,,comida,
51.832,-1.4787867069244385,1.5066940784454346,5.70420503616333,,comida,
51.878,-1.4787867069244385,1.5066940784454346,5.70420503616333,,comida,
51.901,-1.4786465167999268,1.5563106536865234,5.698026657104492,,comida,
51.938,-1.478506326675415,1.6059272289276123,5.691848278045654,,comida,
51.985,-1.4783661365509033,1.6555438041687012,5.685669898986816,,comida,
52.006,-1.4782259464263916,1.70516037940979,5.6794915199279785,,comida,
52.043,-1.4780857563018799,1.754776954650879,5.673313140869141,,comida,
52.092,-1.4779455661773682,1.8043935298919678,5.667134761810303,,comida,
52.114,-1.4778053760528564,1.8540101051330566,5.660956382751465,,comida,
52.151,-1.4776651859283447,1.9036266803741455,5.654778003692627,,comida,
52.2,-1.477524995803833,1.9532432556152344,5.648599624633789,,comida,
52.223,-1.4773848056793213,2.0028598308563232,5.642421245574951,,comida,
52.256,-1.4772446155548096,2.052476406097412,5.636242866516113,,comida,
52.306,-1.4771044254302979,2.102092981338501,5.630064487457275,,comida,
52.328,-1.4769642353057861,2.15170955657959,5.6238861083984375,,comida,
52.361,-1.4768240451812744,2.2013261318206787,5.6177077293396,,comida,
52.41,-1.4766838550567627,2.2509427070617676,5.611529350280762,,comida,
52.433,-1.476543664932251,2.3005592823028564,5.605350971221924,,comida,
52.469,-1.4764034748077393,2.3501758575439453,5.599172592163086,,comida,
52.516,-1.4762632846832275,2.399792432785034,5.592994213104248,,comida,
52.538,-1.4761230945587158,2.449409008026123,5.58681583404541,,comida,
52.574,-1.475982904434204,2.499025583267212,5.580637454986572,,comida,
52.624,-1.4758427143096924,2.548642158508301,5.574459075927734,,comida,
52.645,-1.4757025241851807,2.5982587337493896,5.5682806968688965,,comida,
52.682,-1.4757025241851807,2.5982587337493896,5.5682806968688965,,comida,
52.733,-1.4757025241851807,2.5982587337493896,5.5682806968688965,,comida,
52.749,-1.4757025241851807,2.5982587337493896,5.5682806968688965,,comida,
52.787,-1.4757025241851807,2.5982587337493896,5.5682806968688965,,comida,
52.831,-1.4757025241851807,2.5982587337493896,5.5682806968688965,,comida,
52.858,-1.4757025241851807,2.5982587337493896,5.5682806968688965,,comida,
52.89,-1.4757025241851807,2.5982587337493896,5.5682806968688965,,comida,
52.937,-1.4757025241851807,2.5982587337493896,5.5682806968688965,,comida,
52.964,-1.4757025241851807,2.5982587337493896,5.5682806968688965,,comida,
52.996,-1.4757025241851807,2.5982587337493896,5.5682806968688965,,comida,
53.047,-1.4757025241851807,2.5982587337493896,5.5682806968688965,,comida,
53.07,-1.4757025241851807,2.5982587337493896,5.5682806968688965,,comida,
53.106,-1.4757025241851807,2.5982587337493896,5.5682806968688965,,comida,
53.149,-1.4757025241851807,2.5982587337493896,5.5682806968688965,,comida,
53.177,-1.4757025241851807,2.5982587337493896,5.5682806968688965,,comida,
53.21,-1.4757025241851807,2.5982587337493896,5.5682806968688965,,comida,
53.253,-1.4757025241851807,2.5982587337493896,5.5682806968688965,,comida,
53.279,-1.4757025241851807,2.5982587337493896,5.5682806968688965,,comida,
53.311,-1.4757025241851807,2.5982587337493896,5.5682806968688965,,comida,
53.365,-1.4757025241851807,2.5982587337493896,5.5682806968688965,,comida,
53.388,-1.4757025241851807,2.5982587337493896,5.5682806968688965,,comida,
53.42,-1.4757025241851807,2.5982587337493896,5.5682806968688965,,comida,
53.468,-1.4757025241851807,2.5982587337493896,5.5682806968688965,,comida,
53.494,-1.4757025241851807,2.5982587337493896,5.5682806968688965,,comida,
53.528,-1.4757025241851807,2.5982587337493896,5.5682806968688965,,comida,
53.577,-1.4757025241851807,2.5982587337493896,5.5682806968688965,,comida,
53.601,-1.4757025241851807,2.5982587337493896,5.5682806968688965,,comida,
53.634,-1.4757025241851807,2.5982587337493896,5.5682806968688965,,comida,
53.683,-1.4757025241851807,2.5982587337493896,5.5682806968688965,,comida,
53.706,-1.4757025241851807,2.5982587337493896,5.5682806968688965,,comida,
53.743,-1.4757025241851807,2.5982587337493896,5.5682806968688965,,comida,
53.786,-1.4757025241851807,2.5982587337493896,5.5682806968688965,,comida,
53.814,-1.4757025241851807,2.5982587337493896,5.5682806968688965,,comida,
53.848,-1.4757025241851807,2.5982587337493896,5.5682806968688965,,comida,
53.897,-1.4757025241851807,2.5982587337493896,5.5682806968688965,,comida,
53.917,-1.4757025241851807,2.5982587337493896,5.5682806968688965,,comida,
53.953,-1.4757025241851807,2.5982587337493896,5.5682806968688965,,comida,
53.998,-1.4757025241851807,2.5982587337493896,5.5682806968688965,,comida,
54.026,-1.4757025241851807,2.5982587337493896,5.5682806968688965,,comida,
54.061,-1.4757025241851807,2.5982587337493896,5.5682806968688965,,comida,
54.105,-1.4757025241851807,2.5982587337493896,5.5682806968688965,,comida,
54.13,-1.4757025241851807,2.5982587337493896,5.5682806968688965,,comida,
54.165,-1.4757025241851807,2.5982587337493896,5.5682806968688965,,comida,
54.216,-1.4757025241851807,2.5982587337493896,5.5682806968688965,,comida,
54.237,-1.4757025241851807,2.5982587337493896,5.5682806968688965,,comida,
54.271,-1.4757025241851807,2.5982587337493896,5.5682806968688965,,comida,
54.317,-1.4757025241851807,2.5982587337493896,5.5682806968688965,,comida,
54.342,-1.4757025241851807,2.5982587337493896,5.5682806968688965,,comida,
54.375,-1.4757025241851807,2.5982587337493896,5.5682806968688965,,comida,
54.423,-1.4757025241851807,2.5982587337493896,5.5682806968688965,,comida,
54.446,-1.4757025241851807,2.5982587337493896,5.5682806968688965,,comida,
54.482,-1.4757025241851807,2.5982587337493896,5.5682806968688965,,comida,
54.529,-1.4757025241851807,2.5982587337493896,5.5682806968688965,,comida,
54.55,-1.4757025241851807,2.5982587337493896,5.5682806968688965,,comida,
54.587,-1.4757025241851807,2.5982587337493896,5.5682806968688965,,comida,
54.636,-1.4757025241851807,2.5982587337493896,5.5682806968688965,apple,comida,4
54.658,-1.4757025241851807,2.5982587337493896,5.5682806968688965,apple,comida,4
54.692,-1.4757025241851807,2.5982587337493896,5.5682806968688965,apple,comida,4
54.74,-1.4757025241851807,2.5982587337493896,5.5682806968688965,apple,comida,4
54.763,-1.4757025241851807,2.5982587337493896,5.5682806968688965,apple,comida,4
54.801,-1.4757025241851807,2.5982587337493896,5.5682806968688965,apple,comida,4
54.851,-1.4757025241851807,2.5982587337493896,5.5682806968688965,apple,comida,4
54.869,-1.4757025241851807,2.5982587337493896,5.5682806968688965,apple,comida,4
54.906,-1.4757025241851807,2.5982587337493896,5.5682806968688965,apple,comida,4
54.956,-1.475562334060669,2.6478753089904785,5.562102317810059,apple,comida,4
54.979,-1.4754221439361572,2.6974918842315674,5.555923938751221,apple,comida,4
55.014,-1.4752819538116455,2.7471084594726562,5.549745559692383,apple,comida,4
55.065,-1.4751417636871338,2.796725034713745,5.543567180633545,,comida,
55.086,-1.475001573562622,2.846341609954834,5.537388801574707,,comida,
55.138,-1.4748613834381104,2.895958185195923,5.531210422515869,,comida,
55.183,-1.4747211933135986,2.9455747604370117,5.525032043457031,,comida,
55.207,-1.474581003189087,2.9951913356781006,5.518853664398193,,comida,
55.244,-1.4744408130645752,3.0448079109191895,5.5126752853393555,,comida,
55.286,-1.4743006229400635,3.0944244861602783,5.506496906280518,,comida,
55.31,-1.4741604328155518,3.144041061401367,5.50031852722168,,comida,
55.346,-1.47402024269104,3.193657636642456,5.494140148162842,,comida,
55.398,-1.47402024269104,3.193657636642456,5.494140148162842,,comida,
55.418,-1.47402024269104,3.193657636642456,5.494140148162842,,comida,
55.452,-1.47402024269104,3.193657636642456,5.494140148162842,,comida,
55.504,-1.47402024269104,3.193657636642456,5.494140148162842,,comida,
55.524,-1.47402024269104,3.193657636642456,5.494140148162842,,comida,
55.559,-1.47402024269104,3.193657636642456,5.494140148162842,,comida,
55.607,-1.47402024269104,3.193657636642456,5.494140148162842,,comida,
55.63,-1.47402024269104,3.193657636642456,5.494140148162842,,comida,
55.664,-1.47402024269104,3.193657636642456,5.494140148162842,,comida,
55.714,-1.47402024269104,3.193657636642456,5.494140148162842,,comida,
55.736,-1.47402024269104,3.193657636642456,5.494140148162842,,comida,
55.77,-1.47402024269104,3.193657636642456,5.494140148162842,,comida,
55.817,-1.47402024269104,3.193657636642456,5.494140148162842,,comida,
55.84,-1.47402024269104,3.193657636642456,5.494140148162842,,comida,
55.874,-1.47402024269104,3.193657636642456,5.494140148162842,,comida,
55.922,-1.47402024269104,3.193657636642456,5.494140148162842,apple,comida,4
55.947,-1.47402024269104,3.193657636642456,5.494140148162842,apple,comida,4
55.983,-1.47402024269104,3.193657636642456,5.494140148162842,apple,comida,4
56.031,-1.47402024269104,3.193657636642456,5.494140148162842,apple,comida,4
56.054,-1.47402024269104,3.193657636642456,5.494140148162842,apple,comida,4
56.09,-1.47402024269104,3.193657636642456,5.494140148162842,apple,comida,4
56.14,-1.47402024269104,3.193657636642456,5.494140148162842,apple,comida,4
56.161,-1.47402024269104,3.193657636642456,5.494140148162842,apple,comida,4
56.194,-1.47402024269104,3.193657636642456,5.494140148162842,apple,comida,4
56.247,-1.47402024269104,3.193657636642456,5.494140148162842,apple,comida,4
56.264,-1.47402024269104,3.193657636642456,5.494140148162842,apple,comida,4
56.301,-1.47402024269104,3.193657636642456,5.494140148162842,apple,comida,4
56.351,-1.47402024269104,3.193657636642456,5.494140148162842,apple,comida,4
56.371,-1.47402024269104,3.193657636642456,5.494140148162842,apple,comida,4
56.408,-1.47402024269104,3.193657636642456,5.494140148162842,apple,comida,4
56.457,-1.47402024269104,3.193657636642456,5.494140148162842,apple,comida,4
56.48,-1.47402024269104,3.193657636642456,5.494140148162842,apple,comida,4
56.514,-1.47402024269104,3.193657636642456,5.494140148162842,apple,comida,4
56.566,-1.47402024269104,3.193657636642456,5.494140148162842,apple,comida,4
56.59,-1.47402024269104,3.193657636642456,5.494140148162842,apple,comida,4
56.624,-1.47402024269104,3.193657636642456,5.494140148162842,apple,comida,4
56.671,-1.47402024269104,3.193657636642456,5.494140148162842,,comida,
56.694,-1.47402024269104,3.193657636642456,5.494140148162842,,comida,
56.728,-1.47402024269104,3.193657636642456,5.494140148162842,,comida,
56.775,-1.47402024269104,3.193657636642456,5.494140148162842,apple,comida,4
56.798,-1.47402024269104,3.193657636642456,5.494140148162842,apple,comida,4
56.834,-1.47402024269104,3.193657636642456,5.494140148162842,apple,comida,4
56.88,-1.47402024269104,3.193657636642456,5.494140148162842,apple,comida,4
56.9,-1.47402024269104,3.193657636642456,5.494140148162842,apple,comida,4
56.935,-1.47402024269104,3.193657636642456,5.494140148162842,apple,comida,4
56.984,-1.47402024269104,3.193657636642456,5.494140148162842,apple,comida,4
57.005,-1.47402024269104,3.193657636642456,5.494140148162842,apple,comida,4
57.057,-1.5240073204040527,3.193657636642456,5.493005752563477,apple,comida,4
57.103,-1.5739943981170654,3.193657636642456,5.491871356964111,,comida,
57.128,-1.6239814758300781,3.193657636642456,5.490736961364746,,comida,
57.164,-1.6739685535430908,3.193657636642456,5.489602565765381,,comida,
57.219,-1.7239556312561035,3.193657636642456,5.488468170166016,,comida,
57.238,-1.7739427089691162,3.193657636642456,5.48733377456665,,comida,
57.291,-1.823929786682129,3.193657636642456,5.486199378967285,,comida,
57.338,-1.8739168643951416,3.193657636642456,5.48506498336792,apple,comida,4
57.36,-1.9239039421081543,3.193657636642456,5.483930587768555,apple,comida,4
57.395,-1.973891019821167,3.193657636642456,5.4827961921691895,apple,comida,4
57.447,-2.0238780975341797,3.193657636642456,5.481661796569824,,comida,
57.469,-2.0738651752471924,3.193657636642456,5.480527400970459,,comida,
57.504,-2.123852252960205,3.193657636642456,5.479393005371094,,comida,
57.554,-2.1738393306732178,3.193657636642456,5.4782586097717285,,comida,
57.577,-2.2238264083862305,3.193657636642456,5.477124214172363,,comida,
57.611,-2.273813486099243,3.193657636642456,5.475989818572998,,comida,
57.672,-2.323800563812256,3.193657636642456,5.474855422973633,,comida,
57.693,-2.3737876415252686,3.193657636642456,5.473721027374268,,comida,
57.729,-2.4237747192382812,3.193657636642456,5.472586631774902,,comida,
57.776,-2.473761796951294,3.193657636642456,5.471452236175537,,comida,
57.797,-2.5237488746643066,3.193657636642456,5.470317840576172,,comida,
57.836,-2.5737359523773193,3.193657636642456,5.469183444976807,,comida,
57.884,-2.623723030090332,3.193657636642456,5.468049049377441,,comida,
57.902,-2.6737101078033447,3.193657636642456,5.466914653778076,,comida,
57.942,-2.7236971855163574,3.193657636642456,5.465780258178711,,comida,
57.988,-2.77368426322937,3.193657636642456,5.464645862579346,apple,comida,4
58.013,-2.823671340942383,3.193657636642456,5.4635114669799805,apple,comida,4
58.046,-2.8736584186553955,3.193657636642456,5.462377071380615,apple,comida,4
58.096,-2.8736584186553955,3.193657636642456,5.462377071380615,,comida,
58.12,-2.8736584186553955,3.193657636642456,5.462377071380615,,comida,
58.156,-2.8736584186553955,3.193657636642456,5.462377071380615,,comida,
58.204,-2.8736584186553955,3.193657636642456,5.462377071380615,,comida,
58.226,-2.8736584186553955,3.193657636642456,5.462377071380615,,comida,
58.26,-2.8736584186553955,3.193657636642456,5.462377071380615,,comida,
58.306,-2.8736584186553955,3.193657636642456,5.462377071380615,,comida,
58.334,-2.8736584186553955,3.193657636642456,5.462377071380615,,comida,
58.365,-2.8736584186553955,3.193657636642456,5.462377071380615,,comida,
58.416,-2.8736584186553955,3.193657636642456,5.462377071380615,,comida,
58.435,-2.8736584186553955,3.193657636642456,5.462377071380615,,comida,
58.472,-2.8736584186553955,3.193657636642456,5.462377071380615,,comida,
58.519,-2.8736584186553955,3.193657636642456,5.462377071380615,,comida,
58.542,-2.8736584186553955,3.193657636642456,5.462377071380615,,comida,
58.578,-2.8736584186553955,3.193657636642456,5.462377071380615,,comida,
58.625,-2.8736584186553955,3.193657636642456,5.462377071380615,,comida,
58.646,-2.8736584186553955,3.193657636642456,5.462377071380615,,comida,
58.682,-2.8736584186553955,3.193657636642456,5.462377071380615,,comida,
58.732,-2.8736584186553955,3.193657636642456,5.462377071380615,,comida,
58.751,-2.8736584186553955,3.193657636642456,5.462377071380615,,comida,
58.784,-2.8736584186553955,3.193657636642456,5.462377071380615,,comida,
58.834,-2.8736584186553955,3.193657636642456,5.462377071380615,,comida,
58.857,-2.8736584186553955,3.193657636642456,5.462377071380615,,comida,
58.89,-2.8736584186553955,3.193657636642456,5.462377071380615,,comida,
58.94,-2.8736584186553955,3.193657636642456,5.462377071380615,,comida,
58.963,-2.8736584186553955,3.193657636642456,5.462377071380615,,comida,
58.996,-2.8736584186553955,3.193657636642456,5.462377071380615,,comida,
59.049,-2.8736584186553955,3.193657636642456,5.462377071380615,,comida,
59.074,-2.8736584186553955,3.193657636642456,5.462377071380615,,comida,
59.109,-2.8736584186553955,3.193657636642456,5.462377071380615,,comida,
59.155,-2.8736584186553955,3.193657636642456,5.462377071380615,,comida,
59.18,-2.8736584186553955,3.193657636642456,5.462377071380615,,comida,
59.219,-2.8736584186553955,3.193657636642456,5.462377071380615,,comida,
59.271,-2.8736584186553955,3.193657636642456,5.462377071380615,,comida,
59.293,-2.8736584186553955,3.193657636642456,5.462377071380615,,comida,
59.327,-2.8736584186553955,3.193657636642456,5.462377071380615,,comida,
59.376,-2.8736584186553955,3.193657636642456,5.462377071380615,,comida,
59.398,-2.8736584186553955,3.193657636642456,5.462377071380615,,comida,
59.431,-2.8736584186553955,3.193657636642456,5.462377071380615,,comida,
59.484,-2.8736584186553955,3.193657636642456,5.462377071380615,,comida,
59.506,-2.8736584186553955,3.193657636642456,5.462377071380615,,comida,
59.541,-2.8736584186553955,3.193657636642456,5.462377071380615,,comida,
59.589,-2.8736584186553955,3.193657636642456,5.462377071380615,,comida,
59.615,-2.8736584186553955,3.193657636642456,5.462377071380615,,comida,
59.649,-2.8736584186553955,3.193657636642456,5.462377071380615,,comida,
59.698,-2.8736584186553955,3.193657636642456,5.462377071380615,,comida,
59.722,-2.8736584186553955,3.193657636642456,5.462377071380615,,comida,
59.757,-2.8736584186553955,3.193657636642456,5.462377071380615,,comida,
59.805,-2.8736584186553955,3.193657636642456,5.462377071380615,,comida,
59.83,-2.8736584186553955,3.193657636642456,5.462377071380615,,comida,
59.866,-2.8736584186553955,3.193657636642456,5.462377071380615,,comida,
59.917,-2.8736584186553955,3.193657636642456,5.462377071380615,,comida,
59.942,-2.8736584186553955,3.193657636642456,5.462377071380615,,comida,
59.977,-2.8736584186553955,3.193657636642456,5.462377071380615,,comida,
60.025,-2.8736584186553955,3.193657636642456,5.462377071380615,,comida,
60.053,-2.8736584186553955,3.193657636642456,5.462377071380615,,comida,
60.087,-2.8736584186553955,3.193657636642456,5.462377071380615,,comida,
60.137,-2.8736584186553955,3.193657636642456,5.462377071380615,,comida,
60.158,-2.8736584186553955,3.193657636642456,5.462377071380615,,comida,
60.198,-2.8736584186553955,3.193657636642456,5.462377071380615,,comida,
60.246,-2.8736584186553955,3.193657636642456,5.462377071380615,,comida,
60.27,-2.8736584186553955,3.193657636642456,5.462377071380615,,comida,
60.303,-2.8736584186553955,3.193657636642456,5.462377071380615,,comida,
60.357,-2.8736584186553955,3.193657636642456,5.462377071380615,,comida,
60.38,-2.8736584186553955,3.193657636642456,5.462377071380615,,comida,
60.414,-2.8736584186553955,3.193657636642456,5.462377071380615,,comida,
60.466,-2.8736584186553955,3.193657636642456,5.462377071380615,,comida,
60.486,-2.8736584186553955,3.193657636642456,5.462377071380615,,comida,
60.523,-2.8736584186553955,3.193657636642456,5.462377071380615,,comida,
60.589,-2.8736584186553955,3.193657636642456,5.462377071380615,,comida,
60.611,-2.8736584186553955,3.193657636642456,5.462377071380615,,comida,
60.656,-2.8736584186553955,3.193657636642456,5.462377071380615,,comida,
60.706,-2.8736584186553955,3.193657636642456,5.462377071380615,,comida,
60.728,-2.8736584186553955,3.193657636642456,5.462377071380615,,comida,
60.761,-2.8736584186553955,3.193657636642456,5.462377071380615,,comida,
60.811,-2.8736584186553955,3.193657636642456,5.462377071380615,,comida,
60.834,-2.8736584186553955,3.193657636642456,5.462377071380615,,comida,
60.868,-2.8736584186553955,3.193657636642456,5.462377071380615,,comida,
60.917,-2.8736584186553955,3.193657636642456,5.462377071380615,,comida,
60.938,-2.8736584186553955,3.193657636642456,5.462377071380615,,comida,
60.972,-2.8736584186553955,3.193657636642456,5.462377071380615,,comida,
61.024,-2.8736584186553955,3.193657636642456,5.462377071380615,,comida,
61.047,-2.8736584186553955,3.193657636642456,5.462377071380615,,comida,
61.083,-2.8736584186553955,3.193657636642456,5.462377071380615,,comida,
61.131,-2.8736584186553955,3.193657636642456,5.462377071380615,,comida,
61.157,-2.8736584186553955,3.193657636642456,5.462377071380615,,comida,
61.194,-2.922081470489502,3.1830060482025146,5.455915927886963,,comida,
61.241,-2.9705045223236084,3.1723544597625732,5.4494547843933105,,comida,
61.263,-3.018927574157715,3.161702871322632,5.442993640899658,,comida,
61.297,-3.0673506259918213,3.1510512828826904,5.436532497406006,,comida,
61.346,-3.1157736778259277,3.140399694442749,5.4300713539123535,,comida,
61.369,-3.164196729660034,3.1297481060028076,5.423610210418701,,comida,
61.403,-3.2126197814941406,3.119096517562866,5.417149066925049,,comida,
61.454,-3.261042833328247,3.108444929122925,5.4106879234313965,,comida,
61.475,-3.3094658851623535,3.0977933406829834,5.404226779937744,,comida,
61.509,-3.35788893699646,3.087141752243042,5.397765636444092,,comida,
61.556,-3.4063119888305664,3.0764901638031006,5.3913044929504395,,comida,
61.58,-3.454735040664673,3.065838575363159,5.384843349456787,,comida,
61.615,-3.5031580924987793,3.0551869869232178,5.378382205963135,,comida,
61.664,-3.5515811443328857,3.0445353984832764,5.371921062469482,,comida,
61.688,-3.600004196166992,3.033883810043335,5.36545991897583,,comida,
61.722,-3.6484272480010986,3.0232322216033936,5.358998775482178,,comida,
61.772,-3.696850299835205,3.012580633163452,5.352537631988525,,comida,
61.795,-3.7452733516693115,3.0019290447235107,5.346076488494873,,comida,
61.829,-3.7937819957733154,2.9912774562835693,5.340291976928711,,comida,
61.88,-3.842384099960327,2.980625867843628,5.335355281829834,,comida,
61.905,-3.8911051750183105,2.9699742794036865,5.331777572631836,,comida,
61.939,-3.9399454593658447,2.9595787525177,5.329217910766602,,comida,
61.989,-3.9888672828674316,2.9493539333343506,5.327765941619873,,comida,
62.012,-4.037801742553711,2.939129114151001,5.326826572418213,,comida,
62.048,-4.086756706237793,2.9289896488189697,5.326057434082031,,comida,
62.096,-4.13571310043335,2.9188501834869385,5.325373649597168,,comida,
62.121,-4.184670448303223,2.9087107181549072,5.324775695800781,,comida,
62.152,-4.233627796173096,2.898571252822876,5.3241777420043945,,comida,
62.22,-4.282585144042969,2.8884317874908447,5.323579788208008,,comida,
62.243,-4.331542491912842,2.8782923221588135,5.322981834411621,,comida,
62.279,-4.380499839782715,2.8681528568267822,5.322383880615234,,comida,
62.324,-4.429457187652588,2.858013391494751,5.321785926818848,,comida,
62.346,-4.478414535522461,2.8478739261627197,5.321187973022461,,comida,
62.382,-4.527371883392334,2.8377344608306885,5.320590019226074,,comida,
62.432,-4.576329231262207,2.8275949954986572,5.3199920654296875,,comida,
62.454,-4.62528657913208,2.817455530166626,5.319394111633301,,comida,
62.491,-4.674243927001953,2.8073160648345947,5.318796157836914,,comida,
62.536,-4.723201274871826,2.7971765995025635,5.318198204040527,,comida,
62.563,-4.772158622741699,2.7870371341705322,5.317600250244141,,comida,
62.597,-4.821115970611572,2.776897668838501,5.317002296447754,,comida,
62.647,-4.870073318481445,2.7667582035064697,5.316404342651367,,comida,
62.67,-4.919030666351318,2.7566187381744385,5.3158063888549805,,comida,
62.705,-4.967988014221191,2.7464792728424072,5.315208435058594,,comida,
62.753,-5.0169453620910645,2.736339807510376,5.314610481262207,,comida,
62.776,-5.0659027099609375,2.7262003421783447,5.31401252746582,,comida,
62.813,-5.1148600578308105,2.7160608768463135,5.313414573669434,,comida,
62.858,-5.163817405700684,2.7059214115142822,5.312816619873047,,comida,
62.884,-5.212774753570557,2.695781946182251,5.31221866607666,,comida,
62.921,-5.26173210144043,2.6856424808502197,5.311620712280273,,comida,
62.969,-5.310689449310303,2.6755030155181885,5.311022758483887,,comida,
62.991,-5.359646797180176,2.6653635501861572,5.3104248046875,,comida,
63.025,-5.408604145050049,2.655224084854126,5.309826850891113,,comida,
63.071,-5.457561492919922,2.6450846195220947,5.309228897094727,,comida,
63.094,-5.506518840789795,2.6349451541900635,5.30863094329834,,comida,
63.126,-5.555476188659668,2.6248056888580322,5.308032989501953,,comida,
63.18,-5.604433536529541,2.614666223526001,5.307435035705566,,comida,
63.205,-5.653390884399414,2.6045267581939697,5.30683708190918,,comida,
63.244,-5.702348232269287,2.5943872928619385,5.306239128112793,,comida,
63.289,-5.75130558013916,2.5842478275299072,5.305641174316406,,comida,
63.31,-5.800262928009033,2.574108362197876,5.3050432205200195,,comida,
63.344,-5.849220275878906,2.5639688968658447,5.304445266723633,,comida,
63.39,-5.898177623748779,2.5538294315338135,5.303847312927246,,comida,
63.412,-5.947134971618652,2.5436899662017822,5.303249359130859,,comida,
63.447,-5.996092319488525,2.533550500869751,5.302651405334473,,comida,
63.491,-6.045049667358398,2.5234110355377197,5.302053451538086,,comida,
63.513,-6.0940070152282715,2.5132715702056885,5.301455497741699,,comida,
63.546,-6.1429643630981445,2.5031321048736572,5.3008575439453125,,comida,
63.597,-6.191921710968018,2.492992639541626,5.300259590148926,,comida,
63.612,-6.240879058837891,2.4828531742095947,5.299661636352539,,comida,
63.648,-6.289836406707764,2.4727137088775635,5.299063682556152,,comida,
63.694,-6.338793754577637,2.4625742435455322,5.298465728759766,,comida,
63.716,-6.38775110244751,2.452434778213501,5.297867774963379,,comida,
63.752,-6.436708450317383,2.4422953128814697,5.297269821166992,,comida,
63.8,-6.485665798187256,2.4321558475494385,5.2966718673706055,,comida,
63.82,-6.534623146057129,2.4220163822174072,5.296073913574219,,comida,
63.854,-6.583580493927002,2.411876916885376,5.295475959777832,,comida,
63.899,-6.632537841796875,2.4017374515533447,5.294878005981445,,comida,
63.921,-6.681495189666748,2.3915979862213135,5.294280052185059,,comida,
63.956,-6.730452537536621,2.3814585208892822,5.293682098388672,,comida,
64.003,-6.779409885406494,2.371319055557251,5.293084144592285,,comida,
64.03,-6.828367233276367,2.3611795902252197,5.292486190795898,,comida,
64.067,-6.87732458114624,2.3510401248931885,5.291888236999512,,comida,
64.123,-6.926281929016113,2.3409006595611572,5.291290283203125,,comida,
64.145,-6.975239276885986,2.330761194229126,5.290692329406738,,comida,
64.181,-7.024196624755859,2.3206217288970947,5.290094375610352,,comida,
64.232,-7.073153972625732,2.3104822635650635,5.289496421813965,,comida,
64.252,-7.1221113204956055,2.3003427982330322,5.288898468017578,,comida,
64.289,-7.1710686683654785,2.290203332901001,5.288300514221191,,comida,
64.334,-7.220026016235352,2.2800638675689697,5.287702560424805,,comida,
64.355,-7.268983364105225,2.2699244022369385,5.287104606628418,,comida,
64.393,-7.317940711975098,2.2597849369049072,5.286506652832031,,comida,
64.437,-7.366898059844971,2.249645471572876,5.2859086990356445,,comida,
64.462,-7.415855407714844,2.2395060062408447,5.285310745239258,,comida,
64.502,-7.464812755584717,2.2293665409088135,5.284712791442871,,comida,
64.545,-7.51377010345459,2.2192270755767822,5.284114837646484,,comida,
64.571,-7.562727451324463,2.209087610244751,5.283516883850098,,comida,
64.605,-7.611684799194336,2.1989481449127197,5.282918930053711,,comida,
64.65,-7.660642147064209,2.1888086795806885,5.282320976257324,,comida,
64.674,-7.709599494934082,2.1786692142486572,5.2817230224609375,,comida,
64.709,-7.758556842803955,2.168529748916626,5.281125068664551,,comida,
64.755,-7.807514190673828,2.1583902835845947,5.280527114868164,,comida,
64.778,-7.856471538543701,2.1482508182525635,5.279929161071777,,comida,
64.815,-7.905428886413574,2.1381113529205322,5.279331207275391,,comida,
64.86,-7.954386234283447,2.127971887588501,5.278733253479004,,comida,
64.886,-8.00334358215332,2.1178324222564697,5.278135299682617,,otros,
64.922,-8.052301406860352,2.1076929569244385,5.2775373458862305,,otros,
64.971,-8.101259231567383,2.0975534915924072,5.276939392089844,,otros,
64.995,-8.150217056274414,2.087414026260376,5.276341438293457,,otros,
65.032,-8.199174880981445,2.0772745609283447,5.27574348449707,,otros,
65.078,-8.248132705688477,2.0671350955963135,5.275145530700684,,otros,
65.101,-8.297090530395508,2.0569956302642822,5.274547576904297,,otros,
65.139,-8.346048355102539,2.046856164932251,5.27394962310791,,otros,
65.188,-8.39500617980957,2.0367166996002197,5.273351669311523,,otros,
65.209,-8.443964004516602,2.0265772342681885,5.272753715515137,,otros,
65.247,-8.492921829223633,2.0164377689361572,5.27215576171875,,otros,
65.295,-8.541879653930664,2.006298303604126,5.271557807922363,,otros,
65.317,-8.590837478637695,1.9961589574813843,5.270959854125977,,otros,
65.351,-8.639795303344727,1.9860196113586426,5.27036190032959,,otros,
65.397,-8.688753128051758,1.9758802652359009,5.269763946533203,,otros,
65.42,-8.737710952758789,1.9657409191131592,5.269165992736816,,otros,
65.458,-8.78666877746582,1.9556015729904175,5.26856803894043,,otros,
65.505,-8.835626602172852,1.9454622268676758,5.267970085144043,,otros,
65.525,-8.884584426879883,1.935322880744934,5.267372131347656,,otros,
65.563,-8.933542251586914,1.9251835346221924,5.2667741775512695,,otros,
65.61,-8.982500076293945,1.9150441884994507,5.266176223754883,,otros,
65.632,-9.031457901000977,1.904904842376709,5.265578269958496,,otros,
65.669,-9.080415725708008,1.8947654962539673,5.264980316162109,,otros,
65.714,-9.129373550415039,1.8846261501312256,5.264382362365723,,otros,
65.739,-9.17833137512207,1.8744868040084839,5.263784408569336,,otros,
65.774,-9.227289199829102,1.8643474578857422,5.263186454772949,,otros,
65.82,-9.276247024536133,1.8542081117630005,5.2625885009765625,,otros,
65.845,-9.325204849243164,1.8440687656402588,5.261990547180176,,otros,
65.881,-9.374162673950195,1.833929419517517,5.261392593383789,,otros,
65.925,-9.423120498657227,1.8237900733947754,5.260794639587402,,otros,
65.948,-9.472078323364258,1.8136507272720337,5.260196685791016,,otros,
65.986,-9.521036148071289,1.803511381149292,5.259598731994629,,otros,
66.035,-9.56999397277832,1.7933720350265503,5.259000778198242,,otros,
66.056,-9.618951797485352,1.7832326889038086,5.2584028244018555,,otros,
66.095,-9.667909622192383,1.773093342781067,5.257804870605469,,otros,
66.141,-9.716867446899414,1.7629539966583252,5.257206916809082,,otros,
66.163,-9.765825271606445,1.7528146505355835,5.256608963012695,,otros,
66.195,-9.814783096313477,1.7426753044128418,5.256011009216309,,otros,
66.244,-9.863740921020508,1.7325359582901,5.255413055419922,,otros,
66.268,-9.912698745727539,1.7223966121673584,5.254815101623535,,otros,
66.303,-9.96165657043457,1.7122572660446167,5.254217147827148,,otros,
66.349,-10.010614395141602,1.702117919921875,5.253619194030762,,otros,
66.373,-10.059572219848633,1.6919785737991333,5.253021240234375,,otros,
66.409,-10.108530044555664,1.6818392276763916,5.252423286437988,,otros,
66.457,-10.157487869262695,1.67169988155365,5.251825332641602,,otros,
66.476,-10.206445693969727,1.6615605354309082,5.251227378845215,,otros,
66.513,-10.255403518676758,1.6514211893081665,5.250629425048828,,otros,
66.56,-10.304361343383789,1.6412818431854248,5.250031471252441,,otros,
66.581,-10.35331916809082,1.631142497062683,5.249433517456055,,otros,
66.619,-10.402276992797852,1.6210031509399414,5.248835563659668,,otros,
66.664,-10.451234817504883,1.6108638048171997,5.248237609863281,,otros,
66.688,-10.451234817504883,1.6108638048171997,5.248237609863281,,otros,
66.721,-10.451234817504883,1.6108638048171997,5.248237609863281,,otros,
66.768,-10.451234817504883,1.6108638048171997,5.248237609863281,,otros,
66.794,-10.451234817504883,1.6108638048171997,5.248237609863281,,otros,
66.827,-10.451234817504883,1.6108638048171997,5.248237609863281,,otros,
66.881,-10.451234817504883,1.6108638048171997,5.248237609863281,,otros,
66.901,-10.451234817504883,1.6108638048171997,5.248237609863281,,otros,
66.935,-10.451234817504883,1.6108638048171997,5.248237609863281,,otros,
66.985,-10.451234817504883,1.6108638048171997,5.248237609863281,,otros,
67.01,-10.451234817504883,1.6108638048171997,5.248237609863281,,otros,
67.046,-10.451234817504883,1.6108638048171997,5.248237609863281,,otros,
67.092,-10.451234817504883,1.6108638048171997,5.248237609863281,,otros,
67.116,-10.451234817504883,1.6108638048171997,5.248237609863281,,otros,
67.152,-10.451234817504883,1.6108638048171997,5.248237609863281,,otros,
67.197,-10.451234817504883,1.6108638048171997,5.248237609863281,,otros,
67.222,-10.451234817504883,1.6108638048171997,5.248237609863281,,otros,
67.259,-10.461373329162598,1.6598249673843384,5.248113632202148,,otros,
67.307,-10.471511840820312,1.708786129951477,5.247989654541016,,otros,
67.331,-10.481650352478027,1.7577472925186157,5.247865676879883,,otros,
67.366,-10.491788864135742,1.8067084550857544,5.24774169921875,,otros,
67.415,-10.501927375793457,1.855669617652893,5.247617721557617,,otros,
67.438,-10.512065887451172,1.9046307802200317,5.247493743896484,,otros,
67.474,-10.522204399108887,1.9535919427871704,5.247369766235352,,otros,
67.52,-10.532342910766602,2.0025529861450195,5.247245788574219,,otros,
67.542,-10.542481422424316,2.051514148712158,5.247121810913086,,otros,
67.576,-10.542481422424316,2.051514148712158,5.247121810913086,,otros,
67.625,-10.542481422424316,2.051514148712158,5.247121810913086,,otros,
67.647,-10.542481422424316,2.051514148712158,5.247121810913086,,otros,
67.686,-10.542481422424316,2.051514148712158,5.247121810913086,,otros,
67.73,-10.542481422424316,2.051514148712158,5.247121810913086,,otros,
67.754,-10.542481422424316,2.051514148712158,5.247121810913086,,otros,
67.791,-10.542481422424316,2.051514148712158,5.247121810913086,,otros,
67.837,-10.542481422424316,2.051514148712158,5.247121810913086,,otros,
67.862,-10.542481422424316,2.051514148712158,5.247121810913086,,otros,
67.894,-10.542481422424316,2.051514148712158,5.247121810913086,,otros,
67.943,-10.542481422424316,2.051514148712158,5.247121810913086,,otros,
67.968,-10.542481422424316,2.051514148712158,5.247121810913086,,otros,
68.003,-10.542481422424316,2.051514148712158,5.247121810913086,,otros,
68.053,-10.543092727661133,2.051514148712158,5.297118186950684,,otros,
68.073,-10.54370403289795,2.051514148712158,5.347114562988281,,otros,
68.111,-10.544315338134766,2.051514148712158,5.397110939025879,,otros,
68.162,-10.544926643371582,2.051514148712158,5.447107315063477,,otros,
68.184,-10.545537948608398,2.051514148712158,5.497103691101074,,otros,
68.22,-10.546149253845215,2.051514148712158,5.547100067138672,,otros,
68.268,-10.546760559082031,2.051514148712158,5.5970964431762695,,otros,
68.291,-10.547371864318848,2.051514148712158,5.647092819213867,,otros,
68.327,-10.547983169555664,2.051514148712158,5.697089195251465,,otros,
68.374,-10.54859447479248,2.051514148712158,5.7470855712890625,,otros,
68.398,-10.549205780029297,2.051514148712158,5.79708194732666,,otros,
68.434,-10.549817085266113,2.051514148712158,5.847078323364258,,otros,
68.478,-10.55042839050293,2.051514148712158,5.8970746994018555,,otros,
68.505,-10.551039695739746,2.051514148712158,5.947071075439453,,otros,
68.538,-10.551651000976562,2.051514148712158,5.997067451477051,,otros,
68.586,-10.552262306213379,2.051514148712158,6.047063827514648,,otros,
68.608,-10.552262306213379,2.051514148712158,6.047063827514648,,otros,
68.648,-10.552262306213379,2.051514148712158,6.047063827514648,,otros,
68.699,-10.552262306213379,2.051514148712158,6.047063827514648,,otros,
68.721,-10.552262306213379,2.051514148712158,6.047063827514648,,otros,
68.759,-10.552262306213379,2.051514148712158,6.047063827514648,,otros,
68.812,-10.552262306213379,2.051514148712158,6.047063827514648,,otros,
68.831,-10.552262306213379,2.051514148712158,6.047063827514648,,otros,
68.868,-10.552262306213379,2.051514148712158,6.047063827514648,,otros,
68.916,-10.552262306213379,2.051514148712158,6.047063827514648,,otros,
68.938,-10.552262306213379,2.051514148712158,6.047063827514648,,otros,
68.971,-10.552262306213379,2.051514148712158,6.047063827514648,,otros,
69.028,-10.552262306213379,2.051514148712158,6.047063827514648,,otros,
69.045,-10.552262306213379,2.051514148712158,6.047063827514648,,otros,
69.078,-10.552262306213379,2.051514148712158,6.047063827514648,,otros,
69.13,-10.552262306213379,2.051514148712158,6.047063827514648,,otros,
69.155,-10.552262306213379,2.051514148712158,6.047063827514648,,otros,
69.188,-10.552262306213379,2.051514148712158,6.047063827514648,,otros,
69.236,-10.60185718536377,2.045161008834839,6.047063827514648,,otros,
69.257,-10.65145206451416,2.0388078689575195,6.047063827514648,,otros,
69.289,-10.70104694366455,2.0324547290802,6.047063827514648,,otros,
69.342,-10.750641822814941,2.026101589202881,6.047063827514648,,otros,
69.364,-10.800236701965332,2.0197484493255615,6.047063827514648,,otros,
69.401,-10.849831581115723,2.013395309448242,6.047063827514648,,otros,
69.451,-10.899426460266113,2.007042169570923,6.047063827514648,,otros,
69.474,-10.949021339416504,2.0006890296936035,6.047063827514648,,otros,
69.511,-10.998616218566895,1.9943357706069946,6.047063827514648,,otros,
69.558,-11.048211097717285,1.9879825115203857,6.047063827514648,,otros,
69.584,-11.097805976867676,1.9816292524337769,6.047063827514648,,otros,
69.616,-11.147400856018066,1.975275993347168,6.047063827514648,,otros,
69.666,-11.196995735168457,1.968922734260559,6.047063827514648,,otros,
69.688,-11.246590614318848,1.9625694751739502,6.047063827514648,,otros,
69.725,-11.296185493469238,1.9562162160873413,6.047063827514648,,otros,
69.771,-11.345780372619629,1.9498629570007324,6.047063827514648,,otros,
69.798,-11.39537525177002,1.9435096979141235,6.047063827514648,,otros,
69.833,-11.44497013092041,1.9371564388275146,6.047063827514648,,otros,
69.879,-11.4945650100708,1.9308031797409058,6.047063827514648,,otros,
69.905,-11.544159889221191,1.9244499206542969,6.047063827514648,,otros,
69.941,-11.593754768371582,1.918096661567688,6.047063827514648,,otros,
69.988,-11.643349647521973,1.911743402481079,6.047063827514648,,otros,
70.016,-11.692943572998047,1.9053901433944702,6.046803951263428,,otros,
70.05,-11.742509841918945,1.8989503383636475,6.045506000518799,,otros,
70.094,-11.79205322265625,1.8925105333328247,6.043516159057617,,otros,
70.119,-11.841573715209961,1.886070728302002,6.0410075187683105,,otros,
70.152,-11.89108943939209,1.8796309232711792,6.038412570953369,,otros,
70.202,-11.94058609008789,1.8731911182403564,6.0354719161987305,,otros,
70.227,-11.990077018737793,1.8667513132095337,6.032444953918457,,otros,
70.259,-12.039567947387695,1.860311508178711,6.029417991638184,,otros,
70.307,-12.089058876037598,1.8538717031478882,6.02639102935791,,otros,
70.329,-12.1385498046875,1.8474318981170654,6.023364067077637,,otros,
70.363,-12.188040733337402,1.8409920930862427,6.020337104797363,,otros,
70.411,-12.237531661987305,1.83455228805542,6.01731014251709,,otros,
70.438,-12.287022590637207,1.8281124830245972,6.014283180236816,,otros,
70.473,-12.33651351928711,1.8216726779937744,6.011256217956543,,otros,
70.518,-12.386004447937012,1.8152328729629517,6.0082292556762695,,otros,
70.546,-12.435495376586914,1.808793067932129,6.005202293395996,,otros,
70.582,-12.484986305236816,1.8023532629013062,6.002175331115723,,otros,
70.635,-12.534477233886719,1.7959134578704834,5.999148368835449,,otros,
70.654,-12.583968162536621,1.7894736528396606,5.996121406555176,,otros,
70.691,-12.633459091186523,1.783033847808838,5.993094444274902,,otros,
70.738,-12.682950019836426,1.7765940427780151,5.990067481994629,,otros,
70.763,-12.732440948486328,1.7701542377471924,5.9870405197143555,,otros,
70.798,-12.78193187713623,1.7637144327163696,5.984013557434082,,otros,
70.847,-12.831422805786133,1.7572746276855469,5.980986595153809,,otros,
70.87,-12.880913734436035,1.7508348226547241,5.977959632873535,,otros,
70.907,-12.930404663085938,1.7443950176239014,5.974932670593262,,otros,
70.955,-12.97999382019043,1.738908290863037,5.971639156341553,,otros,
70.98,-13.029712677001953,1.7351593971252441,5.96790075302124,,otros,
71.019,-13.07944393157959,1.7315845489501953,5.964161396026611,,otros,
71.069,-13.129188537597656,1.7280967235565186,5.960508346557617,,otros,
71.088,-13.178938865661621,1.7246088981628418,5.956942081451416,,otros,
71.127,-13.2286958694458,1.721121072769165,5.953462600708008,,otros,
71.173,-13.27845287322998,1.7176332473754883,5.9499831199646,,otros,
71.198,-13.32820987701416,1.7141454219818115,5.946503639221191,,otros,
71.237,-13.377972602844238,1.7107446193695068,5.943023681640625,,otros,
71.286,-13.427735328674316,1.7073438167572021,5.939543724060059,,otros,
71.309,-13.477498054504395,1.7039430141448975,5.936063766479492,,otros,
71.343,-13.527260780334473,1.7005422115325928,5.932583808898926,,otros,
71.391,-13.57702350616455,1.697141408920288,5.929103851318359,,otros,
71.414,-13.626786231994629,1.6937406063079834,5.925623893737793,,otros,
71.45,-13.676548957824707,1.6903398036956787,5.922143936157227,,otros,
71.494,-13.726311683654785,1.686939001083374,5.91866397857666,,otros,
71.517,-13.726311683654785,1.686939001083374,5.91866397857666,,otros,
71.555,-13.726311683654785,1.686939001083374,5.91866397857666,,otros,
71.6,-13.726311683654785,1.686939001083374,5.91866397857666,,otros,
71.626,-13.726311683654785,1.686939001083374,5.91866397857666,,otros,
71.66,-13.726311683654785,1.686939001083374,5.91866397857666,,otros,
71.71,-13.726311683654785,1.686939001083374,5.91866397857666,,otros,
71.73,-13.726311683654785,1.686939001083374,5.91866397857666,,otros,
71.77,-13.726311683654785,1.686939001083374,5.91866397857666,,otros,
71.818,-13.726311683654785,1.686939001083374,5.91866397857666,,otros,
71.839,-13.726311683654785,1.686939001083374,5.91866397857666,,otros,
71.879,-13.726311683654785,1.686939001083374,5.91866397857666,,otros,
71.924,-13.726311683654785,1.686939001083374,5.91866397857666,,otros,
71.947,-13.726311683654785,1.686939001083374,5.91866397857666,,otros,
71.985,-13.726311683654785,1.686939001083374,5.91866397857666,,otros,
72.033,-13.726311683654785,1.686939001083374,5.91866397857666,,otros,
72.056,-13.726311683654785,1.686939001083374,5.91866397857666,,otros,
72.092,-13.726311683654785,1.686939001083374,5.91866397857666,,otros,
72.138,-13.726311683654785,1.686939001083374,5.91866397857666,,otros,
72.16,-13.726311683654785,1.686939001083374,5.91866397857666,,otros,
72.196,-13.726311683654785,1.686939001083374,5.91866397857666,,otros,
72.241,-13.726311683654785,1.686939001083374,5.91866397857666,,otros,
72.268,-13.726311683654785,1.686939001083374,5.91866397857666,,otros,
72.303,-13.726311683654785,1.686939001083374,5.91866397857666,,otros,
72.35,-13.726311683654785,1.686939001083374,5.91866397857666,,otros,
72.375,-13.726311683654785,1.686939001083374,5.91866397857666,,otros,
72.408,-13.726311683654785,1.686939001083374,5.91866397857666,,otros,
72.455,-13.726311683654785,1.686939001083374,5.91866397857666,,otros,
72.477,-13.726311683654785,1.686939001083374,5.91866397857666,,otros,
72.516,-13.726311683654785,1.686939001083374,5.91866397857666,,otros,
72.562,-13.726311683654785,1.686939001083374,5.91866397857666,,otros,
72.586,-13.726311683654785,1.686939001083374,5.91866397857666,,otros,
72.621,-13.726311683654785,1.686939001083374,5.91866397857666,,otros,
72.665,-13.726311683654785,1.686939001083374,5.91866397857666,,otros,
72.688,-13.726311683654785,1.686939001083374,5.91866397857666,,otros,
72.73,-13.726311683654785,1.686939001083374,5.91866397857666,,otros,
72.775,-13.726311683654785,1.686939001083374,5.91866397857666,,otros,
72.798,-13.726311683654785,1.686939001083374,5.91866397857666,,otros,
72.835,-13.726311683654785,1.686939001083374,5.91866397857666,,otros,
72.88,-13.726311683654785,1.686939001083374,5.91866397857666,,otros,
72.903,-13.726311683654785,1.686939001083374,5.91866397857666,,otros,
72.941,-13.726311683654785,1.686939001083374,5.91866397857666,,otros,
72.988,-13.726311683654785,1.686939001083374,5.91866397857666,,otros,
73.01,-13.726311683654785,1.686939001083374,5.91866397857666,,otros,
73.046,-13.726311683654785,1.686939001083374,5.91866397857666,,otros,
73.092,-13.726311683654785,1.686939001083374,5.91866397857666,,otros,
73.116,-13.726311683654785,1.686939001083374,5.91866397857666,,otros,
73.15,-13.726311683654785,1.686939001083374,5.91866397857666,,otros,
73.199,-13.726311683654785,1.686939001083374,5.91866397857666,,otros,
73.219,-13.726311683654785,1.686939001083374,5.91866397857666,,otros,
73.252,-13.726311683654785,1.686939001083374,5.91866397857666,,otros,
73.297,-13.726311683654785,1.686939001083374,5.91866397857666,,otros,
73.321,-13.726311683654785,1.686939001083374,5.91866397857666,,otros,
73.356,-13.726311683654785,1.686939001083374,5.91866397857666,,otros,
73.401,-13.726311683654785,1.686939001083374,5.91866397857666,,otros,
73.422,-13.726311683654785,1.686939001083374,5.91866397857666,,otros,
73.458,-13.726311683654785,1.686939001083374,5.91866397857666,,otros,
73.508,-13.726311683654785,1.686939001083374,5.91866397857666,,otros,
73.532,-13.726311683654785,1.686939001083374,5.91866397857666,,otros,
73.567,-13.726311683654785,1.686939001083374,5.91866397857666,,otros,
73.615,-13.726311683654785,1.686939001083374,5.91866397857666,,otros,
73.635,-13.726311683654785,1.686939001083374,5.91866397857666,,otros,
73.668,-13.726311683654785,1.686939001083374,5.91866397857666,,otros,
73.715,-13.726311683654785,1.686939001083374,5.91866397857666,,otros,
73.739,-13.726311683654785,1.686939001083374,5.91866397857666,,otros,
73.772,-13.726311683654785,1.686939001083374,5.91866397857666,,otros,
73.818,-13.726311683654785,1.686939001083374,5.91866397857666,,otros,
73.84,-13.726311683654785,1.686939001083374,5.91866397857666,,otros,
73.874,-13.726311683654785,1.686939001083374,5.91866397857666,,otros,
73.921,-13.726311683654785,1.686939001083374,5.91866397857666,,otros,
73.942,-13.726311683654785,1.686939001083374,5.91866397857666,,otros,
73.977,-13.726311683654785,1.686939001083374,5.91866397857666,,otros,
74.035,-13.726311683654785,1.686939001083374,5.91866397857666,,otros,
74.057,-13.726311683654785,1.686939001083374,5.91866397857666,,otros,
74.092,-13.726311683654785,1.686939001083374,5.91866397857666,,otros,
74.139,-13.726311683654785,1.686939001083374,5.91866397857666,,otros,
74.163,-13.726311683654785,1.686939001083374,5.91866397857666,,otros,
74.196,-13.726311683654785,1.686939001083374,5.91866397857666,,otros,
74.242,-13.726311683654785,1.686939001083374,5.91866397857666,,otros,
74.263,-13.726311683654785,1.686939001083374,5.91866397857666,,otros,
74.296,-13.726311683654785,1.686939001083374,5.91866397857666,,otros,
74.34,-13.726311683654785,1.686939001083374,5.91866397857666,,otros,
74.362,-13.726311683654785,1.686939001083374,5.91866397857666,,otros,
74.395,-13.726311683654785,1.686939001083374,5.91866397857666,,otros,
74.44,-13.726311683654785,1.686939001083374,5.91866397857666,,otros,
74.463,-13.726311683654785,1.686939001083374,5.91866397857666,,otros,
74.496,-13.726311683654785,1.686939001083374,5.91866397857666,,otros,
74.543,-13.726311683654785,1.686939001083374,5.91866397857666,,otros,
74.564,-13.726311683654785,1.686939001083374,5.91866397857666,,otros,
74.598,-13.726311683654785,1.686939001083374,5.91866397857666,,otros,
74.644,-13.726311683654785,1.686939001083374,5.91866397857666,,otros,
74.666,-13.726311683654785,1.686939001083374,5.91866397857666,,otros,
74.697,-13.726311683654785,1.686939001083374,5.91866397857666,,otros,
74.744,-13.726311683654785,1.686939001083374,5.91866397857666,,otros,
74.766,-13.726311683654785,1.686939001083374,5.91866397857666,,otros,
74.8,-13.726311683654785,1.686939001083374,5.91866397857666,,otros,
74.844,-13.726311683654785,1.686939001083374,5.91866397857666,,otros,
74.866,-13.726311683654785,1.686939001083374,5.91866397857666,,otros,
74.901,-13.726311683654785,1.686939001083374,5.91866397857666,,otros,
74.945,-13.726311683654785,1.686939001083374,5.91866397857666,,otros,
74.967,-13.726311683654785,1.686939001083374,5.91866397857666,,otros,
75.0,-13.726311683654785,1.686939001083374,5.91866397857666,,otros,
75.047,-13.726311683654785,1.686939001083374,5.91866397857666,,otros,
75.069,-13.726311683654785,1.686939001083374,5.91866397857666,,otros,
75.104,-13.726311683654785,1.686939001083374,5.91866397857666,,otros,
75.149,-13.726311683654785,1.686939001083374,5.91866397857666,,otros,
75.172,-13.726311683654785,1.686939001083374,5.91866397857666,,otros,
75.204,-13.677213668823242,1.686939001083374,5.909209251403809,,otros,
75.249,-13.6281156539917,1.686939001083374,5.899754524230957,,otros,
75.271,-13.579017639160156,1.686939001083374,5.8902997970581055,,otros,
75.306,-13.529919624328613,1.686939001083374,5.880845069885254,,otros,
75.349,-13.529919624328613,1.686939001083374,5.880845069885254,,otros,
75.371,-13.529919624328613,1.686939001083374,5.880845069885254,,otros,
75.404,-13.529919624328613,1.686939001083374,5.880845069885254,,otros,
75.449,-13.529919624328613,1.686939001083374,5.880845069885254,,otros,
75.471,-13.529919624328613,1.686939001083374,5.880845069885254,,otros,
75.504,-13.529919624328613,1.686939001083374,5.880845069885254,,otros,
75.549,-13.529919624328613,1.686939001083374,5.880845069885254,,otros,
75.57,-13.529919624328613,1.686939001083374,5.880845069885254,,otros,
75.604,-13.529919624328613,1.686939001083374,5.880845069885254,,otros,
75.65,-13.539156913757324,1.6762875318527222,5.832874298095703,,otros,
75.673,-13.548394203186035,1.6656360626220703,5.784903526306152,,otros,
75.706,-13.557631492614746,1.6549845933914185,5.736932754516602,,otros,
75.751,-13.566868782043457,1.6443331241607666,5.688961982727051,,otros,
75.774,-13.576106071472168,1.6336816549301147,5.6409912109375,,otros,
75.807,-13.585343360900879,1.623030185699463,5.593020439147949,,otros,
75.85,-13.59458065032959,1.612378716468811,5.545049667358398,,otros,
75.873,-13.6038179397583,1.6017272472381592,5.497078895568848,,otros,
75.907,-13.613055229187012,1.5910757780075073,5.449108123779297,,otros,
75.952,-13.613055229187012,1.5910757780075073,5.449108123779297,,otros,
75.977,-13.613055229187012,1.5910757780075073,5.449108123779297,,otros,
76.009,-13.613055229187012,1.5910757780075073,5.449108123779297,,otros,
76.054,-13.613055229187012,1.5910757780075073,5.449108123779297,,otros,
76.075,-13.613055229187012,1.5910757780075073,5.449108123779297,,otros,
76.111,-13.613055229187012,1.5910757780075073,5.449108123779297,,otros,
76.156,-13.613055229187012,1.5910757780075073,5.449108123779297,paper,otros,2
76.178,-13.613055229187012,1.5910757780075073,5.449108123779297,paper,otros,2
76.212,-13.613055229187012,1.5910757780075073,5.449108123779297,paper,otros,2
76.258,-13.613055229187012,1.5910757780075073,5.449108123779297,paper,otros,2
76.278,-13.613055229187012,1.5910757780075073,5.449108123779297,paper,otros,2
76.313,-13.613055229187012,1.5910757780075073,5.449108123779297,paper,otros,2
76.356,-13.613055229187012,1.5910757780075073,5.449108123779297,paper,otros,2
76.38,-13.613055229187012,1.5910757780075073,5.449108123779297,paper,otros,2
76.415,-13.613055229187012,1.5910757780075073,5.449108123779297,paper,otros,2
76.459,-13.613055229187012,1.5910757780075073,5.449108123779297,paper,otros,2
76.48,-13.613055229187012,1.5910757780075073,5.449108123779297,paper,otros,2
76.513,-13.613055229187012,1.5910757780075073,5.449108123779297,paper,otros,2
76.559,-13.613055229187012,1.5910757780075073,5.449108123779297,paper,otros,2
76.58,-13.613055229187012,1.5910757780075073,5.449108123779297,paper,otros,2
76.614,-13.613055229187012,1.5910757780075073,5.449108123779297,paper,otros,2
76.649,-13.613055229187012,1.5910757780075073,5.449108123779297,paper,otros,2
76.667,-13.613055229187012,1.5910757780075073,5.449108123779297,paper,otros,2
76.682,-13.613055229187012,1.5910757780075073,5.449108123779297,paper,otros,2
76.716,-13.613055229187012,1.5910757780075073,5.449108123779297,paper,otros,2
76.763,-13.613055229187012,1.5910757780075073,5.449108123779297,paper,otros,2
76.785,-13.613055229187012,1.5910757780075073,5.449108123779297,paper,otros,2
76.818,-13.613055229187012,1.5910757780075073,5.449108123779297,paper,otros,2
76.863,-13.613055229187012,1.5910757780075073,5.449108123779297,paper,otros,2
76.885,-13.613055229187012,1.5910757780075073,5.449108123779297,paper,otros,2
76.92,-13.613055229187012,1.5910757780075073,5.449108123779297,paper,otros,2
76.964,-13.613055229187012,1.5910757780075073,5.449108123779297,,otros,
76.986,-13.613055229187012,1.5910757780075073,5.449108123779297,,otros,
77.018,-13.613055229187012,1.5910757780075073,5.449108123779297,,otros,
77.063,-13.613055229187012,1.5910757780075073,5.449108123779297,,otros,
77.086,-13.613055229187012,1.5910757780075073,5.449108123779297,,otros,
77.118,-13.613055229187012,1.5910757780075073,5.449108123779297,,otros,
77.166,-13.613055229187012,1.5910757780075073,5.449108123779297,paper,otros,2
77.187,-13.613055229187012,1.5910757780075073,5.449108123779297,paper,otros,2
77.22,-13.613055229187012,1.5910757780075073,5.449108123779297,paper,otros,2
77.266,-13.613055229187012,1.5910757780075073,5.449108123779297,paper,otros,2
77.286,-13.613055229187012,1.5910757780075073,5.449108123779297,paper,otros,2
77.32,-13.613055229187012,1.5910757780075073,5.449108123779297,paper,otros,2
77.364,-13.613055229187012,1.5910757780075073,5.449108123779297,paper,otros,2
77.385,-13.613055229187012,1.5910757780075073,5.449108123779297,paper,otros,2
77.418,-13.613055229187012,1.5910757780075073,5.449108123779297,paper,otros,2
77.468,-13.613055229187012,1.5910757780075073,5.449108123779297,paper,otros,2
77.488,-13.613055229187012,1.5910757780075073,5.449108123779297,paper,otros,2
77.526,-13.613055229187012,1.5910757780075073,5.449108123779297,paper,otros,2
77.581,-13.613055229187012,1.5910757780075073,5.449108123779297,paper,otros,2
77.604,-13.613055229187012,1.5910757780075073,5.449108123779297,paper,otros,2
77.643,-13.613055229187012,1.5910757780075073,5.449108123779297,paper,otros,2
77.643,-13.613055229187012,1.5910757780075073,5.449108123779297,paper,otros,2
77.693,-13.613055229187012,1.5910757780075073,5.449108123779297,paper,otros,2
77.727,-13.613055229187012,1.5910757780075073,5.449108123779297,paper,otros,2
77.763,-13.613055229187012,1.5910757780075073,5.449108123779297,paper,otros,2
77.807,-13.613055229187012,1.5910757780075073,5.449108123779297,paper,otros,2
77.831,-13.613055229187012,1.5910757780075073,5.449108123779297,paper,otros,2
77.867,-13.613055229187012,1.5910757780075073,5.449108123779297,paper,otros,2
77.911,-13.613055229187012,1.5910757780075073,5.449108123779297,paper,otros,2
77.934,-13.613055229187012,1.5910757780075073,5.449108123779297,paper,otros,2
77.968,-13.613055229187012,1.5910757780075073,5.449108123779297,paper,otros,2
78.015,-13.613055229187012,1.5910757780075073,5.449108123779297,paper,otros,2
78.034,-13.613055229187012,1.5910757780075073,5.449108123779297,paper,otros,2
78.069,-13.613055229187012,1.5910757780075073,5.449108123779297,paper,otros,2
78.114,-13.613055229187012,1.5910757780075073,5.449108123779297,,otros,
78.137,-13.613055229187012,1.5910757780075073,5.449108123779297,,otros,
78.17,-13.613055229187012,1.5910757780075073,5.449108123779297,,otros,
78.215,-13.613055229187012,1.5910757780075073,5.449108123779297,,otros,
78.237,-13.613055229187012,1.5910757780075073,5.449108123779297,,otros,
78.269,-13.613055229187012,1.5910757780075073,5.449108123779297,,otros,
78.315,-13.613055229187012,1.5910757780075073,5.449108123779297,,otros,
78.337,-13.613055229187012,1.5910757780075073,5.449108123779297,,otros,
78.37,-13.613055229187012,1.5910757780075073,5.449108123779297,,otros,
78.413,-13.613055229187012,1.5910757780075073,5.449108123779297,,otros,
78.436,-13.613055229187012,1.5910757780075073,5.449108123779297,,otros,
78.468,-13.613055229187012,1.5910757780075073,5.449108123779297,,otros,
78.513,-13.613055229187012,1.5910757780075073,5.449108123779297,,otros,
78.535,-13.613055229187012,1.5910757780075073,5.449108123779297,,otros,
78.568,-13.613055229187012,1.5910757780075073,5.449108123779297,,otros,
78.613,-13.613055229187012,1.5910757780075073,5.449108123779297,,otros,
78.636,-13.613055229187012,1.5910757780075073,5.449108123779297,,otros,
78.669,-13.613055229187012,1.5910757780075073,5.449108123779297,,otros,
78.714,-13.6038179397583,1.6017272472381592,5.497078895568848,,otros,
78.735,-13.59458065032959,1.612378716468811,5.545049667358398,,otros,
78.768,-13.585343360900879,1.623030185699463,5.593020439147949,,otros,
78.812,-13.576106071472168,1.6336816549301147,5.6409912109375,,otros,
78.834,-13.566868782043457,1.6443331241607666,5.688961982727051,,otros,
78.867,-13.557631492614746,1.6549845933914185,5.736932754516602,,otros,
78.911,-13.548394203186035,1.6656360626220703,5.784903526306152,,otros,
78.934,-13.539156913757324,1.6762875318527222,5.832874298095703,,otros,
78.966,-13.529919624328613,1.686939001083374,5.880845069885254,,otros,
79.011,-13.520682334899902,1.6975904703140259,5.928815841674805,,otros,
79.033,-13.511445045471191,1.7082419395446777,5.9767866134643555,,otros,
79.067,-13.511445045471191,1.7082419395446777,5.9767866134643555,,otros,
79.109,-13.511445045471191,1.7082419395446777,5.9767866134643555,,otros,
79.132,-13.511445045471191,1.7082419395446777,5.9767866134643555,,otros,
79.168,-13.511445045471191,1.7082419395446777,5.9767866134643555,,otros,
79.212,-13.511445045471191,1.7082419395446777,5.9767866134643555,,otros,
79.234,-13.511445045471191,1.7082419395446777,5.9767866134643555,,otros,
79.267,-13.511445045471191,1.7082419395446777,5.9767866134643555,,otros,
79.311,-13.511445045471191,1.7082419395446777,5.9767866134643555,,otros,
79.333,-13.511445045471191,1.7082419395446777,5.9767866134643555,,otros,
79.366,-13.511445045471191,1.7082419395446777,5.9767866134643555,,otros,
79.411,-13.511445045471191,1.7082419395446777,5.9767866134643555,,otros,
79.433,-13.511445045471191,1.7082419395446777,5.9767866134643555,,otros,
79.466,-13.511445045471191,1.7082419395446777,5.9767866134643555,,otros,
79.51,-13.511445045471191,1.7082419395446777,5.9767866134643555,,otros,
79.533,-13.511445045471191,1.7082419395446777,5.9767866134643555,,otros,
79.565,-13.511445045471191,1.7082419395446777,5.9767866134643555,,otros,
79.611,-13.511445045471191,1.7082419395446777,5.9767866134643555,,otros,
79.631,-13.511445045471191,1.7082419395446777,5.9767866134643555,,otros,
79.664,-13.511445045471191,1.7082419395446777,5.9767866134643555,,otros,
79.709,-13.511445045471191,1.7082419395446777,5.9767866134643555,,otros,
79.731,-13.511445045471191,1.7082419395446777,5.9767866134643555,,otros,
79.764,-13.511445045471191,1.7082419395446777,5.9767866134643555,,otros,
79.807,-13.511445045471191,1.7082419395446777,5.9767866134643555,,otros,
79.83,-13.511445045471191,1.7082419395446777,5.9767866134643555,,otros,
79.863,-13.511445045471191,1.7082419395446777,5.9767866134643555,,otros,
79.908,-13.511445045471191,1.7082419395446777,5.9767866134643555,,otros,
79.93,-13.509430885314941,1.659389615058899,5.987246036529541,,otros,
79.962,-13.507416725158691,1.6105372905731201,5.997705459594727,,otros,
80.006,-13.505402565002441,1.5616849660873413,6.008164882659912,,otros,
80.029,-13.503388404846191,1.5128326416015625,6.018624305725098,,otros,
80.062,-13.501374244689941,1.4639803171157837,6.029083728790283,,otros,
80.106,-13.499360084533691,1.4151279926300049,6.039543151855469,,otros,
80.128,-13.497345924377441,1.366275668144226,6.050002574920654,,otros,
80.162,-13.495331764221191,1.3174233436584473,6.06046199798584,,otros,
80.212,-13.493317604064941,1.2685710191726685,6.070921421051025,,otros,
80.234,-13.491303443908691,1.2197186946868896,6.081380844116211,,otros,
80.268,-13.489289283752441,1.1708663702011108,6.0918402671813965,,otros,
80.313,-13.487275123596191,1.122014045715332,6.102299690246582,,otros,
80.337,-13.485260963439941,1.0731617212295532,6.112759113311768,,otros,
80.37,-13.483246803283691,1.0243093967437744,6.123218536376953,,otros,
80.416,-13.483246803283691,1.0243093967437744,6.123218536376953,,otros,
80.44,-13.483246803283691,1.0243093967437744,6.123218536376953,,otros,
80.474,-13.483246803283691,1.0243093967437744,6.123218536376953,,otros,
80.52,-13.483246803283691,1.0243093967437744,6.123218536376953,,otros,
80.542,-13.483246803283691,1.0243093967437744,6.123218536376953,,otros,
80.576,-13.483246803283691,1.0243093967437744,6.123218536376953,,otros,
80.623,-13.483246803283691,1.0243093967437744,6.123218536376953,,otros,
80.642,-13.483246803283691,1.0243093967437744,6.123218536376953,,otros,
80.675,-13.483246803283691,1.0243093967437744,6.123218536376953,,otros,
80.718,-13.483246803283691,1.0243093967437744,6.123218536376953,,otros,
80.742,-13.483246803283691,1.0243093967437744,6.123218536376953,,otros,
80.777,-13.483246803283691,1.0243093967437744,6.123218536376953,,otros,
80.823,-13.483246803283691,1.0243093967437744,6.123218536376953,,otros,
80.848,-13.492484092712402,1.0136579275131226,6.075247764587402,,otros,
80.881,-13.501721382141113,1.0030064582824707,6.027276992797852,,otros,
80.927,-13.510958671569824,0.9923549294471741,5.979306221008301,,otros,
80.952,-13.520195960998535,0.9817034006118774,5.93133544921875,,otros,
80.985,-13.529433250427246,0.9710518717765808,5.883364677429199,,otros,
81.031,-13.538670539855957,0.9604003429412842,5.835393905639648,,otros,
81.052,-13.547907829284668,0.9497488141059875,5.787423133850098,,otros,
81.084,-13.557145118713379,0.9390972852706909,5.739452362060547,,otros,
81.13,-13.56638240814209,0.9284457564353943,5.691481590270996,,otros,
81.153,-13.5756196975708,0.9177942276000977,5.643510818481445,,otros,
81.188,-13.584856986999512,0.907142698764801,5.5955400466918945,,otros,
81.233,-13.594094276428223,0.8964911699295044,5.547569274902344,paper,otros,1
81.254,-13.603331565856934,0.8858396410942078,5.499598503112793,paper,otros,1
81.288,-13.612568855285645,0.8751881122589111,5.451627731323242,paper,otros,1
81.338,-13.612568855285645,0.8751881122589111,5.451627731323242,paper,otros,1
81.358,-13.612568855285645,0.8751881122589111,5.451627731323242,paper,otros,1
81.392,-13.612568855285645,0.8751881122589111,5.451627731323242,paper,otros,1
81.438,-13.612568855285645,0.8751881122589111,5.451627731323242,paper,otros,1
81.461,-13.612568855285645,0.8751881122589111,5.451627731323242,paper,otros,1
81.496,-13.612568855285645,0.8751881122589111,5.451627731323242,paper,otros,1
81.543,-13.612568855285645,0.8751881122589111,5.451627731323242,paper,otros,1
81.564,-13.612568855285645,0.8751881122589111,5.451627731323242,paper,otros,1
81.598,-13.612568855285645,0.8751881122589111,5.451627731323242,paper,otros,1
81.646,-13.612568855285645,0.8751881122589111,5.451627731323242,paper,otros,1
81.669,-13.612568855285645,0.8751881122589111,5.451627731323242,paper,otros,1
81.702,-13.612568855285645,0.8751881122589111,5.451627731323242,paper,otros,1
81.747,-13.612568855285645,0.8751881122589111,5.451627731323242,paper,otros,1
81.77,-13.612568855285645,0.8751881122589111,5.451627731323242,paper,otros,1
81.804,-13.612568855285645,0.8751881122589111,5.451627731323242,paper,otros,1
81.805,-13.612568855285645,0.8751881122589111,5.451627731323242,paper,otros,1
81.852,-13.612568855285645,0.8751881122589111,5.451627731323242,paper,otros,1
81.875,-13.612568855285645,0.8751881122589111,5.451627731323242,paper,otros,1
81.91,-13.612568855285645,0.8751881122589111,5.451627731323242,paper,otros,1
81.961,-13.612568855285645,0.8751881122589111,5.451627731323242,paper,otros,1
81.985,-13.612568855285645,0.8751881122589111,5.451627731323242,paper,otros,1
82.02,-13.612568855285645,0.8751881122589111,5.451627731323242,paper,otros,1
82.066,-13.612568855285645,0.8751881122589111,5.451627731323242,paper,otros,1
82.088,-13.612568855285645,0.8751881122589111,5.451627731323242,paper,otros,1
82.121,-13.612568855285645,0.8751881122589111,5.451627731323242,paper,otros,1
82.169,-13.612568855285645,0.8751881122589111,5.451627731323242,,otros,
82.192,-13.612568855285645,0.8751881122589111,5.451627731323242,,otros,
82.225,-13.612568855285645,0.8751881122589111,5.451627731323242,,otros,
82.27,-13.612568855285645,0.8751881122589111,5.451627731323242,,otros,
82.294,-13.612568855285645,0.8751881122589111,5.451627731323242,,otros,
82.327,-13.612568855285645,0.8751881122589111,5.451627731323242,,otros,
82.379,-13.612568855285645,0.8751881122589111,5.451627731323242,paper,otros,1
82.395,-13.612568855285645,0.8751881122589111,5.451627731323242,paper,otros,1
82.428,-13.612568855285645,0.8751881122589111,5.451627731323242,paper,otros,1
82.473,-13.612568855285645,0.8751881122589111,5.451627731323242,paper,otros,1
82.497,-13.612568855285645,0.8751881122589111,5.451627731323242,paper,otros,1
82.53,-13.612568855285645,0.8751881122589111,5.451627731323242,paper,otros,1
82.575,-13.612568855285645,0.8751881122589111,5.451627731323242,paper,otros,1
82.598,-13.612568855285645,0.8751881122589111,5.451627731323242,paper,otros,1
82.632,-13.612568855285645,0.8751881122589111,5.451627731323242,paper,otros,1
82.681,-13.612568855285645,0.8751881122589111,5.451627731323242,paper,otros,1
82.703,-13.612568855285645,0.8751881122589111,5.451627731323242,paper,otros,1
82.736,-13.612568855285645,0.8751881122589111,5.451627731323242,paper,otros,1
82.782,-13.612568855285645,0.8751881122589111,5.451627731323242,paper,otros,1
82.803,-13.612568855285645,0.8751881122589111,5.451627731323242,paper,otros,1
82.838,-13.612568855285645,0.8751881122589111,5.451627731323242,paper,otros,1
82.84,-13.612568855285645,0.8751881122589111,5.451627731323242,paper,otros,1
82.882,-13.612568855285645,0.8751881122589111,5.451627731323242,paper,otros,1
82.905,-13.612568855285645,0.8751881122589111,5.451627731323242,paper,otros,1
82.939,-13.612568855285645,0.8751881122589111,5.451627731323242,paper,otros,1
82.985,-13.612568855285645,0.8751881122589111,5.451627731323242,paper,otros,1
83.007,-13.612568855285645,0.8751881122589111,5.451627731323242,paper,otros,1
83.039,-13.612568855285645,0.8751881122589111,5.451627731323242,paper,otros,1
83.084,-13.612568855285645,0.8751881122589111,5.451627731323242,paper,otros,1
83.107,-13.612568855285645,0.8751881122589111,5.451627731323242,paper,otros,1
83.139,-13.612568855285645,0.8751881122589111,5.451627731323242,paper,otros,1
83.184,-13.612568855285645,0.8751881122589111,5.451627731323242,paper,otros,1
83.206,-13.612568855285645,0.8751881122589111,5.451627731323242,paper,otros,1
83.238,-13.612568855285645,0.8751881122589111,5.451627731323242,paper,otros,1
83.284,-13.612568855285645,0.8751881122589111,5.451627731323242,,otros,
83.305,-13.612568855285645,0.8751881122589111,5.451627731323242,,otros,
83.337,-13.612568855285645,0.8751881122589111,5.451627731323242,,otros,
83.38,-13.612568855285645,0.8751881122589111,5.451627731323242,,otros,
83.403,-13.612568855285645,0.8751881122589111,5.451627731323242,,otros,
83.436,-13.612568855285645,0.8751881122589111,5.451627731323242,,otros,
83.482,-13.612568855285645,0.8751881122589111,5.451627731323242,,otros,
83.502,-13.612568855285645,0.8751881122589111,5.451627731323242,,otros,
83.535,-13.612568855285645,0.8751881122589111,5.451627731323242,,otros,
83.579,-13.612568855285645,0.8751881122589111,5.451627731323242,,otros,
83.602,-13.612568855285645,0.8751881122589111,5.451627731323242,,otros,
83.635,-13.612568855285645,0.8751881122589111,5.451627731323242,,otros,
83.68,-13.612568855285645,0.8751881122589111,5.451627731323242,,otros,
83.703,-13.612568855285645,0.8751881122589111,5.451627731323242,,otros,
83.738,-13.612568855285645,0.8751881122589111,5.451627731323242,,otros,
83.786,-13.612568855285645,0.8751881122589111,5.451627731323242,,otros,
83.814,-13.612568855285645,0.8751881122589111,5.451627731323242,,otros,
83.861,-13.612568855285645,0.8751881122589111,5.451627731323242,,otros,
83.907,-13.612568855285645,0.8751881122589111,5.451627731323242,,otros,
83.932,-13.612568855285645,0.8751881122589111,5.451627731323242,,otros,
83.965,-13.612568855285645,0.8751881122589111,5.451627731323242,,otros,
84.01,-13.612568855285645,0.8751881122589111,5.451627731323242,,otros,
84.036,-13.612568855285645,0.8751881122589111,5.451627731323242,,otros,
84.07,-13.612568855285645,0.8751881122589111,5.451627731323242,,otros,
84.119,-13.612568855285645,0.8751881122589111,5.451627731323242,,otros,
84.143,-13.612568855285645,0.8751881122589111,5.451627731323242,,otros,
84.178,-13.612568855285645,0.8751881122589111,5.451627731323242,,otros,
84.229,-13.614583015441895,0.9240403771400452,5.441168308258057,,otros,
84.253,-13.616597175598145,0.9728926420211792,5.430708885192871,,otros,
84.293,-13.618611335754395,1.021744966506958,5.4202494621276855,,otros,
84.339,-13.620625495910645,1.0705972909927368,5.4097900390625,paper,otros,1
84.361,-13.622639656066895,1.1194496154785156,5.3993306159973145,paper,otros,1
84.395,-13.624653816223145,1.1683019399642944,5.388871192932129,paper,otros,1
84.442,-13.626667976379395,1.2171542644500732,5.378411769866943,paper,otros,1
84.464,-13.628682136535645,1.266006588935852,5.367952346801758,paper,otros,1
84.498,-13.630696296691895,1.3148589134216309,5.357492923736572,paper,otros,1
84.542,-13.632710456848145,1.3637112379074097,5.347033500671387,,otros,
84.563,-13.634724617004395,1.4125635623931885,5.336574077606201,,otros,
84.598,-13.636738777160645,1.4614158868789673,5.326114654541016,,otros,
84.645,-13.638752937316895,1.510268211364746,5.31565523147583,,otros,
84.674,-13.640767097473145,1.559120535850525,5.3051958084106445,,otros,
84.707,-13.642781257629395,1.6079728603363037,5.294736385345459,,otros,
84.753,-13.644795417785645,1.6568251848220825,5.284276962280273,paper,otros,2
84.774,-13.646809577941895,1.7056775093078613,5.273817539215088,paper,otros,2
84.806,-13.648823738098145,1.7545298337936401,5.263358116149902,paper,otros,2
84.853,-13.650837898254395,1.803382158279419,5.252898693084717,paper,otros,2
84.873,-13.652852058410645,1.8522344827651978,5.242439270019531,paper,otros,2
84.907,-13.654866218566895,1.9010868072509766,5.231979846954346,paper,otros,2
84.949,-13.656880378723145,1.9499391317367554,5.22152042388916,,otros,
84.973,-13.658894538879395,1.9987914562225342,5.211061000823975,,otros,
85.007,-13.660908699035645,2.0476436614990234,5.200601577758789,,otros,
85.052,-13.662922859191895,2.0964958667755127,5.1901421546936035,,otros,
85.076,-13.664937019348145,2.145348072052002,5.179682731628418,,otros,
85.108,-13.666951179504395,2.194200277328491,5.169223308563232,,otros,
85.151,-13.668965339660645,2.2430524826049805,5.158763885498047,,otros,
85.174,-13.670979499816895,2.2919046878814697,5.148304462432861,,otros,
85.208,-13.672993659973145,2.340756893157959,5.137845039367676,,otros,
85.253,-13.675007820129395,2.3896090984344482,5.12738561630249,paper,otros,3
85.274,-13.677021980285645,2.4384613037109375,5.116926193237305,paper,otros,3
85.307,-13.679036140441895,2.4873135089874268,5.106466770172119,paper,otros,3
85.352,-13.681050300598145,2.536165714263916,5.096007347106934,paper,otros,3
85.373,-13.683064460754395,2.5850179195404053,5.085547924041748,paper,otros,3
85.405,-13.685078620910645,2.6338701248168945,5.0750885009765625,paper,otros,3
85.449,-13.687092781066895,2.682722330093384,5.064629077911377,,otros,
85.471,-13.689106941223145,2.731574535369873,5.054169654846191,,otros,
85.504,-13.689106941223145,2.731574535369873,5.054169654846191,,otros,
85.55,-13.689106941223145,2.731574535369873,5.054169654846191,,otros,
85.57,-13.689106941223145,2.731574535369873,5.054169654846191,,otros,
85.603,-13.689106941223145,2.731574535369873,5.054169654846191,,otros,
85.648,-13.689106941223145,2.731574535369873,5.054169654846191,,otros,
85.671,-13.689106941223145,2.731574535369873,5.054169654846191,,otros,
85.704,-13.689106941223145,2.731574535369873,5.054169654846191,,otros,
85.75,-13.689106941223145,2.731574535369873,5.054169654846191,,otros,
85.773,-13.689106941223145,2.731574535369873,5.054169654846191,,otros,
85.807,-13.689106941223145,2.731574535369873,5.054169654846191,,otros,
85.851,-13.689106941223145,2.731574535369873,5.054169654846191,,otros,
85.877,-13.689106941223145,2.731574535369873,5.054169654846191,,otros,
85.909,-13.689106941223145,2.731574535369873,5.054169654846191,,otros,
85.952,-13.689106941223145,2.731574535369873,5.054169654846191,,otros,
85.975,-13.689106941223145,2.731574535369873,5.054169654846191,,otros,
86.008,-13.689106941223145,2.731574535369873,5.054169654846191,,otros,
86.054,-13.689106941223145,2.731574535369873,5.054169654846191,,otros,
86.076,-13.689106941223145,2.731574535369873,5.054169654846191,,otros,
86.107,-13.689106941223145,2.731574535369873,5.054169654846191,,otros,
86.151,-13.689106941223145,2.731574535369873,5.054169654846191,,otros,
86.173,-13.689106941223145,2.731574535369873,5.054169654846191,,otros,
86.208,-13.689106941223145,2.731574535369873,5.054169654846191,,otros,
86.254,-13.689106941223145,2.731574535369873,5.054169654846191,,otros,
86.274,-13.689106941223145,2.731574535369873,5.054169654846191,,otros,
86.307,-13.679869651794434,2.7422261238098145,5.102140426635742,,otros,
86.35,-13.670632362365723,2.752877712249756,5.150111198425293,,otros,
86.373,-13.661395072937012,2.7635293006896973,5.198081970214844,,otros,
86.406,-13.6521577835083,2.7741808891296387,5.2460527420043945,,otros,
86.449,-13.64292049407959,2.78483247756958,5.294023513793945,,otros,
86.471,-13.633683204650879,2.7954840660095215,5.341994285583496,,otros,
86.504,-13.624445915222168,2.806135654449463,5.389965057373047,,otros,
86.549,-13.615208625793457,2.8167872428894043,5.437935829162598,paper,otros,3
86.569,-13.605971336364746,2.8274388313293457,5.485906600952148,paper,otros,3
86.603,-13.596734046936035,2.838090419769287,5.533877372741699,paper,otros,3
86.647,-13.587496757507324,2.8487420082092285,5.58184814453125,,otros,
86.668,-13.578259468078613,2.85939359664917,5.629818916320801,,otros,
86.702,-13.569022178649902,2.8700451850891113,5.677789688110352,,otros,
86.746,-13.559784889221191,2.8806967735290527,5.725760459899902,,otros,
86.77,-13.55054759979248,2.891348361968994,5.773731231689453,,otros,
86.807,-13.54131031036377,2.9019999504089355,5.821702003479004,,otros,
86.85,-13.532073020935059,2.912651538848877,5.869672775268555,,otros,
86.874,-13.522835731506348,2.9233031272888184,5.9176435470581055,,otros,
86.905,-13.513598442077637,2.9339547157287598,5.965614318847656,,otros,
86.95,-13.513598442077637,2.9339547157287598,5.965614318847656,,otros,
86.973,-13.513598442077637,2.9339547157287598,5.965614318847656,,otros,
87.006,-13.513598442077637,2.9339547157287598,5.965614318847656,,otros,
87.051,-13.513598442077637,2.9339547157287598,5.965614318847656,,otros,
87.071,-13.513598442077637,2.9339547157287598,5.965614318847656,,otros,
87.103,-13.513598442077637,2.9339547157287598,5.965614318847656,,otros,
87.147,-13.513598442077637,2.9339547157287598,5.965614318847656,,otros,
87.17,-13.513598442077637,2.9339547157287598,5.965614318847656,,otros,
87.203,-13.513598442077637,2.9339547157287598,5.965614318847656,,otros,
87.246,-13.513598442077637,2.9339547157287598,5.965614318847656,,otros,
87.269,-13.513598442077637,2.9339547157287598,5.965614318847656,,otros,
87.302,-13.513598442077637,2.9339547157287598,5.965614318847656,,otros,
87.346,-13.464500427246094,2.9339547157287598,5.956159591674805,,otros,
87.371,-13.41540241241455,2.9339547157287598,5.946704864501953,,otros,
87.403,-13.366531372070312,2.9339547157287598,5.93613862991333,,otros,
87.455,-13.318190574645996,2.9339547157287598,5.923366546630859,,otros,
87.479,-13.270665168762207,2.9339547157287598,5.907832622528076,,otros,
87.511,-13.224081039428711,2.9339547157287598,5.889669895172119,,otros,
87.554,-13.178619384765625,2.9339547157287598,5.868855953216553,,otros,
87.577,-13.134228706359863,2.9339547157287598,5.845846176147461,,otros,
87.61,-13.091014862060547,2.9339547157287598,5.820695400238037,,otros,
87.654,-13.049034118652344,2.9339547157287598,5.79353666305542,,otros,
87.677,-13.008277893066406,2.9339547157287598,5.764572620391846,,otros,
87.71,-12.96813678741455,2.9339547157287598,5.7347612380981445,,otros,
87.754,-12.9281005859375,2.9339547157287598,5.70481014251709,,otros,
87.776,-12.88806438446045,2.9339547157287598,5.674859046936035,,otros,
87.809,-12.88806438446045,2.9339547157287598,5.674859046936035,,otros,
87.852,-12.88806438446045,2.9339547157287598,5.674859046936035,,otros,
87.874,-12.88806438446045,2.9339547157287598,5.674859046936035,,otros,
87.908,-12.88806438446045,2.9339547157287598,5.674859046936035,,otros,
87.954,-12.88806438446045,2.9339547157287598,5.674859046936035,,otros,
87.977,-12.88806438446045,2.9339547157287598,5.674859046936035,,otros,
88.01,-12.88806438446045,2.9339547157287598,5.674859046936035,,otros,
88.055,-12.88806438446045,2.9339547157287598,5.674859046936035,,otros,
88.077,-12.88806438446045,2.9339547157287598,5.674859046936035,,otros,
88.11,-12.88806438446045,2.9339547157287598,5.674859046936035,,otros,
88.154,-12.88806438446045,2.9339547157287598,5.674859046936035,,otros,
88.176,-12.88806438446045,2.9339547157287598,5.674859046936035,,otros,
88.209,-12.88806438446045,2.9339547157287598,5.674859046936035,,otros,
88.25,-12.88806438446045,2.9339547157287598,5.674859046936035,,otros,
88.275,-12.88806438446045,2.9339547157287598,5.674859046936035,,otros,
88.308,-12.88806438446045,2.9339547157287598,5.674859046936035,,otros,
88.351,-12.88806438446045,2.9339547157287598,5.674859046936035,,otros,
88.374,-12.88806438446045,2.9339547157287598,5.674859046936035,,otros,
88.407,-12.88806438446045,2.9339547157287598,5.674859046936035,,otros,
88.451,-12.88806438446045,2.9339547157287598,5.674859046936035,,otros,
88.473,-12.88806438446045,2.9339547157287598,5.674859046936035,,otros,
88.505,-12.88806438446045,2.9339547157287598,5.674859046936035,,otros,
88.551,-12.88806438446045,2.9339547157287598,5.674859046936035,,otros,
88.572,-12.88806438446045,2.9339547157287598,5.674859046936035,,otros,
88.605,-12.88806438446045,2.9339547157287598,5.674859046936035,,otros,
88.649,-12.88806438446045,2.9339547157287598,5.674859046936035,,otros,
88.671,-12.88806438446045,2.9339547157287598,5.674859046936035,,otros,
88.704,-12.88806438446045,2.9339547157287598,5.674859046936035,,otros,
88.749,-12.88806438446045,2.9339547157287598,5.674859046936035,,otros,
88.77,-12.88806438446045,2.9339547157287598,5.674859046936035,,otros,
88.807,-12.88806438446045,2.9339547157287598,5.674859046936035,,otros,
88.85,-12.88806438446045,2.9339547157287598,5.674859046936035,,otros,
88.873,-12.936087608337402,2.921266794204712,5.669132709503174,,otros,
88.907,-12.984110832214355,2.908578872680664,5.6634063720703125,,otros,
88.949,-13.032134056091309,2.895890951156616,5.657680034637451,,otros,
88.972,-13.080157279968262,2.8832030296325684,5.65195369720459,,otros,
89.006,-13.128180503845215,2.8705151081085205,5.6462273597717285,,otros,
89.051,-13.176203727722168,2.8578271865844727,5.640501022338867,,otros,
89.072,-13.224226951599121,2.845139265060425,5.634774684906006,,otros,
89.104,-13.272250175476074,2.832451343536377,5.6290483474731445,,otros,
89.148,-13.320273399353027,2.819763422012329,5.623322010040283,,otros,
89.171,-13.36829662322998,2.8070755004882812,5.617595672607422,,otros,
89.204,-13.416319847106934,2.7943875789642334,5.6118693351745605,,otros,
89.246,-13.464343070983887,2.7816996574401855,5.606142997741699,,otros,
89.27,-13.51236629486084,2.7690117359161377,5.600416660308838,,otros,
89.304,-13.560389518737793,2.75632381439209,5.594690322875977,,otros,
89.349,-13.608603477478027,2.743635892868042,5.590895652770996,,otros,
89.37,-13.657035827636719,2.73128604888916,5.589542865753174,,otros,
89.401,-13.705550193786621,2.7191898822784424,5.589712142944336,,otros,
89.446,-13.754118919372559,2.707347869873047,5.590644836425781,,otros,
89.47,-13.802767753601074,2.695930242538452,5.592343807220459,,otros,
89.506,-13.851557731628418,2.685364007949829,5.595157146453857,,otros,
89.549,-13.900579452514648,2.6766815185546875,5.599791049957275,,otros,
89.57,-13.949771881103516,2.670328378677368,5.606092929840088,,otros,
89.605,-13.999024391174316,2.6654491424560547,5.613190174102783,,otros,
89.648,-14.048276901245117,2.660830497741699,5.620462894439697,,otros,
89.668,-14.097529411315918,2.6562118530273438,5.627735614776611,,otros,
89.702,-14.146756172180176,2.6515932083129883,5.635180473327637,,otros,
89.747,-14.195942878723145,2.646974563598633,5.642882823944092,,otros,
89.769,-14.245102882385254,2.6423559188842773,5.6507568359375,,otros,
89.802,-14.294262886047363,2.637737274169922,5.658630847930908,,otros,
89.846,-14.343422889709473,2.6331186294555664,5.666504859924316,,otros,
89.868,-14.392568588256836,2.628499984741211,5.674464702606201,,otros,
89.9,-14.4417142868042,2.6238813400268555,5.682424545288086,,otros,
89.944,-14.490859985351562,2.6192626953125,5.690384387969971,,otros,
89.966,-14.540005683898926,2.6146440505981445,5.6983442306518555,,otros,
90.0,-14.589205741882324,2.610025405883789,5.705960750579834,,otros,
90.046,-14.638432502746582,2.6054067611694336,5.713405609130859,,otros,
90.07,-14.68765926361084,2.600788116455078,5.720850467681885,,otros,
90.101,-14.736886024475098,2.5961694717407227,5.72829532623291,,otros,
90.145,-14.786112785339355,2.591550827026367,5.7357401847839355,,otros,
90.167,-14.835339546203613,2.5869321823120117,5.743185043334961,,otros,
90.201,-14.884566307067871,2.5823135375976562,5.750629901885986,,otros,
90.246,-14.933793067932129,2.577694892883301,5.758074760437012,,otros,
90.269,-14.983019828796387,2.5730762481689453,5.765519618988037,,otros,
90.304,-15.032246589660645,2.56845760345459,5.7729644775390625,,otros,
90.348,-15.081511497497559,2.5635783672332764,5.779975891113281,,otros,
90.371,-15.130830764770508,2.5579183101654053,5.785943984985352,,otros,
90.404,-15.180156707763672,2.5517382621765137,5.791302680969238,,otros,
90.448,-15.2294340133667,2.545038938522339,5.796482086181641,,otros,
90.47,-15.27869701385498,2.5381667613983154,5.801572799682617,,otros,
90.503,-15.327948570251465,2.531208038330078,5.806662559509277,,otros,
90.548,-15.37720012664795,2.524249315261841,5.8117523193359375,,otros,
90.57,-15.426451683044434,2.5172905921936035,5.816842079162598,,otros,
90.603,-15.475703239440918,2.510331869125366,5.821931838989258,,otros,
90.649,-15.524954795837402,2.503373146057129,5.827021598815918,,otros,
90.67,-15.574206352233887,2.4964144229888916,5.832111358642578,,otros,
90.705,-15.623457908630371,2.4894556999206543,5.837201118469238,,otros,
90.75,-15.672709465026855,2.482496976852417,5.842290878295898,,otros,
90.769,-15.72196102142334,2.4755382537841797,5.847380638122559,,otros,
90.802,-15.771212577819824,2.4685795307159424,5.852470397949219,,otros,
90.847,-15.820464134216309,2.461620807647705,5.857560157775879,,otros,
90.868,-15.869715690612793,2.4546620845794678,5.862649917602539,,otros,
90.901,-15.918967247009277,2.4477033615112305,5.867739677429199,,otros,
90.946,-15.968218803405762,2.440744638442993,5.872829437255859,,otros,
90.967,-16.01746940612793,2.433785915374756,5.8779191970825195,,otros,
91.0,-16.066720962524414,2.4268271923065186,5.88300895690918,,otros,
91.046,-16.1159725189209,2.4198684692382812,5.88809871673584,,otros,
91.068,-16.165224075317383,2.412909746170044,5.8931884765625,,otros,
91.099,-16.214475631713867,2.4059510231018066,5.89827823638916,,otros,
91.147,-16.26372718811035,2.3989923000335693,5.90336799621582,,otros,
91.167,-16.312978744506836,2.392033576965332,5.9084577560424805,,otros,
91.2,-16.36223030090332,2.3850748538970947,5.913547515869141,,otros,
91.247,-16.411481857299805,2.3781161308288574,5.918637275695801,,otros,
91.267,-16.46073341369629,2.37115740776062,5.923727035522461,,otros,
91.301,-16.51006507873535,2.364198684692383,5.9279561042785645,,otros,
91.348,-16.559492111206055,2.3572399616241455,5.930892467498779,,otros,
91.367,-16.608993530273438,2.350281238555908,5.932015895843506,,otros,
91.401,-16.658506393432617,2.343322515487671,5.931756496429443,,otros,
91.444,-16.7080078125,2.3363637924194336,5.930633068084717,,otros,
91.466,-16.757511138916016,2.32949161529541,5.929163932800293,,otros,
91.499,-16.807043075561523,2.322965383529663,5.9271745681762695,,otros,
91.544,-16.856618881225586,2.317131757736206,5.924315929412842,,otros,
91.564,-16.906213760375977,2.3123395442962646,5.920151233673096,,otros,
91.598,-16.9558048248291,2.3093743324279785,5.914501190185547,,otros,
91.644,-17.005380630493164,2.3071062564849854,5.908413887023926,,otros,
91.663,-17.054956436157227,2.304838180541992,5.902326583862305,,otros,
91.695,-17.10453224182129,2.302570104598999,5.896239280700684,,otros,
91.742,-17.15410804748535,2.300302028656006,5.8901519775390625,,otros,
91.76,-17.203683853149414,2.2980339527130127,5.884064674377441,,otros,
91.793,-17.253259658813477,2.2957658767700195,5.87797737121582,,otros,
91.839,-17.30283546447754,2.2934978008270264,5.871890068054199,,otros,
91.86,-17.352333068847656,2.291229724884033,5.865197658538818,,otros,
91.893,-17.40169334411621,2.28896164894104,5.857556343078613,,otros,
91.937,-17.4508056640625,2.286693572998047,5.848453998565674,,otros,
91.957,-17.499629974365234,2.284512519836426,5.837897777557373,,otros,
91.991,-17.548202514648438,2.2823314666748047,5.826236724853516,,otros,
92.037,-17.596406936645508,2.2801504135131836,5.813139915466309,,otros,
92.057,-17.644302368164062,2.2779693603515625,5.798952579498291,,otros,
92.09,-17.69207191467285,2.2757883071899414,5.784348011016846,,otros,
92.133,-17.73971176147461,2.2736072540283203,5.769327163696289,,otros,
92.154,-17.78732681274414,2.271426200866699,5.754222869873047,,otros,
92.19,-17.835020065307617,2.269245147705078,5.739368438720703,,otros,
92.235,-17.882713317871094,2.267064094543457,5.724514007568359,,otros,
92.257,-17.93040657043457,2.264883041381836,5.709659576416016,,otros,
92.291,-17.978099822998047,2.262701988220215,5.694805145263672,,otros,
92.337,-18.025793075561523,2.2605209350585938,5.679950714111328,,otros,
92.356,-18.073486328125,2.2583398818969727,5.665096282958984,,otros,
92.391,-18.121179580688477,2.2561588287353516,5.650241851806641,,otros,
92.433,-18.168872833251953,2.2539777755737305,5.635387420654297,,otros,
92.456,-18.21656608581543,2.2517967224121094,5.620532989501953,,otros,
92.489,-18.264259338378906,2.2496156692504883,5.605678558349609,,otros,
92.536,-18.310415267944336,2.2476091384887695,5.586559772491455,,otros,
92.555,-18.354612350463867,2.245689630508423,5.563257694244385,,otros,
92.589,-18.39679718017578,2.243770122528076,5.5364861488342285,,otros,
92.634,-18.437211990356445,2.2416763305664062,5.50712251663208,,otros,
92.657,-18.476089477539062,2.2395825386047363,5.475751876831055,,otros,
92.689,-18.51396369934082,2.2374887466430664,5.443175315856934,,otros,
92.733,-18.550445556640625,2.2355692386627197,5.409036636352539,,otros,
92.753,-18.585838317871094,2.233736991882324,5.373766899108887,,otros,
92.788,-18.62104606628418,2.2319047451019287,5.338312149047852,,otros,
92.832,-18.656253814697266,2.230072498321533,5.302857398986816,,otros,
92.852,-18.691585540771484,2.2282402515411377,5.267525672912598,,otros,
92.889,-18.726978302001953,2.226408004760742,5.232255935668945,,otros,
92.935,-18.762371063232422,2.2245757579803467,5.196986198425293,,otros,
92.954,-18.79776382446289,2.222743511199951,5.161716461181641,,otros,
92.988,-18.83315658569336,2.2209112644195557,5.126446723937988,,otros,
93.031,-18.868549346923828,2.21907901763916,5.091176986694336,,otros,
93.056,-18.903942108154297,2.2172467708587646,5.055907249450684,,otros,
93.087,-18.939334869384766,2.215414524078369,5.020637512207031,,otros,
93.13,-18.974727630615234,2.2135822772979736,4.985367774963379,,otros,
93.153,-19.010120391845703,2.211750030517578,4.950098037719727,,otros,
93.187,-19.044954299926758,2.2099177837371826,4.914276599884033,,otros,
93.233,-19.076467514038086,2.208085536956787,4.875500202178955,,otros,
93.252,-19.102649688720703,2.2062532901763916,4.832942485809326,,otros,
93.284,-19.12368392944336,2.204246759414673,4.78762674331665,,otros,
93.331,-19.141422271728516,2.2020657062530518,4.740930080413818,,otros,
93.352,-19.15718650817871,2.1997103691101074,4.693539142608643,,otros,
93.384,-19.171621322631836,2.197267770767212,4.645730495452881,,otros,
93.431,-19.18505096435547,2.1948251724243164,4.597630023956299,,otros,
93.45,-19.1984806060791,2.192382574081421,4.549529552459717,,otros,
93.484,-19.211910247802734,2.1899399757385254,4.501429080963135,,otros,
93.529,-19.225927352905273,2.18749737739563,4.453495979309082,,otros,
93.552,-19.24144172668457,2.1850547790527344,4.406026840209961,,otros,
93.585,-19.256956100463867,2.182612180709839,4.35855770111084,,otros,
93.63,-19.272470474243164,2.1801695823669434,4.311088562011719,,otros,
93.652,-19.28798484802246,2.177726984024048,4.263619422912598,,otros,
93.684,-19.303499221801758,2.1752843856811523,4.216150283813477,,otros,
93.73,-19.319013595581055,2.172841787338257,4.1686811447143555,,otros,
93.749,-19.33452796936035,2.1703991889953613,4.121212005615234,,otros,
93.782,-19.35004234313965,2.167956590652466,4.073742866516113,,otros,
93.831,-19.365474700927734,2.1655139923095703,4.026247024536133,,otros,
93.851,-19.37738800048828,2.163071393966675,3.977748394012451,,otros,
93.882,-19.38468360900879,2.1606287956237793,3.9283437728881836,,otros,
93.927,-19.388254165649414,2.1580119132995605,3.8785400390625,,otros,
93.948,-19.38947296142578,2.1552207469940186,3.8286328315734863,,otros,
93.982,-19.38886260986328,2.1522555351257324,3.7787246704101562,,otros,
94.026,-19.386337280273438,2.149203062057495,3.7288818359375,,otros,
94.047,-19.38181495666504,2.1458892822265625,3.679197072982788,,otros,
94.081,-19.375736236572266,2.1424014568328857,3.629690647125244,,otros,
94.125,-19.36802101135254,2.138739585876465,3.580425262451172,,otros,
94.145,-19.358509063720703,2.1348166465759277,3.5314950942993164,,otros,
94.179,-19.347383499145508,2.1307196617126465,3.4829208850860596,,otros,
94.224,-19.335161209106445,2.126535654067993,3.4346187114715576,,otros,
94.245,-19.320846557617188,2.122264862060547,3.3869025707244873,,otros,
94.277,-19.304792404174805,2.1179940700531006,3.339743137359619,,otros,
94.321,-19.2880802154541,2.1137232780456543,3.2928123474121094,,otros,
94.343,-19.270471572875977,2.109452486038208,3.246211051940918,,otros,
94.375,-19.25237464904785,2.1051816940307617,3.199796676635742,,otros,
94.419,-19.23411750793457,2.1009109020233154,3.1534457206726074,,otros,
94.441,-19.215778350830078,2.096640110015869,3.1071267127990723,,otros,
94.474,-19.19843292236328,2.0917608737945557,3.060486316680908,,otros,
94.52,-19.181249618530273,2.086881637573242,3.0137856006622314,,otros,
94.542,-19.164066314697266,2.0820024013519287,2.9670848846435547,,otros,
94.575,-19.146883010864258,2.0771231651306152,2.920384168624878,,otros,
94.619,-19.12969970703125,2.0722439289093018,2.873683452606201,,otros,
94.641,-19.112516403198242,2.0673646926879883,2.8269827365875244,,otros,
94.674,-19.095333099365234,2.062485456466675,2.7802820205688477,,otros,
94.719,-19.078149795532227,2.0576062202453613,2.733581304550171,,otros,
94.742,-19.06096649169922,2.052726984024048,2.686880588531494,,otros,
94.773,-19.04378318786621,2.0478477478027344,2.6401798725128174,,otros,
94.818,-19.026599884033203,2.042968511581421,2.5934791564941406,,otros,
94.841,-19.009416580200195,2.0380892753601074,2.546778440475464,,otros,
94.875,-18.99215316772461,2.033210039138794,2.500107765197754,,otros,
94.92,-18.97175407409668,2.0283308029174805,2.454719305038452,,otros,
94.94,-18.9460506439209,2.023451566696167,2.4121103286743164,,otros,
94.973,-18.91270637512207,2.0183119773864746,2.3752081394195557,,otros,
95.016,-18.874683380126953,2.0129120349884033,2.3431904315948486,,otros,
95.037,-18.833938598632812,2.0072519779205322,2.3147671222686768,,otros,
95.071,-18.79088020324707,2.001505136489868,2.2900078296661377,,otros,
95.118,-18.74604034423828,1.9954982995986938,2.268716335296631,,otros,
95.137,-18.74604034423828,1.9954982995986938,2.268716335296631,,otros,
95.173,-18.74604034423828,1.9954982995986938,2.268716335296631,,otros,
95.218,-18.74604034423828,1.9954982995986938,2.268716335296631,,otros,
95.238,-18.74604034423828,1.9954982995986938,2.268716335296631,,otros,
95.272,-18.74604034423828,1.9954982995986938,2.268716335296631,,otros,
95.316,-18.74604034423828,1.9954982995986938,2.268716335296631,,otros,
95.339,-18.74604034423828,1.9954982995986938,2.268716335296631,,otros,
95.371,-18.74604034423828,1.9954982995986938,2.268716335296631,,otros,
95.415,-18.74604034423828,1.9954982995986938,2.268716335296631,,otros,
95.439,-18.74604034423828,1.9954982995986938,2.268716335296631,,otros,
95.472,-18.74604034423828,1.9954982995986938,2.268716335296631,,otros,
95.518,-18.74604034423828,1.9954982995986938,2.268716335296631,,otros,
95.541,-18.74604034423828,1.9954982995986938,2.268716335296631,,otros,
95.574,-18.74604034423828,1.9954982995986938,2.268716335296631,,otros,
95.619,-18.74604034423828,1.9954982995986938,2.268716335296631,,otros,
95.64,-18.74604034423828,1.9954982995986938,2.268716335296631,,otros,
95.672,-18.74604034423828,1.9954982995986938,2.268716335296631,,otros,
95.723,-18.74604034423828,1.9954982995986938,2.268716335296631,,otros,
95.742,-18.74604034423828,1.9954982995986938,2.268716335296631,,otros,
95.773,-18.74604034423828,1.9954982995986938,2.268716335296631,,otros,
95.821,-18.74604034423828,1.9954982995986938,2.268716335296631,,otros,
95.84,-18.74604034423828,1.9954982995986938,2.268716335296631,,otros,
95.871,-18.74604034423828,1.9954982995986938,2.268716335296631,,otros,
95.918,-18.74604034423828,1.9954982995986938,2.268716335296631,,otros,
95.938,-18.74604034423828,1.9954982995986938,2.268716335296631,,otros,
95.971,-18.74604034423828,1.9954982995986938,2.268716335296631,,otros,
96.018,-18.696895599365234,1.988539695739746,2.2626821994781494,,otros,
96.037,-18.647750854492188,1.9815810918807983,2.256648063659668,,otros,
96.071,-18.59860610961914,1.9746224880218506,2.2506139278411865,,otros,
96.118,-18.549461364746094,1.9676638841629028,2.244579792022705,,otros,
96.141,-18.500316619873047,1.960705280303955,2.2385456562042236,,otros,
96.172,-18.451171875,1.9537466764450073,2.232511520385742,,otros,
96.218,-18.402027130126953,1.9467880725860596,2.2264773845672607,,otros,
96.238,-18.352882385253906,1.9398294687271118,2.2204432487487793,,otros,
96.272,-18.30373764038086,1.932870864868164,2.214409112930298,,otros,
96.316,-18.254592895507812,1.9259122610092163,2.2083749771118164,,otros,
96.336,-18.205448150634766,1.9189536571502686,2.202340841293335,,otros,
96.371,-18.15630340576172,1.9119950532913208,2.1963067054748535,,otros,
96.42,-18.107158660888672,1.905036449432373,2.190272569656372,,otros,
96.438,-18.058013916015625,1.8980778455734253,2.1842384338378906,,otros,
96.471,-18.008869171142578,1.8911192417144775,2.178204298019409,,otros,
96.52,-17.95972442626953,1.8841606378555298,2.1721701622009277,,otros,
96.54,-17.910579681396484,1.877202033996582,2.1661360263824463,,otros,
96.573,-17.861434936523438,1.8702434301376343,2.160101890563965,,otros,
96.618,-17.81229019165039,1.8632848262786865,2.1540677547454834,,otros,
96.639,-17.763134002685547,1.856412649154663,2.1480321884155273,,otros,
96.674,-17.71380615234375,1.8508392572402954,2.1420626640319824,,otros,
96.719,-17.664234161376953,1.8469163179397583,2.136852264404297,,otros,
96.739,-17.61447525024414,1.8446481227874756,2.1324989795684814,,otros,
96.772,-17.61447525024414,1.8446481227874756,2.1324989795684814,,otros,
96.819,-17.61447525024414,1.8446481227874756,2.1324989795684814,,otros,
96.837,-17.61447525024414,1.8446481227874756,2.1324989795684814,,otros,
96.873,-17.61447525024414,1.8446481227874756,2.1324989795684814,,otros,
96.922,-17.61447525024414,1.8446481227874756,2.1324989795684814,,otros,
96.941,-17.61447525024414,1.8446481227874756,2.1324989795684814,,otros,
96.974,-17.61447525024414,1.8446481227874756,2.1324989795684814,,otros,
97.022,-17.61447525024414,1.8446481227874756,2.1324989795684814,,otros,
97.041,-17.61447525024414,1.8446481227874756,2.1324989795684814,,otros,
97.088,-17.61447525024414,1.8446481227874756,2.1324989795684814,,otros,
97.135,-17.61447525024414,1.8446481227874756,2.1324989795684814,,otros,
97.154,-17.61447525024414,1.8446481227874756,2.1324989795684814,,otros,
97.188,-17.61447525024414,1.8446481227874756,2.1324989795684814,,otros,
97.235,-17.61447525024414,1.8446481227874756,2.1324989795684814,,otros,
97.257,-17.61447525024414,1.8446481227874756,2.1324989795684814,,otros,
97.29,-17.61447525024414,1.8446481227874756,2.1324989795684814,,otros,
97.336,-17.61447525024414,1.8446481227874756,2.1324989795684814,,otros,
97.355,-17.61447525024414,1.8446481227874756,2.1324989795684814,,otros,
97.388,-17.61447525024414,1.8446481227874756,2.1324989795684814,,otros,
97.435,-17.61447525024414,1.8446481227874756,2.1324989795684814,,otros,
97.453,-17.61447525024414,1.8446481227874756,2.1324989795684814,,otros,
97.486,-17.61447525024414,1.8446481227874756,2.1324989795684814,,otros,
97.534,-17.61447525024414,1.8446481227874756,2.1324989795684814,,otros,
97.552,-17.61447525024414,1.8446481227874756,2.1324989795684814,,otros,
97.585,-17.61447525024414,1.8446481227874756,2.1324989795684814,,otros,
97.635,-17.61447525024414,1.8446481227874756,2.1324989795684814,,otros,
97.654,-17.61447525024414,1.8446481227874756,2.1324989795684814,,otros,
97.686,-17.61447525024414,1.8446481227874756,2.1324989795684814,,otros,
97.735,-17.61447525024414,1.8446481227874756,2.1324989795684814,,otros,
97.753,-17.61447525024414,1.8446481227874756,2.1324989795684814,,otros,
97.786,-17.61447525024414,1.8446481227874756,2.1324989795684814,,otros,
97.835,-17.61447525024414,1.8446481227874756,2.1324989795684814,,otros,
97.852,-17.61447525024414,1.8446481227874756,2.1324989795684814,,otros,
97.884,-17.61447525024414,1.8446481227874756,2.1324989795684814,,otros,
97.932,-17.61447525024414,1.8446481227874756,2.1324989795684814,,otros,
97.952,-17.61447525024414,1.8446481227874756,2.1324989795684814,,otros,
97.984,-17.61447525024414,1.8446481227874756,2.1324989795684814,,otros,
98.03,-17.61447525024414,1.8446481227874756,2.1324989795684814,,otros,
98.054,-17.61447525024414,1.8446481227874756,2.1324989795684814,,otros,
98.086,-17.61447525024414,1.8446481227874756,2.1324989795684814,,otros,
98.135,-17.61447525024414,1.8446481227874756,2.1324989795684814,,otros,
98.153,-17.61447525024414,1.8446481227874756,2.1324989795684814,,otros,
98.187,-17.61447525024414,1.8446481227874756,2.1324989795684814,,otros,
98.235,-17.61447525024414,1.8446481227874756,2.1324989795684814,,otros,
98.252,-17.61447525024414,1.8446481227874756,2.1324989795684814,,otros,
98.289,-17.61447525024414,1.8446481227874756,2.1324989795684814,,otros,
98.335,-17.61447525024414,1.8446481227874756,2.1324989795684814,,otros,
98.354,-17.61447525024414,1.8446481227874756,2.1324989795684814,,otros,
98.388,-17.61447525024414,1.8446481227874756,2.1324989795684814,,otros,
98.434,-17.61447525024414,1.8446481227874756,2.1324989795684814,,otros,
98.455,-17.61447525024414,1.8446481227874756,2.1324989795684814,,otros,
98.49,-17.61447525024414,1.8446481227874756,2.1324989795684814,,otros,
98.535,-17.61447525024414,1.8446481227874756,2.1324989795684814,,otros,
98.553,-17.61447525024414,1.8446481227874756,2.1324989795684814,,otros,
98.587,-17.61447525024414,1.8446481227874756,2.1324989795684814,,otros,
98.636,-17.61447525024414,1.8446481227874756,2.1324989795684814,,otros,
98.653,-17.61447525024414,1.8446481227874756,2.1324989795684814,,otros,
98.687,-17.61447525024414,1.8446481227874756,2.1324989795684814,,otros,
98.736,-17.61447525024414,1.8446481227874756,2.1324989795684814,,otros,
98.754,-17.61447525024414,1.8446481227874756,2.1324989795684814,,otros,
98.786,-17.61447525024414,1.8446481227874756,2.1324989795684814,,otros,
98.835,-17.61447525024414,1.8446481227874756,2.1324989795684814,,otros,
98.853,-17.61447525024414,1.8446481227874756,2.1324989795684814,,otros,
98.886,-17.61447525024414,1.8446481227874756,2.1324989795684814,,otros,
98.934,-17.61447525024414,1.8446481227874756,2.1324989795684814,,otros,
98.953,-17.61447525024414,1.8446481227874756,2.1324989795684814,,otros,
98.984,-17.61447525024414,1.8446481227874756,2.1324989795684814,,otros,
99.032,-17.61447525024414,1.8446481227874756,2.1324989795684814,,otros,
99.05,-17.61447525024414,1.8446481227874756,2.1324989795684814,,otros,
99.083,-17.61447525024414,1.8446481227874756,2.1324989795684814,,otros,
99.135,-17.61447525024414,1.8446481227874756,2.1324989795684814,,otros,
99.151,-17.61447525024414,1.8446481227874756,2.1324989795684814,,otros,
99.185,-17.61447525024414,1.8446481227874756,2.1324989795684814,,otros,
99.235,-17.61447525024414,1.8446481227874756,2.1324989795684814,,otros,
99.252,-17.61447525024414,1.8446481227874756,2.1324989795684814,,otros,
99.286,-17.61447525024414,1.8446481227874756,2.1324989795684814,,otros,
99.333,-17.61447525024414,1.8446481227874756,2.1324989795684814,,otros,
99.353,-17.61447525024414,1.8446481227874756,2.1324989795684814,,otros,
99.384,-17.61447525024414,1.8446481227874756,2.1324989795684814,,otros,
99.432,-17.61447525024414,1.8446481227874756,2.1324989795684814,,otros,
99.451,-17.61447525024414,1.8446481227874756,2.1324989795684814,,otros,
99.484,-17.61447525024414,1.8446481227874756,2.1324989795684814,,otros,
99.531,-17.61447525024414,1.8446481227874756,2.1324989795684814,,otros,
99.549,-17.61447525024414,1.8446481227874756,2.1324989795684814,,otros,
99.583,-17.61447525024414,1.8446481227874756,2.1324989795684814,,otros,
99.631,-17.61447525024414,1.8446481227874756,2.1324989795684814,,otros,
99.648,-17.61447525024414,1.8446481227874756,2.1324989795684814,,otros,
99.682,-17.61447525024414,1.8446481227874756,2.1324989795684814,,otros,
99.729,-17.61447525024414,1.8446481227874756,2.1324989795684814,,otros,
99.749,-17.61447525024414,1.8446481227874756,2.1324989795684814,,otros,
99.781,-17.61447525024414,1.8446481227874756,2.1324989795684814,,otros,
99.827,-17.61447525024414,1.8446481227874756,2.1324989795684814,,otros,
99.852,-17.61447525024414,1.8446481227874756,2.1324989795684814,,otros,
99.887,-17.61447525024414,1.8446481227874756,2.1324989795684814,,otros,
99.933,-17.61447525024414,1.8446481227874756,2.1324989795684814,,otros,
99.952,-17.61447525024414,1.8446481227874756,2.1324989795684814,,otros,
99.984,-17.61447525024414,1.8446481227874756,2.1324989795684814,,otros,
100.033,-17.61447525024414,1.8446481227874756,2.1324989795684814,,otros,
100.052,-17.61447525024414,1.8446481227874756,2.1324989795684814,,otros,
100.083,-17.61447525024414,1.8446481227874756,2.1324989795684814,,otros,
100.132,-17.61447525024414,1.8446481227874756,2.1324989795684814,,otros,
100.152,-17.61447525024414,1.8446481227874756,2.1324989795684814,,otros,
100.184,-17.61447525024414,1.8446481227874756,2.1324989795684814,,otros,
100.233,-17.61447525024414,1.8446481227874756,2.1324989795684814,,otros,
100.251,-17.61447525024414,1.8446481227874756,2.1324989795684814,,otros,
100.284,-17.61447525024414,1.8446481227874756,2.1324989795684814,,otros,
100.336,-17.61447525024414,1.8446481227874756,2.1324989795684814,,otros,
100.351,-17.61447525024414,1.8446481227874756,2.1324989795684814,,otros,
100.387,-17.61447525024414,1.8446481227874756,2.1324989795684814,,otros,
100.432,-17.61447525024414,1.8446481227874756,2.1324989795684814,,otros,
100.453,-17.61447525024414,1.8446481227874756,2.1324989795684814,,otros,
100.488,-17.61447525024414,1.8446481227874756,2.1324989795684814,,otros,
100.535,-17.61447525024414,1.8446481227874756,2.1324989795684814,,otros,
100.555,-17.61447525024414,1.8446481227874756,2.1324989795684814,,otros,
100.59,-17.61447525024414,1.8446481227874756,2.1324989795684814,,otros,
100.635,-17.61447525024414,1.8446481227874756,2.1324989795684814,,otros,
100.66,-17.61447525024414,1.8446481227874756,2.1324989795684814,,otros,
100.694,-17.61447525024414,1.8446481227874756,2.1324989795684814,,otros,
100.753,-17.61447525024414,1.8446481227874756,2.1324989795684814,,otros,
100.777,-17.61447525024414,1.8446481227874756,2.1324989795684814,,otros,
100.811,-17.61447525024414,1.8446481227874756,2.1324989795684814,,otros,
100.856,-17.61447525024414,1.8446481227874756,2.1324989795684814,,otros,
100.876,-17.61447525024414,1.8446481227874756,2.1324989795684814,,otros,
100.913,-17.61447525024414,1.8446481227874756,2.1324989795684814,,otros,
100.959,-17.61447525024414,1.8446481227874756,2.1324989795684814,,otros,
100.98,-17.61447525024414,1.8446481227874756,2.1324989795684814,,otros,
101.013,-17.61447525024414,1.8446481227874756,2.1324989795684814,,otros,
101.061,-17.61447525024414,1.8446481227874756,2.1324989795684814,,otros,
101.081,-17.61447525024414,1.8446481227874756,2.1324989795684814,,otros,
101.114,-17.61447525024414,1.8446481227874756,2.1324989795684814,,otros,
101.161,-17.61447525024414,1.8446481227874756,2.1324989795684814,,otros,
101.179,-17.61447525024414,1.8446481227874756,2.1324989795684814,,otros,
101.213,-17.61447525024414,1.8446481227874756,2.1324989795684814,,otros,
101.26,-17.61447525024414,1.8446481227874756,2.1324989795684814,,otros,
101.278,-17.61447525024414,1.8446481227874756,2.1324989795684814,,otros,
101.311,-17.61447525024414,1.8446481227874756,2.1324989795684814,,otros,
101.358,-17.61447525024414,1.8446481227874756,2.1324989795684814,,otros,
101.378,-17.61447525024414,1.8446481227874756,2.1324989795684814,,otros,
101.42,-17.61447525024414,1.8446481227874756,2.1324989795684814,,otros,
101.469,-17.61447525024414,1.8446481227874756,2.1324989795684814,,otros,
101.489,-17.61447525024414,1.8446481227874756,2.1324989795684814,,otros,
101.52,-17.61447525024414,1.8446481227874756,2.1324989795684814,,otros,
101.568,-17.61447525024414,1.8446481227874756,2.1324989795684814,,otros,
101.587,-17.61447525024414,1.8446481227874756,2.1324989795684814,,otros,
101.618,-17.61447525024414,1.8446481227874756,2.1324989795684814,,otros,
101.666,-17.61447525024414,1.8446481227874756,2.1324989795684814,,otros,
101.684,-17.61447525024414,1.8446481227874756,2.1324989795684814,,otros,
101.718,-17.61447525024414,1.8446481227874756,2.1324989795684814,,otros,
101.766,-17.61447525024414,1.8446481227874756,2.1324989795684814,,otros,
101.785,-17.61447525024414,1.8446481227874756,2.1324989795684814,,otros,
101.817,-17.61447525024414,1.8446481227874756,2.1324989795684814,,otros,
101.864,-17.61447525024414,1.8446481227874756,2.1324989795684814,,otros,
101.884,-17.61447525024414,1.8446481227874756,2.1324989795684814,,otros,
101.916,-17.61447525024414,1.8446481227874756,2.1324989795684814,,otros,
101.964,-17.61447525024414,1.8446481227874756,2.1324989795684814,,otros,
101.982,-17.61447525024414,1.8446481227874756,2.1324989795684814,,otros,
102.014,-17.61447525024414,1.8446481227874756,2.1324989795684814,,otros,
102.061,-17.61447525024414,1.8446481227874756,2.1324989795684814,,otros,
102.083,-17.61447525024414,1.8446481227874756,2.1324989795684814,,otros,
102.119,-17.61447525024414,1.8446481227874756,2.1324989795684814,,otros,
102.166,-17.61447525024414,1.8446481227874756,2.1324989795684814,,otros,
102.185,-17.61447525024414,1.8446481227874756,2.1324989795684814,,otros,
102.221,-17.61447525024414,1.8446481227874756,2.1324989795684814,,otros,
102.269,-17.61447525024414,1.8446481227874756,2.1324989795684814,,otros,
102.287,-17.61447525024414,1.8446481227874756,2.1324989795684814,,otros,
102.319,-17.61447525024414,1.8446481227874756,2.1324989795684814,,otros,
102.366,-17.61447525024414,1.8446481227874756,2.1324989795684814,,otros,
102.384,-17.61447525024414,1.8446481227874756,2.1324989795684814,,otros,
102.42,-17.600114822387695,1.835279107093811,2.0855307579040527,,otros,
102.466,-17.58575439453125,1.8259100914001465,2.038562536239624,,otros,
102.484,-17.571393966674805,1.816541075706482,1.9915941953659058,,otros,
102.517,-17.55703353881836,1.8071720600128174,1.9446258544921875,,otros,
102.564,-17.542673110961914,1.7978030443191528,1.8976575136184692,,otros,
102.583,-17.52831268310547,1.7884340286254883,1.850689172744751,,otros,
102.617,-17.513952255249023,1.7790650129318237,1.8037208318710327,,otros,
102.665,-17.499591827392578,1.7696959972381592,1.7567524909973145,,otros,
102.683,-17.485231399536133,1.7603269815444946,1.7097841501235962,,otros,
102.717,-17.470870971679688,1.75095796585083,1.662815809249878,,otros,
102.764,-17.456510543823242,1.7415889501571655,1.6158474683761597,,otros,
102.781,-17.442150115966797,1.732219934463501,1.5688791275024414,,otros,
102.816,-17.42778968811035,1.7228509187698364,1.5219107866287231,,otros,
102.864,-17.413429260253906,1.7134819030761719,1.4749424457550049,,otros,
102.881,-17.39906883239746,1.7041128873825073,1.4279741048812866,,otros,
102.915,-17.384708404541016,1.6947438716888428,1.3810057640075684,,otros,
102.963,-17.37034797668457,1.6853748559951782,1.33403742313385,,otros,
102.979,-17.355987548828125,1.6760058403015137,1.2870690822601318,,otros,
103.015,-17.355987548828125,1.6760058403015137,1.2870690822601318,,otros,
103.062,-17.355987548828125,1.6760058403015137,1.2870690822601318,,otros,
103.08,-17.355987548828125,1.6760058403015137,1.2870690822601318,,otros,
103.115,-17.355987548828125,1.6760058403015137,1.2870690822601318,,otros,
103.171,-17.355987548828125,1.6760058403015137,1.2870690822601318,,otros,
103.184,-17.355987548828125,1.6760058403015137,1.2870690822601318,,otros,
103.218,-17.355987548828125,1.6760058403015137,1.2870690822601318,,otros,
103.265,-17.355987548828125,1.6760058403015137,1.2870690822601318,,otros,
103.284,-17.355987548828125,1.6760058403015137,1.2870690822601318,,otros,
103.318,-17.355987548828125,1.6760058403015137,1.2870690822601318,,otros,
103.367,-17.355987548828125,1.6760058403015137,1.2870690822601318,sponge,otros,2
103.383,-17.355987548828125,1.6760058403015137,1.2870690822601318,sponge,otros,2
103.416,-17.355987548828125,1.6760058403015137,1.2870690822601318,sponge,otros,2
103.465,-17.355987548828125,1.6760058403015137,1.2870690822601318,sponge,otros,2
103.484,-17.355987548828125,1.6760058403015137,1.2870690822601318,sponge,otros,2
103.518,-17.355987548828125,1.6760058403015137,1.2870690822601318,sponge,otros,2
103.565,-17.355987548828125,1.6760058403015137,1.2870690822601318,sponge,otros,2
103.583,-17.355987548828125,1.6760058403015137,1.2870690822601318,sponge,otros,2
103.618,-17.355987548828125,1.6760058403015137,1.2870690822601318,sponge,otros,2
103.666,-17.355987548828125,1.6760058403015137,1.2870690822601318,sponge,otros,2
103.681,-17.355987548828125,1.6760058403015137,1.2870690822601318,sponge,otros,2
103.715,-17.355987548828125,1.6760058403015137,1.2870690822601318,sponge,otros,2
103.764,-17.355987548828125,1.6760058403015137,1.2870690822601318,sponge,otros,2
103.792,-17.355987548828125,1.6760058403015137,1.2870690822601318,sponge,otros,2
103.826,-17.355987548828125,1.6760058403015137,1.2870690822601318,sponge,otros,2
103.876,-17.355987548828125,1.6760058403015137,1.2870690822601318,sponge,otros,2
103.892,-17.355987548828125,1.6760058403015137,1.2870690822601318,sponge,otros,2
103.924,-17.355987548828125,1.6760058403015137,1.2870690822601318,sponge,otros,2
103.973,-17.355987548828125,1.6760058403015137,1.2870690822601318,,otros,
103.991,-17.355987548828125,1.6760058403015137,1.2870690822601318,,otros,
104.022,-17.355987548828125,1.6760058403015137,1.2870690822601318,,otros,
104.07,-17.355987548828125,1.6760058403015137,1.2870690822601318,,otros,
104.091,-17.355987548828125,1.6760058403015137,1.2870690822601318,,otros,
104.126,-17.355987548828125,1.6760058403015137,1.2870690822601318,,otros,
104.176,-17.355987548828125,1.6760058403015137,1.2870690822601318,,otros,
104.192,-17.355987548828125,1.6760058403015137,1.2870690822601318,,otros,
104.227,-17.355987548828125,1.6760058403015137,1.2870690822601318,,otros,
104.273,-17.355987548828125,1.6760058403015137,1.2870690822601318,,otros,
104.291,-17.355987548828125,1.6760058403015137,1.2870690822601318,,otros,
104.325,-17.355987548828125,1.6760058403015137,1.2870690822601318,,otros,
104.374,-17.355987548828125,1.6760058403015137,1.2870690822601318,,otros,
104.391,-17.355987548828125,1.6760058403015137,1.2870690822601318,,otros,
104.426,-17.355987548828125,1.6760058403015137,1.2870690822601318,,otros,
104.473,-17.355987548828125,1.6760058403015137,1.2870690822601318,,otros,
104.493,-17.355987548828125,1.6760058403015137,1.2870690822601318,,otros,
104.527,-17.355987548828125,1.6760058403015137,1.2870690822601318,,otros,
104.576,-17.355987548828125,1.6760058403015137,1.2870690822601318,,otros,
104.592,-17.355987548828125,1.6760058403015137,1.2870690822601318,,otros,
104.625,-17.355987548828125,1.6760058403015137,1.2870690822601318,,otros,
104.674,-17.355987548828125,1.6760058403015137,1.2870690822601318,,otros,
104.692,-17.355987548828125,1.6760058403015137,1.2870690822601318,,otros,
104.724,-17.355987548828125,1.6760058403015137,1.2870690822601318,,otros,
104.772,-17.355987548828125,1.6760058403015137,1.2870690822601318,,otros,
104.791,-17.355987548828125,1.6760058403015137,1.2870690822601318,,otros,
104.825,-17.355987548828125,1.6760058403015137,1.2870690822601318,,otros,
104.871,-17.355987548828125,1.6760058403015137,1.2870690822601318,,otros,
104.889,-17.355987548828125,1.6760058403015137,1.2870690822601318,,otros,
104.923,-17.355987548828125,1.6760058403015137,1.2870690822601318,,otros,
104.969,-17.355987548828125,1.6760058403015137,1.2870690822601318,,otros,
104.991,-17.355987548828125,1.6760058403015137,1.2870690822601318,,otros,
105.024,-17.355987548828125,1.6760058403015137,1.2870690822601318,,otros,
105.072,-17.355987548828125,1.6760058403015137,1.2870690822601318,,otros,
105.089,-17.355987548828125,1.6760058403015137,1.2870690822601318,,otros,
105.123,-17.355987548828125,1.6760058403015137,1.2870690822601318,,otros,
105.17,-17.355987548828125,1.6760058403015137,1.2870690822601318,,otros,
105.189,-17.355987548828125,1.6760058403015137,1.2870690822601318,,otros,
105.223,-17.355987548828125,1.6760058403015137,1.2870690822601318,,otros,
105.274,-17.355987548828125,1.6760058403015137,1.2870690822601318,,otros,
105.291,-17.355987548828125,1.6760058403015137,1.2870690822601318,,otros,
105.323,-17.355987548828125,1.6760058403015137,1.2870690822601318,,otros,
105.37,-17.355987548828125,1.6760058403015137,1.2870690822601318,,otros,
105.392,-17.355987548828125,1.6760058403015137,1.2870690822601318,,otros,
105.424,-17.355987548828125,1.6760058403015137,1.2870690822601318,,otros,
105.474,-17.355987548828125,1.6760058403015137,1.2870690822601318,,otros,
105.493,-17.355987548828125,1.6760058403015137,1.2870690822601318,,otros,
105.524,-17.355987548828125,1.6760058403015137,1.2870690822601318,,otros,
105.572,-17.355987548828125,1.6760058403015137,1.2870690822601318,,otros,
105.591,-17.355987548828125,1.6760058403015137,1.2870690822601318,,otros,
105.637,-17.355987548828125,1.6760058403015137,1.2870690822601318,,otros,
105.674,-17.355987548828125,1.6760058403015137,1.2870690822601318,,otros,
105.694,-17.355987548828125,1.6760058403015137,1.2870690822601318,,otros,
105.726,-17.355987548828125,1.6760058403015137,1.2870690822601318,,otros,
105.773,-17.355987548828125,1.6760058403015137,1.2870690822601318,,otros,
105.791,-17.355987548828125,1.6760058403015137,1.2870690822601318,,otros,
105.824,-17.355987548828125,1.6760058403015137,1.2870690822601318,,otros,
105.873,-17.355987548828125,1.6760058403015137,1.2870690822601318,,otros,
105.893,-17.3076114654541,1.6646733283996582,1.2814717292785645,,otros,
105.925,-17.259235382080078,1.6533408164978027,1.275874376296997,,otros,
105.972,-17.210859298706055,1.6420083045959473,1.2702770233154297,,otros,
105.992,-17.16248321533203,1.6306757926940918,1.2646796703338623,,otros,
106.025,-17.114107131958008,1.6193432807922363,1.259082317352295,,otros,
106.073,-17.065731048583984,1.6080107688903809,1.2534849643707275,,otros,
106.089,-17.01735496520996,1.5966782569885254,1.2478876113891602,,otros,
106.123,-16.968978881835938,1.58534574508667,1.2422902584075928,,otros,
106.171,-16.920602798461914,1.5740132331848145,1.2366929054260254,,otros,
106.191,-16.87222671508789,1.562680721282959,1.231095552444458,,otros,
106.224,-16.823850631713867,1.5513482093811035,1.2254981994628906,,otros,
106.27,-16.775474548339844,1.540015697479248,1.2199008464813232,,otros,
106.288,-16.72709846496582,1.5286831855773926,1.2143034934997559,,otros,
106.322,-16.678722381591797,1.517350673675537,1.2087061405181885,,otros,
106.375,-16.630346298217773,1.5060181617736816,1.203108787536621,,otros,
106.39,-16.581287384033203,1.4972498416900635,1.1990753412246704,,otros,
106.423,-16.531885147094727,1.490118384361267,1.1961402893066406,,otros,
106.471,-16.482404708862305,1.4834190607070923,1.1935471296310425,,otros,
106.488,-16.432830810546875,1.4772390127182007,1.191469430923462,,otros,
106.521,-16.383174896240234,1.47157883644104,1.1899956464767456,,otros,
106.572,-16.33343505859375,1.4665260314941406,1.1893879175186157,,otros,
106.59,-16.283641815185547,1.4619944095611572,1.1895617246627808,,otros,
106.623,-16.233779907226562,1.4585065841674805,1.1908674240112305,,otros,
106.672,-16.18389129638672,1.455715537071228,1.1926968097686768,,otros,
106.69,-16.133995056152344,1.4531859159469604,1.194700837135315,,otros,
106.724,-16.084095001220703,1.4507434368133545,1.1967049837112427,,otros,
106.769,-16.034194946289062,1.4483009576797485,1.1987091302871704,,otros,
106.789,-15.984294891357422,1.4458584785461426,1.2007132768630981,,otros,
106.823,-15.934394836425781,1.4434159994125366,1.2027174234390259,,otros,
106.872,-15.884498596191406,1.4409735202789307,1.2048087120056152,,otros,
106.895,-15.834602355957031,1.4385310411453247,1.2069000005722046,,otros,
106.932,-15.784706115722656,1.4360885620117188,1.208991289138794,,otros,
106.98,-15.734809875488281,1.4336460828781128,1.2110825777053833,,otros,
107.001,-15.684913635253906,1.4312036037445068,1.2131738662719727,,otros,
107.032,-15.635017395019531,1.4287611246109009,1.215265154838562,,otros,
107.079,-15.585121154785156,1.426318645477295,1.2173564434051514,,otros,
107.099,-15.535224914550781,1.423876166343689,1.2194477319717407,,otros,
107.133,-15.485328674316406,1.421433687210083,1.22153902053833,,otros,
107.18,-15.435432434082031,1.418991208076477,1.2236303091049194,,otros,
107.202,-15.385536193847656,1.416548728942871,1.2257215976715088,,otros,
107.233,-15.335639953613281,1.4141062498092651,1.2278128862380981,,otros,
107.282,-15.285743713378906,1.4116637706756592,1.2299041748046875,,otros,
107.301,-15.235847473144531,1.4092212915420532,1.2319954633712769,,otros,
107.333,-15.185951232910156,1.4067788124084473,1.2340867519378662,,otros,
107.381,-15.136054992675781,1.4043363332748413,1.2361780405044556,,otros,
107.399,-15.086158752441406,1.4018938541412354,1.238269329071045,,otros,
107.431,-15.036262512207031,1.3994513750076294,1.2403606176376343,,otros,
107.479,-14.986366271972656,1.3970088958740234,1.2424519062042236,,otros,
107.497,-14.936470031738281,1.3945664167404175,1.244543194770813,,otros,
107.53,-14.886573791503906,1.3921239376068115,1.2466344833374023,,otros,
107.579,-14.836677551269531,1.3896814584732056,1.2487257719039917,,otros,
107.597,-14.786781311035156,1.3872389793395996,1.250817060470581,,otros,
107.63,-14.736885070800781,1.3847965002059937,1.2529083490371704,,otros,
107.678,-14.686988830566406,1.3823540210723877,1.2549996376037598,,otros,
107.696,-14.637092590332031,1.3799115419387817,1.2570909261703491,,otros,
107.729,-14.587196350097656,1.3774690628051758,1.2591822147369385,,otros,
107.778,-14.537300109863281,1.3750265836715698,1.2612735033035278,,otros,
107.796,-14.487403869628906,1.3725841045379639,1.2633647918701172,,otros,
107.829,-14.437507629394531,1.370141625404358,1.2654560804367065,,otros,
107.881,-14.387611389160156,1.367699146270752,1.267547369003296,,otros,
107.897,-14.337715148925781,1.365256667137146,1.2696386575698853,,otros,
107.929,-14.287818908691406,1.36281418800354,1.2717299461364746,,otros,
107.977,-14.237922668457031,1.360371708869934,1.273821234703064,,otros,
107.995,-14.188026428222656,1.3579292297363281,1.2759125232696533,,otros,
108.028,-14.138130187988281,1.3554867506027222,1.2780038118362427,,otros,
108.075,-14.088233947753906,1.3530442714691162,1.280095100402832,,otros,
108.094,-14.038337707519531,1.3506017923355103,1.2821863889694214,,otros,
108.127,-13.988441467285156,1.3481593132019043,1.2842776775360107,,otros,
108.175,-13.938545227050781,1.3457168340682983,1.2863689661026,,otros,
108.193,-13.888648986816406,1.3432743549346924,1.2884602546691895,,otros,
108.226,-13.838752746582031,1.3408318758010864,1.2905515432357788,,otros,
108.274,-13.788856506347656,1.3383893966674805,1.2926428318023682,,otros,
108.293,-13.738960266113281,1.3359469175338745,1.2947341203689575,,otros,
108.325,-13.689064025878906,1.3335044384002686,1.2968254089355469,,otros,
108.373,-13.639167785644531,1.3310619592666626,1.2989166975021362,,otros,
108.391,-13.589271545410156,1.3286194801330566,1.3010079860687256,,otros,
108.424,-13.539375305175781,1.3261770009994507,1.303099274635315,,otros,
108.472,-13.489479064941406,1.3237345218658447,1.3051905632019043,,otros,
108.49,-13.439582824707031,1.3212920427322388,1.3072818517684937,,otros,
108.523,-13.389686584472656,1.3188495635986328,1.309373140335083,,otros,
108.57,-13.339790344238281,1.3164070844650269,1.3114644289016724,,otros,
108.589,-13.289894104003906,1.313964605331421,1.3135557174682617,,otros,
108.622,-13.239997863769531,1.311522126197815,1.315647006034851,,otros,
108.67,-13.190101623535156,1.309079647064209,1.3177382946014404,,otros,
108.688,-13.140205383300781,1.306637167930603,1.3198295831680298,,otros,
108.721,-13.090309143066406,1.304194688796997,1.3219208717346191,,otros,
108.768,-13.040412902832031,1.3017522096633911,1.3240121603012085,,otros,
108.788,-12.990516662597656,1.2993097305297852,1.3261034488677979,,otros,
108.821,-12.940620422363281,1.2968672513961792,1.3281947374343872,,otros,
108.869,-12.890724182128906,1.2944247722625732,1.3302860260009766,,otros,
108.887,-12.840827941894531,1.2919822931289673,1.332377314567566,,otros,
108.921,-12.790931701660156,1.2895398139953613,1.3344686031341553,,otros,
108.968,-12.741035461425781,1.2870973348617554,1.3365598917007446,,otros,
108.987,-12.691139221191406,1.2846548557281494,1.338651180267334,,otros,
109.019,-12.641242980957031,1.2822123765945435,1.3407424688339233,,otros,
109.067,-12.591346740722656,1.2797698974609375,1.3428337574005127,,otros,
109.086,-12.541450500488281,1.2773274183273315,1.344925045967102,,otros,
109.119,-12.491554260253906,1.2748849391937256,1.3470163345336914,,otros,
109.167,-12.441658020019531,1.2724424600601196,1.3491076231002808,,otros,
109.184,-12.391761779785156,1.2699999809265137,1.3511989116668701,,otros,
109.218,-12.341865539550781,1.2675575017929077,1.3532902002334595,,otros,
109.266,-12.291969299316406,1.2651150226593018,1.3553814888000488,,otros,
109.283,-12.242073059082031,1.2626725435256958,1.3574727773666382,,otros,
109.318,-12.192176818847656,1.2602300643920898,1.3595640659332275,,otros,
109.365,-12.142280578613281,1.2577875852584839,1.361655354499817,,otros,
109.384,-12.092384338378906,1.255345106124878,1.3637466430664062,,otros,
109.416,-12.042488098144531,1.252902626991272,1.3658379316329956,,otros,
109.465,-11.992591857910156,1.250460147857666,1.367929220199585,,otros,
109.482,-11.942695617675781,1.24801766872406,1.3700205087661743,,otros,
109.515,-11.892799377441406,1.245575189590454,1.3721117973327637,,otros,
109.563,-11.842903137207031,1.2431327104568481,1.374203085899353,,otros,
109.581,-11.793006896972656,1.2406902313232422,1.3762943744659424,,otros,
109.614,-11.743110656738281,1.2382477521896362,1.3783856630325317,,otros,
109.662,-11.693214416503906,1.2358052730560303,1.380476951599121,,otros,
109.681,-11.643318176269531,1.2333627939224243,1.3825682401657104,,otros,
109.713,-11.593421936035156,1.2309203147888184,1.3846595287322998,,otros,
109.761,-11.543525695800781,1.2284778356552124,1.3867508172988892,,otros,
109.779,-11.493629455566406,1.2260353565216064,1.3888421058654785,,otros,
109.813,-11.443733215332031,1.2235928773880005,1.3909333944320679,,otros,
109.861,-11.393836975097656,1.2211503982543945,1.3930246829986572,,otros,
109.879,-11.343940734863281,1.2187079191207886,1.3951159715652466,,otros,
109.913,-11.294044494628906,1.2162654399871826,1.397207260131836,,otros,
109.962,-11.244148254394531,1.2138229608535767,1.3992985486984253,,otros,
109.979,-11.194252014160156,1.2113804817199707,1.4013898372650146,,otros,
110.012,-11.144355773925781,1.2089380025863647,1.403481125831604,,otros,
110.06,-11.094459533691406,1.2064955234527588,1.4055724143981934,,otros,
110.079,-11.044563293457031,1.2040530443191528,1.4076637029647827,,otros,
110.113,-10.994667053222656,1.2016105651855469,1.409754991531372,,otros,
110.161,-10.944770812988281,1.199168086051941,1.4118462800979614,,otros,
110.179,-10.894874572753906,1.196725606918335,1.4139375686645508,,otros,
110.214,-10.844978332519531,1.194283127784729,1.4160288572311401,,otros,
110.262,-10.795082092285156,1.191840648651123,1.4181201457977295,,otros,
110.28,-10.745185852050781,1.189398169517517,1.4202114343643188,,otros,
110.313,-10.695289611816406,1.1869556903839111,1.4223027229309082,,otros,
110.363,-10.645393371582031,1.1845132112503052,1.4243940114974976,,otros,
110.379,-10.595497131347656,1.1820707321166992,1.426485300064087,,otros,
110.413,-10.545600891113281,1.1796282529830933,1.4285765886306763,,otros,
110.46,-10.495704650878906,1.1771857738494873,1.4306678771972656,,otros,
110.479,-10.445808410644531,1.1747432947158813,1.432759165763855,,otros,
110.513,-10.395912170410156,1.1723008155822754,1.4348504543304443,,otros,
110.575,-10.346015930175781,1.1698583364486694,1.4369417428970337,,otros,
110.588,-10.296119689941406,1.1674158573150635,1.439033031463623,,otros,
110.622,-10.246223449707031,1.1649733781814575,1.4411243200302124,,otros,
110.669,-10.196327209472656,1.1625308990478516,1.4432156085968018,,otros,
110.688,-10.146430969238281,1.1600884199142456,1.4453068971633911,,otros,
110.721,-10.096534729003906,1.1576459407806396,1.4473981857299805,,otros,
110.77,-10.046638488769531,1.1552034616470337,1.4494894742965698,,otros,
110.787,-9.996742248535156,1.1527609825134277,1.4515807628631592,,otros,
110.82,-9.996742248535156,1.1527609825134277,1.4515807628631592,,otros,
110.868,-9.996742248535156,1.1527609825134277,1.4515807628631592,,otros,
110.886,-9.996742248535156,1.1527609825134277,1.4515807628631592,,otros,
110.919,-9.996742248535156,1.1527609825134277,1.4515807628631592,,otros,
110.966,-9.996742248535156,1.1527609825134277,1.4515807628631592,,otros,
110.986,-9.996742248535156,1.1527609825134277,1.4515807628631592,,otros,
111.019,-9.996742248535156,1.1527609825134277,1.4515807628631592,,otros,
111.067,-9.996742248535156,1.1527609825134277,1.4515807628631592,,otros,
111.086,-9.996742248535156,1.1527609825134277,1.4515807628631592,,otros,
111.119,-9.996742248535156,1.1527609825134277,1.4515807628631592,,otros,
111.167,-9.996742248535156,0.009999999776482582,1.4515807628631592,,otros,
111.185,-9.996742248535156,0.009999999776482582,1.4515807628631592,,otros,
111.218,-9.996742248535156,0.009999999776482582,1.4515807628631592,,otros,
111.267,-9.996742248535156,0.009999999776482582,1.4515807628631592,,otros,
111.286,-9.996742248535156,0.009999999776482582,1.4515807628631592,,otros,
111.321,-9.996742248535156,0.009999999776482582,1.4515807628631592,,otros,
111.37,-9.996742248535156,0.009999999776482582,1.4515807628631592,,otros,
111.39,-9.996742248535156,0.009999999776482582,1.4515807628631592,,otros,
111.422,-9.996742248535156,0.009999999776482582,1.4515807628631592,,otros,
111.471,-9.996742248535156,0.009999999776482582,1.4515807628631592,,otros,
111.49,-9.996742248535156,0.009999999776482582,1.4515807628631592,,otros,
111.522,-9.996742248535156,0.009999999776482582,1.4515807628631592,,otros,
111.568,-9.996742248535156,0.009999999776482582,1.4515807628631592,,otros,
111.589,-9.996742248535156,0.009999999776482582,1.4515807628631592,,otros,
111.621,-9.996742248535156,0.009999999776482582,1.4515807628631592,,otros,
111.667,-9.996742248535156,0.009999999776482582,1.4515807628631592,,otros,
111.687,-9.996742248535156,0.009999999776482582,1.4515807628631592,,otros,
111.723,-9.996742248535156,0.009999999776482582,1.4515807628631592,,otros,
111.769,-9.996742248535156,0.009999999776482582,1.4515807628631592,,otros,
111.787,-9.996742248535156,0.009999999776482582,1.4515807628631592,,otros,
111.82,-9.996742248535156,0.009999999776482582,1.4515807628631592,,otros,
111.867,-9.996742248535156,0.009999999776482582,1.4515807628631592,,otros,
111.886,-9.996742248535156,0.009999999776482582,1.4515807628631592,,otros,
111.922,-9.996742248535156,0.009999999776482582,1.4515807628631592,,otros,
111.971,-9.996742248535156,0.009999999776482582,1.4515807628631592,,otros,
111.994,-9.996742248535156,0.009999999776482582,1.4515807628631592,,otros,
112.027,-9.996742248535156,0.009999999776482582,1.4515807628631592,,otros,
112.07,-9.996742248535156,0.009999999776482582,1.4515807628631592,,otros,
112.094,-9.996742248535156,0.009999999776482582,1.4515807628631592,,otros,
112.131,-9.996742248535156,0.009999999776482582,1.4515807628631592,,otros,
112.18,-9.996742248535156,0.009999999776482582,1.4515807628631592,,otros,
112.197,-9.996742248535156,0.009999999776482582,1.4515807628631592,,otros,
112.23,-9.996742248535156,0.009999999776482582,1.4515807628631592,,otros,
112.279,-9.996742248535156,0.009999999776482582,1.4515807628631592,,otros,
112.297,-9.996742248535156,0.009999999776482582,1.4515807628631592,,otros,
112.329,-9.996742248535156,0.009999999776482582,1.4515807628631592,,otros,
112.38,-9.996742248535156,0.009999999776482582,1.4515807628631592,,otros,
112.399,-9.996742248535156,0.009999999776482582,1.4515807628631592,,otros,
112.432,-9.923101425170898,0.009999999776482582,1.4828392267227173,,otros,
112.479,-9.84946060180664,0.009999999776482582,1.5140976905822754,,otros,
112.499,-9.775819778442383,0.009999999776482582,1.5453561544418335,,otros,
112.531,-9.702178955078125,0.009999999776482582,1.5766146183013916,,otros,
112.578,-9.628538131713867,0.009999999776482582,1.6078730821609497,,otros,
112.597,-9.55489730834961,0.009999999776482582,1.6391315460205078,,otros,
112.632,-9.481256484985352,0.009999999776482582,1.670390009880066,,otros,
112.678,-9.407615661621094,0.009999999776482582,1.701648473739624,,otros,
112.697,-9.333974838256836,0.009999999776482582,1.7329069375991821,,otros,
112.73,-9.260334014892578,0.009999999776482582,1.7641654014587402,,otros,
112.783,-9.18669319152832,0.009999999776482582,1.7954238653182983,,otros,
112.802,-9.113052368164062,0.009999999776482582,1.8266823291778564,,otros,
112.836,-9.039411544799805,0.009999999776482582,1.8579407930374146,,otros,
112.883,-8.965770721435547,0.009999999776482582,1.8891992568969727,,otros,
112.902,-8.892129898071289,0.009999999776482582,1.9204577207565308,,otros,
112.935,-8.818489074707031,0.009999999776482582,1.9517161846160889,,otros,
112.984,-8.744848251342773,0.009999999776482582,1.982974648475647,,otros,
113.002,-8.671207427978516,0.009999999776482582,2.014233112335205,,otros,
113.035,-8.597566604614258,0.009999999776482582,2.0454916954040527,,otros,
113.082,-8.597566604614258,0.009999999776482582,2.0454916954040527,,otros,
113.101,-8.597566604614258,0.009999999776482582,2.0454916954040527,,otros,
113.134,-8.597566604614258,0.009999999776482582,2.0454916954040527,,otros,
113.181,-8.597566604614258,0.009999999776482582,2.0454916954040527,,otros,
113.2,-8.597566604614258,0.009999999776482582,2.0454916954040527,,otros,
113.232,-8.597566604614258,0.009999999776482582,2.0454916954040527,,otros,
113.281,-8.597566604614258,0.009999999776482582,2.0454916954040527,,otros,
113.299,-8.597566604614258,0.009999999776482582,2.0454916954040527,,otros,
113.332,-8.597566604614258,0.009999999776482582,2.0454916954040527,,otros,
113.38,-8.597566604614258,0.009999999776482582,2.0454916954040527,,otros,
113.399,-8.597566604614258,0.009999999776482582,2.0454916954040527,,otros,
113.432,-8.597566604614258,0.009999999776482582,2.0454916954040527,,otros,
113.481,-8.597566604614258,0.009999999776482582,2.0454916954040527,,otros,
113.498,-8.597566604614258,0.009999999776482582,2.0454916954040527,,otros,
113.531,-8.597566604614258,0.009999999776482582,2.0454916954040527,,otros,
113.582,-8.597566604614258,0.009999999776482582,2.0454916954040527,,otros,
113.601,-8.597566604614258,0.009999999776482582,2.0454916954040527,,otros,
113.634,-8.597566604614258,0.009999999776482582,2.0454916954040527,,otros,
113.681,-8.597566604614258,0.009999999776482582,2.0454916954040527,,otros,
113.7,-8.597566604614258,0.009999999776482582,2.0454916954040527,,otros,
113.733,-8.628825187683105,0.009999999776482582,2.1191320419311523,,otros,
113.781,-8.660083770751953,0.009999999776482582,2.192772388458252,,otros,
113.799,-8.6913423538208,0.009999999776482582,2.2664127349853516,,otros,
113.833,-8.722600936889648,0.009999999776482582,2.340053081512451,,otros,
113.88,-8.753859519958496,0.009999999776482582,2.413693428039551,,otros,
113.898,-8.785118103027344,0.009999999776482582,2.4873337745666504,,otros,
113.931,-8.816376686096191,0.009999999776482582,2.56097412109375,,otros,
113.98,-8.847635269165039,0.009999999776482582,2.6346144676208496,,otros,
113.997,-8.878893852233887,0.009999999776482582,2.708254814147949,,otros,
114.03,-8.910152435302734,0.009999999776482582,2.781895160675049,,otros,
114.079,-8.941411018371582,0.009999999776482582,2.8555355072021484,,otros,
114.096,-8.97266960144043,0.009999999776482582,2.929175853729248,,otros,
114.128,-9.003928184509277,0.009999999776482582,3.0028162002563477,,otros,
114.177,-9.035186767578125,0.009999999776482582,3.0764565467834473,,otros,
114.194,-9.066445350646973,0.009999999776482582,3.150096893310547,,otros,
114.227,-9.09770393371582,0.009999999776482582,3.2237372398376465,,otros,
114.276,-9.128962516784668,0.009999999776482582,3.297377586364746,,otros,
114.293,-9.160221099853516,0.009999999776482582,3.3710179328918457,,otros,
114.327,-9.191479682922363,0.009999999776482582,3.4446582794189453,,otros,
114.375,-9.222738265991211,0.009999999776482582,3.518298625946045,,otros,
114.394,-9.253996849060059,0.009999999776482582,3.5919389724731445,,otros,
114.426,-9.285255432128906,0.009999999776482582,3.665579319000244,,otros,
114.482,-9.285255432128906,0.009999999776482582,3.665579319000244,,otros,
114.493,-9.285255432128906,0.009999999776482582,3.665579319000244,,otros,
114.53,-9.285255432128906,0.009999999776482582,3.665579319000244,,otros,
114.578,-9.285255432128906,0.009999999776482582,3.665579319000244,,otros,
114.599,-9.285255432128906,0.009999999776482582,3.665579319000244,,otros,
114.633,-9.285255432128906,0.009999999776482582,3.665579319000244,,otros,
114.683,-9.285255432128906,0.009999999776482582,3.665579319000244,,otros,
114.7,-9.285255432128906,0.009999999776482582,3.665579319000244,,otros,
114.732,-9.285255432128906,0.009999999776482582,3.665579319000244,,otros,
114.783,-9.285255432128906,0.009999999776482582,3.665579319000244,,otros,
114.8,-9.285255432128906,0.009999999776482582,3.665579319000244,,otros,
114.832,-9.285255432128906,0.009999999776482582,3.665579319000244,,otros,
114.888,-9.285255432128906,0.009999999776482582,3.665579319000244,,otros,
114.907,-9.285255432128906,0.009999999776482582,3.665579319000244,,otros,
114.94,-9.285255432128906,0.009999999776482582,3.665579319000244,,otros,
114.988,-9.285255432128906,0.009999999776482582,3.665579319000244,,otros,
115.005,-9.285255432128906,0.009999999776482582,3.665579319000244,,otros,
115.039,-9.285255432128906,0.009999999776482582,3.665579319000244,,otros,
115.086,-9.285255432128906,0.009999999776482582,3.665579319000244,,otros,
115.104,-9.285255432128906,0.009999999776482582,3.665579319000244,,otros,
115.14,-9.285255432128906,0.009999999776482582,3.665579319000244,,otros,
115.189,-9.285255432128906,0.009999999776482582,3.665579319000244,,otros,
115.206,-9.285255432128906,0.009999999776482582,3.665579319000244,,otros,
115.24,-9.285255432128906,0.009999999776482582,3.665579319000244,,otros,
115.288,-9.285255432128906,0.009999999776482582,3.665579319000244,,otros,
115.308,-9.205404281616211,0.009999999776482582,3.6704630851745605,,otros,
115.342,-9.125553131103516,0.009999999776482582,3.675346851348877,,otros,
115.389,-9.04570198059082,0.009999999776482582,3.6802306175231934,,otros,
115.408,-8.965850830078125,0.009999999776482582,3.6851143836975098,,otros,
115.441,-8.88599967956543,0.009999999776482582,3.689998149871826,,otros,
115.488,-8.806148529052734,0.009999999776482582,3.6948819160461426,,otros,
115.506,-8.726297378540039,0.009999999776482582,3.699765682220459,,otros,
115.539,-8.646446228027344,0.009999999776482582,3.7046494483947754,,otros,
115.586,-8.566595077514648,0.009999999776482582,3.709533214569092,,otros,
115.606,-8.486743927001953,0.009999999776482582,3.714416980743408,,otros,
115.64,-8.406892776489258,0.009999999776482582,3.7193007469177246,,otros,
115.688,-8.327041625976562,0.009999999776482582,3.724184513092041,,otros,
115.706,-8.247190475463867,0.009999999776482582,3.7290682792663574,,otros,
115.739,-8.167339324951172,0.009999999776482582,3.733952045440674,,otros,
115.787,-8.087488174438477,0.009999999776482582,3.7388358116149902,,otros,
115.805,-8.007637023925781,0.009999999776482582,3.7437195777893066,,otros,
115.838,-7.927786350250244,0.009999999776482582,3.748603343963623,,comida,
115.887,-7.847935676574707,0.009999999776482582,3.7534871101379395,,comida,
115.904,-7.76808500289917,0.009999999776482582,3.758370876312256,,comida,
115.936,-7.688234329223633,0.009999999776482582,3.7632546424865723,,comida,
115.986,-7.608383655548096,0.009999999776482582,3.7681384086608887,,comida,
116.002,-7.528532981872559,0.009999999776482582,3.773022174835205,,comida,
116.035,-7.4486823081970215,0.009999999776482582,3.7779059410095215,,comida,
116.083,-7.368831634521484,0.009999999776482582,3.782789707183838,,comida,
116.102,-7.288980960845947,0.009999999776482582,3.7876734733581543,,comida,
116.137,-7.20913028717041,0.009999999776482582,3.7925572395324707,,comida,
116.184,-7.129279613494873,0.009999999776482582,3.797441005706787,,comida,
116.202,-7.049428939819336,0.009999999776482582,3.8023247718811035,,comida,
116.235,-6.969578266143799,0.009999999776482582,3.80720853805542,,comida,
116.282,-6.889727592468262,0.009999999776482582,3.8120923042297363,,comida,
116.3,-6.809876918792725,0.009999999776482582,3.8169760704040527,,comida,
116.333,-6.7300262451171875,0.009999999776482582,3.821859836578369,,comida,
116.382,-6.65017557144165,0.009999999776482582,3.8267436027526855,,comida,
116.398,-6.570324897766113,0.009999999776482582,3.831627368927002,,comida,
116.431,-6.490474224090576,0.009999999776482582,3.8365111351013184,,comida,
116.48,-6.410623550415039,0.009999999776482582,3.8413949012756348,,comida,
116.498,-6.410623550415039,0.009999999776482582,3.8413949012756348,,comida,
116.532,-6.410623550415039,0.009999999776482582,3.8413949012756348,,comida,
116.58,-6.410623550415039,0.009999999776482582,3.8413949012756348,,comida,
116.598,-6.410623550415039,0.009999999776482582,3.8413949012756348,,comida,
116.631,-6.410623550415039,0.009999999776482582,3.8413949012756348,,comida,
116.68,-6.410623550415039,0.009999999776482582,3.8413949012756348,,comida,
116.697,-6.410623550415039,0.009999999776482582,3.8413949012756348,,comida,
116.73,-6.410623550415039,0.009999999776482582,3.8413949012756348,,comida,
116.781,-6.410623550415039,0.009999999776482582,3.8413949012756348,,comida,
116.802,-6.410623550415039,0.009999999776482582,3.8413949012756348,,comida,
116.834,-6.410623550415039,0.009999999776482582,3.8413949012756348,,comida,
116.882,-6.410623550415039,0.009999999776482582,3.8413949012756348,,comida,
116.899,-6.410623550415039,0.009999999776482582,3.8413949012756348,,comida,
116.932,-6.410623550415039,0.009999999776482582,3.8413949012756348,,comida,
116.983,-6.410623550415039,0.009999999776482582,3.8413949012756348,,comida,
116.999,-6.410623550415039,0.009999999776482582,3.8413949012756348,,comida,
117.033,-6.410623550415039,0.009999999776482582,3.8413949012756348,,comida,
117.082,-6.490474224090576,0.009999999776482582,3.8365111351013184,apple,comida,2
117.099,-6.570324897766113,0.009999999776482582,3.831627368927002,apple,comida,2
117.132,-6.65017557144165,0.009999999776482582,3.8267436027526855,apple,comida,2
117.181,-6.7300262451171875,0.009999999776482582,3.821859836578369,,comida,
117.198,-6.809876918792725,0.009999999776482582,3.8169760704040527,,comida,
117.23,-6.889727592468262,0.009999999776482582,3.8120923042297363,,comida,
117.28,-6.969578266143799,0.009999999776482582,3.80720853805542,,comida,
117.296,-7.049428939819336,0.009999999776482582,3.8023247718811035,,comida,
117.329,-7.129279613494873,0.009999999776482582,3.797441005706787,,comida,
117.377,-7.20913028717041,0.009999999776482582,3.7925572395324707,,comida,
117.397,-7.288980960845947,0.009999999776482582,3.7876734733581543,,comida,
117.431,-7.368831634521484,0.009999999776482582,3.782789707183838,,comida,
117.479,-7.4486823081970215,0.009999999776482582,3.7779059410095215,,comida,
117.498,-7.528532981872559,0.009999999776482582,3.773022174835205,,comida,
117.531,-7.608383655548096,0.009999999776482582,3.7681384086608887,,comida,
117.579,-7.688234329223633,0.009999999776482582,3.7632546424865723,,comida,
117.597,-7.76808500289917,0.009999999776482582,3.758370876312256,,comida,
117.631,-7.847935676574707,0.009999999776482582,3.7534871101379395,,comida,
117.678,-7.927786350250244,0.009999999776482582,3.748603343963623,,comida,
117.697,-8.007637023925781,0.009999999776482582,3.7437195777893066,,otros,
117.73,-8.087488174438477,0.009999999776482582,3.7388358116149902,,otros,
117.778,-8.167339324951172,0.009999999776482582,3.733952045440674,,otros,
117.796,-8.247190475463867,0.009999999776482582,3.7290682792663574,,otros,
117.828,-8.327041625976562,0.009999999776482582,3.724184513092041,,otros,
117.876,-8.406892776489258,0.009999999776482582,3.7193007469177246,,otros,
117.895,-8.486743927001953,0.009999999776482582,3.714416980743408,,otros,
117.928,-8.566595077514648,0.009999999776482582,3.709533214569092,,otros,
117.976,-8.566595077514648,0.009999999776482582,3.709533214569092,,otros,
117.995,-8.566595077514648,0.009999999776482582,3.709533214569092,,otros,
118.028,-8.566595077514648,0.009999999776482582,3.709533214569092,,otros,
118.076,-8.566595077514648,0.009999999776482582,3.709533214569092,,otros,
118.094,-8.566595077514648,0.009999999776482582,3.709533214569092,,otros,
118.128,-8.566595077514648,0.009999999776482582,3.709533214569092,,otros,
118.178,-8.566595077514648,0.009999999776482582,3.709533214569092,,otros,
118.194,-8.486743927001953,0.009999999776482582,3.714416980743408,,otros,
118.231,-8.406892776489258,0.009999999776482582,3.7193007469177246,,otros,
118.278,-8.327041625976562,0.009999999776482582,3.724184513092041,,otros,
118.297,-8.247190475463867,0.009999999776482582,3.7290682792663574,,otros,
118.33,-8.167339324951172,0.009999999776482582,3.733952045440674,,otros,
118.378,-8.087488174438477,0.009999999776482582,3.7388358116149902,,otros,
118.396,-8.007637023925781,0.009999999776482582,3.7437195777893066,,otros,
118.429,-7.927786350250244,0.009999999776482582,3.748603343963623,,comida,
118.477,-7.847935676574707,0.009999999776482582,3.7534871101379395,,comida,
118.495,-7.76808500289917,0.009999999776482582,3.758370876312256,,comida,
118.528,-7.688234329223633,0.009999999776482582,3.7632546424865723,,comida,
118.583,-7.608383655548096,0.009999999776482582,3.7681384086608887,,comida,
118.594,-7.528532981872559,0.009999999776482582,3.773022174835205,,comida,
118.629,-7.4486823081970215,0.009999999776482582,3.7779059410095215,,comida,
118.678,-7.368831634521484,0.009999999776482582,3.782789707183838,,comida,
118.697,-7.288980960845947,0.009999999776482582,3.7876734733581543,,comida,
118.729,-7.20913028717041,0.009999999776482582,3.7925572395324707,,comida,
118.777,-7.129279613494873,0.009999999776482582,3.797441005706787,,comida,
118.796,-7.049428939819336,0.009999999776482582,3.8023247718811035,,comida,
118.828,-6.969578266143799,0.009999999776482582,3.80720853805542,,comida,
118.877,-6.889727592468262,0.009999999776482582,3.8120923042297363,,comida,
118.895,-6.809876918792725,0.009999999776482582,3.8169760704040527,,comida,
118.928,-6.7300262451171875,0.009999999776482582,3.821859836578369,,comida,
118.976,-6.65017557144165,0.009999999776482582,3.8267436027526855,,comida,
118.994,-6.570324897766113,0.009999999776482582,3.831627368927002,,comida,
119.027,-6.490474224090576,0.009999999776482582,3.8365111351013184,,comida,
119.075,-6.410623550415039,0.009999999776482582,3.8413949012756348,,comida,
119.093,-6.410623550415039,0.009999999776482582,3.8413949012756348,,comida,
119.127,-6.410623550415039,0.009999999776482582,3.8413949012756348,,comida,
119.175,-6.410623550415039,0.009999999776482582,3.8413949012756348,,comida,
119.193,-6.410623550415039,0.009999999776482582,3.8413949012756348,,comida,
119.227,-6.410623550415039,0.009999999776482582,3.8413949012756348,,comida,
119.277,-6.410623550415039,0.009999999776482582,3.8413949012756348,,comida,
119.295,-6.410623550415039,0.009999999776482582,3.8413949012756348,,comida,
119.327,-6.410623550415039,0.009999999776482582,3.8413949012756348,,comida,
119.376,-6.410623550415039,0.009999999776482582,3.8413949012756348,,comida,
119.393,-6.410623550415039,0.009999999776482582,3.8413949012756348,,comida,
119.425,-6.410623550415039,0.009999999776482582,3.8413949012756348,,comida,
119.475,-6.410623550415039,0.009999999776482582,3.8413949012756348,,comida,
119.492,-6.410623550415039,0.009999999776482582,3.8413949012756348,,comida,
119.526,-6.410623550415039,0.009999999776482582,3.8413949012756348,,comida,
119.576,-6.490474224090576,0.009999999776482582,3.8365111351013184,apple,comida,2
119.592,-6.570324897766113,0.009999999776482582,3.831627368927002,apple,comida,2
119.625,-6.65017557144165,0.009999999776482582,3.8267436027526855,apple,comida,2
119.675,-6.7300262451171875,0.009999999776482582,3.821859836578369,,comida,
119.692,-6.809876918792725,0.009999999776482582,3.8169760704040527,,comida,
119.725,-6.889727592468262,0.009999999776482582,3.8120923042297363,,comida,
119.773,-6.969578266143799,0.009999999776482582,3.80720853805542,,comida,
119.791,-7.049428939819336,0.009999999776482582,3.8023247718811035,,comida,
119.824,-7.129279613494873,0.009999999776482582,3.797441005706787,,comida,
119.871,-7.20913028717041,0.009999999776482582,3.7925572395324707,,comida,
119.89,-7.288980960845947,0.009999999776482582,3.7876734733581543,,comida,
119.923,-7.368831634521484,0.009999999776482582,3.782789707183838,,comida,
119.969,-7.4486823081970215,0.009999999776482582,3.7779059410095215,,comida,
119.988,-7.528532981872559,0.009999999776482582,3.773022174835205,,comida,
120.021,-7.608383655548096,0.009999999776482582,3.7681384086608887,,comida,
120.069,-7.688234329223633,0.009999999776482582,3.7632546424865723,,comida,
120.088,-7.76808500289917,0.009999999776482582,3.758370876312256,,comida,
120.121,-7.847935676574707,0.009999999776482582,3.7534871101379395,,comida,
120.168,-7.927786350250244,0.009999999776482582,3.748603343963623,,comida,
120.187,-8.007637023925781,0.009999999776482582,3.7437195777893066,,otros,
120.22,-8.087488174438477,0.009999999776482582,3.7388358116149902,,otros,
120.267,-8.167339324951172,0.009999999776482582,3.733952045440674,,otros,
120.286,-8.247190475463867,0.009999999776482582,3.7290682792663574,,otros,
120.32,-8.327041625976562,0.009999999776482582,3.724184513092041,,otros,
120.367,-8.406892776489258,0.009999999776482582,3.7193007469177246,,otros,
120.385,-8.486743927001953,0.009999999776482582,3.714416980743408,,otros,
120.419,-8.566595077514648,0.009999999776482582,3.709533214569092,,otros,
120.467,-8.566595077514648,0.009999999776482582,3.709533214569092,,otros,
120.486,-8.566595077514648,0.009999999776482582,3.709533214569092,,otros,
120.519,-8.566595077514648,0.009999999776482582,3.709533214569092,,otros,
120.566,-8.566595077514648,0.009999999776482582,3.709533214569092,,otros,
120.585,-8.566595077514648,0.009999999776482582,3.709533214569092,,otros,
120.618,-8.566595077514648,0.009999999776482582,3.709533214569092,,otros,
120.668,-8.566595077514648,0.009999999776482582,3.709533214569092,,otros,
120.684,-8.566595077514648,0.009999999776482582,3.709533214569092,,otros,
120.717,-8.566595077514648,0.009999999776482582,3.709533214569092,,otros,
120.766,-8.566595077514648,0.009999999776482582,3.709533214569092,,otros,
120.783,-8.566595077514648,0.009999999776482582,3.709533214569092,,otros,
120.816,-8.566595077514648,0.009999999776482582,3.709533214569092,,otros,
120.864,-8.566595077514648,0.009999999776482582,3.709533214569092,,otros,
120.883,-8.566595077514648,0.009999999776482582,3.709533214569092,,otros,
120.916,-8.566595077514648,0.009999999776482582,3.709533214569092,,otros,
120.963,-8.566595077514648,0.009999999776482582,3.709533214569092,,otros,
120.982,-8.366968154907227,1.600000023841858,3.721742868423462,,otros,
121.015,-8.366968154907227,1.600000023841858,3.721742868423462,,otros,
121.063,-8.366968154907227,1.600000023841858,3.721742868423462,,otros,
121.08,-8.366968154907227,1.600000023841858,3.721742868423462,,otros,
121.114,-8.366968154907227,1.600000023841858,3.721742868423462,,otros,
121.163,-8.366968154907227,1.600000023841858,3.721742868423462,,otros,
121.181,-8.366968154907227,1.600000023841858,3.721742868423462,,otros,
121.215,-8.366968154907227,1.600000023841858,3.721742868423462,,otros,
121.266,-8.366968154907227,1.600000023841858,3.721742868423462,,otros,
121.283,-8.317214965820312,1.5960770845413208,3.724785804748535,,otros,
121.317,-8.267461776733398,1.5921541452407837,3.7278287410736084,,otros,
121.364,-8.217708587646484,1.5882312059402466,3.7308716773986816,,otros,
121.382,-8.16795539855957,1.5843082666397095,3.733914613723755,,otros,
121.415,-8.118202209472656,1.5803853273391724,3.736957550048828,,otros,
121.463,-8.068449020385742,1.5764623880386353,3.7400004863739014,,otros,
121.481,-8.018695831298828,1.5725394487380981,3.7430434226989746,,otros,
121.514,-7.968943119049072,1.568616509437561,3.746086359024048,,comida,
121.563,-7.919190406799316,1.564693570137024,3.749129295349121,,comida,
121.581,-7.8694376945495605,1.5607706308364868,3.7521722316741943,,comida,
121.614,-7.819684982299805,1.5568476915359497,3.7552151679992676,,comida,
121.662,-7.769932270050049,1.5529247522354126,3.758258104324341,,comida,
121.681,-7.720179557800293,1.5490018129348755,3.761301040649414,,comida,
121.714,-7.670426845550537,1.5450788736343384,3.7643439769744873,,comida,
121.762,-7.620674133300781,1.5411559343338013,3.7673869132995605,,comida,
121.78,-7.570921421051025,1.5372329950332642,3.770429849624634,,comida,
121.814,-7.5211687088012695,1.533310055732727,3.773472785949707,,comida,
121.863,-7.471415996551514,1.52938711643219,3.7765157222747803,,comida,
121.881,-7.421663284301758,1.5254641771316528,3.7795586585998535,,comida,
121.913,-7.371910572052002,1.5215412378311157,3.7826015949249268,,comida,
121.962,-7.322157859802246,1.5176182985305786,3.78564453125,,comida,
121.98,-7.27240514755249,1.5136953592300415,3.7886874675750732,,comida,
122.012,-7.222652435302734,1.5097724199295044,3.7917304039001465,,comida,
122.06,-7.1728997230529785,1.5058494806289673,3.7947733402252197,,comida,
122.079,-7.123147010803223,1.5019265413284302,3.797816276550293,,comida,
122.113,-7.073394298553467,1.498003602027893,3.800859212875366,,comida,
122.161,-7.023641586303711,1.494080662727356,3.8039021492004395,,comida,
122.179,-6.973888874053955,1.4901577234268188,3.8069450855255127,,comida,
122.213,-6.924136161804199,1.4862347841262817,3.809988021850586,,comida,
122.26,-6.874383449554443,1.4823118448257446,3.813030958175659,,comida,
122.279,-6.8246307373046875,1.4783889055252075,3.8160738945007324,,comida,
122.312,-6.774878025054932,1.4744659662246704,3.8191168308258057,,comida,
122.36,-6.725125312805176,1.4705430269241333,3.822159767150879,,comida,
122.378,-6.67537260055542,1.4666200876235962,3.825202703475952,,comida,
122.412,-6.625619888305664,1.462697148323059,3.8282456398010254,,comida,
122.459,-6.575867176055908,1.458774209022522,3.8312885761260986,,comida,
122.477,-6.526114463806152,1.4548512697219849,3.834331512451172,,comida,
122.511,-6.4763617515563965,1.4509283304214478,3.837374448776245,,comida,
122.558,-6.426609039306641,1.4470053911209106,3.8404173851013184,,comida,
122.577,-6.376856327056885,1.4430824518203735,3.8434603214263916,,comida,
122.61,-6.327103614807129,1.4391595125198364,3.846503257751465,,comida,
122.658,-6.277350902557373,1.4352365732192993,3.849546194076538,apple,comida,2
122.676,-6.227598190307617,1.4313136339187622,3.8525891304016113,apple,comida,2
122.709,-6.177845478057861,1.427390694618225,3.8556320667266846,apple,comida,2
122.758,-6.1280927658081055,1.423467755317688,3.858675003051758,apple,comida,2
122.777,-6.07834005355835,1.4195448160171509,3.861717939376831,apple,comida,2
122.81,-6.028587341308594,1.4156218767166138,3.8647608757019043,apple,comida,2
122.858,-5.978834629058838,1.4116989374160767,3.8678038120269775,,comida,
122.877,-5.929081916809082,1.4077759981155396,3.870846748352051,,comida,
122.91,-5.879329204559326,1.4038530588150024,3.873889684677124,,comida,
122.957,-5.82957649230957,1.3999301195144653,3.8769326210021973,,comida,
122.976,-5.7798237800598145,1.3960071802139282,3.8799755573272705,,comida,
123.01,-5.730071067810059,1.3920842409133911,3.8830184936523438,,comida,
123.059,-5.680318355560303,1.388161301612854,3.886061429977417,apple,comida,2
123.076,-5.630565643310547,1.384238362312317,3.8891043663024902,apple,comida,2
123.11,-5.630565643310547,1.384238362312317,3.8891043663024902,apple,comida,2
123.16,-5.630565643310547,1.384238362312317,3.8891043663024902,apple,comida,2
123.176,-5.630565643310547,1.384238362312317,3.8891043663024902,apple,comida,2
123.209,-5.630565643310547,1.384238362312317,3.8891043663024902,apple,comida,2
123.257,-5.630565643310547,1.384238362312317,3.8891043663024902,apple,comida,2
123.281,-5.630565643310547,1.384238362312317,3.8891043663024902,apple,comida,2
123.315,-5.680318355560303,1.388161301612854,3.886061429977417,apple,comida,2
123.364,-5.730071067810059,1.3920842409133911,3.8830184936523438,,comida,
123.381,-5.7798237800598145,1.3960071802139282,3.8799755573272705,,comida,
123.414,-5.82957649230957,1.3999301195144653,3.8769326210021973,,comida,
123.464,-5.879329204559326,1.4038530588150024,3.873889684677124,,comida,
123.482,-5.929081916809082,1.4077759981155396,3.870846748352051,,comida,
123.515,-5.978834629058838,1.4116989374160767,3.8678038120269775,,comida,
123.564,-6.028587341308594,1.4156218767166138,3.8647608757019043,,comida,
123.582,-6.07834005355835,1.4195448160171509,3.861717939376831,,comida,
123.615,-6.1280927658081055,1.423467755317688,3.858675003051758,,comida,
123.666,-6.177845478057861,1.427390694618225,3.8556320667266846,apple,comida,2
123.682,-6.227598190307617,1.4313136339187622,3.8525891304016113,apple,comida,2
123.717,-6.277350902557373,1.4352365732192993,3.849546194076538,apple,comida,2
123.766,-6.327103614807129,1.4391595125198364,3.846503257751465,,comida,
123.783,-6.376856327056885,1.4430824518203735,3.8434603214263916,,comida,
123.817,-6.426609039306641,1.4470053911209106,3.8404173851013184,,comida,
123.865,-6.4763617515563965,1.4509283304214478,3.837374448776245,,comida,
123.883,-6.526114463806152,1.4548512697219849,3.834331512451172,,comida,
123.917,-6.575867176055908,1.458774209022522,3.8312885761260986,,comida,
123.965,-6.625619888305664,1.462697148323059,3.8282456398010254,,comida,
123.982,-6.67537260055542,1.4666200876235962,3.825202703475952,,comida,
124.016,-6.725125312805176,1.4705430269241333,3.822159767150879,,comida,
124.064,-6.774878025054932,1.4744659662246704,3.8191168308258057,,comida,
124.083,-6.8246307373046875,1.4783889055252075,3.8160738945007324,,comida,
124.116,-6.874383449554443,1.4823118448257446,3.813030958175659,,comida,
124.164,-6.924136161804199,1.4862347841262817,3.809988021850586,,comida,
124.182,-6.973888874053955,1.4901577234268188,3.8069450855255127,,comida,
124.215,-7.023641586303711,1.494080662727356,3.8039021492004395,,comida,
124.263,-7.073394298553467,1.498003602027893,3.800859212875366,,comida,
124.282,-7.123147010803223,1.5019265413284302,3.797816276550293,,comida,
124.315,-7.1728997230529785,1.5058494806289673,3.7947733402252197,,comida,
124.364,-7.222652435302734,1.5097724199295044,3.7917304039001465,,comida,
124.381,-7.27240514755249,1.5136953592300415,3.7886874675750732,,comida,
124.414,-7.322157859802246,1.5176182985305786,3.78564453125,,comida,
124.461,-7.371910572052002,1.5215412378311157,3.7826015949249268,,comida,
124.481,-7.421663284301758,1.5254641771316528,3.7795586585998535,,comida,
124.513,-7.471415996551514,1.52938711643219,3.7765157222747803,,comida,
124.561,-7.5211687088012695,1.533310055732727,3.773472785949707,,comida,
124.58,-7.570921421051025,1.5372329950332642,3.770429849624634,,comida,
124.613,-7.620674133300781,1.5411559343338013,3.7673869132995605,,comida,
124.664,-7.670426845550537,1.5450788736343384,3.7643439769744873,,comida,
124.68,-7.720179557800293,1.5490018129348755,3.761301040649414,,comida,
124.713,-7.720179557800293,1.5490018129348755,3.761301040649414,,comida,
124.761,-7.720179557800293,1.5490018129348755,3.761301040649414,,comida,
124.779,-7.720179557800293,1.5490018129348755,3.761301040649414,,comida,
124.812,-7.670426845550537,1.5450788736343384,3.7643439769744873,,comida,
124.86,-7.620674133300781,1.5411559343338013,3.7673869132995605,,comida,
124.878,-7.570921421051025,1.5372329950332642,3.770429849624634,,comida,
124.912,-7.5211687088012695,1.533310055732727,3.773472785949707,,comida,
124.96,-7.471415996551514,1.52938711643219,3.7765157222747803,,comida,
124.978,-7.421663284301758,1.5254641771316528,3.7795586585998535,,comida,
125.011,-7.371910572052002,1.5215412378311157,3.7826015949249268,,comida,
125.059,-7.322157859802246,1.5176182985305786,3.78564453125,,comida,
125.078,-7.27240514755249,1.5136953592300415,3.7886874675750732,,comida,
125.111,-7.222652435302734,1.5097724199295044,3.7917304039001465,,comida,
125.159,-7.1728997230529785,1.5058494806289673,3.7947733402252197,,comida,
125.178,-7.123147010803223,1.5019265413284302,3.797816276550293,,comida,
125.211,-7.073394298553467,1.498003602027893,3.800859212875366,,comida,
125.258,-7.023641586303711,1.494080662727356,3.8039021492004395,,comida,
125.277,-6.973888874053955,1.4901577234268188,3.8069450855255127,,comida,
125.311,-6.924136161804199,1.4862347841262817,3.809988021850586,,comida,
125.358,-6.874383449554443,1.4823118448257446,3.813030958175659,,comida,
125.377,-6.8246307373046875,1.4783889055252075,3.8160738945007324,,comida,
125.41,-6.774878025054932,1.4744659662246704,3.8191168308258057,,comida,
125.459,-6.725125312805176,1.4705430269241333,3.822159767150879,,comida,
125.476,-6.67537260055542,1.4666200876235962,3.825202703475952,,comida,
125.51,-6.625619888305664,1.462697148323059,3.8282456398010254,,comida,
125.56,-6.575867176055908,1.458774209022522,3.8312885761260986,,comida,
125.578,-6.526114463806152,1.4548512697219849,3.834331512451172,,comida,
125.611,-6.4763617515563965,1.4509283304214478,3.837374448776245,,comida,
125.658,-6.426609039306641,1.4470053911209106,3.8404173851013184,,comida,
125.677,-6.376856327056885,1.4430824518203735,3.8434603214263916,,comida,
125.71,-6.327103614807129,1.4391595125198364,3.846503257751465,,comida,
125.759,-6.277350902557373,1.4352365732192993,3.849546194076538,apple,comida,2
125.776,-6.227598190307617,1.4313136339187622,3.8525891304016113,apple,comida,2
125.81,-6.177845478057861,1.427390694618225,3.8556320667266846,apple,comida,2
125.858,-6.1280927658081055,1.423467755317688,3.858675003051758,apple,comida,2
125.877,-6.07834005355835,1.4195448160171509,3.861717939376831,apple,comida,2
125.91,-6.028587341308594,1.4156218767166138,3.8647608757019043,apple,comida,2
125.959,-5.978834629058838,1.4116989374160767,3.8678038120269775,,comida,
125.976,-5.929081916809082,1.4077759981155396,3.870846748352051,,comida,
126.01,-5.879329204559326,1.4038530588150024,3.873889684677124,,comida,
126.058,-5.82957649230957,1.3999301195144653,3.8769326210021973,,comida,
126.077,-5.7798237800598145,1.3960071802139282,3.8799755573272705,,comida,
126.111,-5.7798237800598145,1.3960071802139282,3.8799755573272705,,comida,
126.16,-5.7798237800598145,1.3960071802139282,3.8799755573272705,,comida,
126.178,-5.7798237800598145,1.3960071802139282,3.8799755573272705,,comida,
126.211,-5.7798237800598145,1.3960071802139282,3.8799755573272705,,comida,
126.259,-5.7798237800598145,1.3960071802139282,3.8799755573272705,,comida,
126.278,-5.7798237800598145,1.3960071802139282,3.8799755573272705,,comida,
126.312,-5.82957649230957,1.3999301195144653,3.8769326210021973,,comida,
126.359,-5.879329204559326,1.4038530588150024,3.873889684677124,,comida,
126.377,-5.929081916809082,1.4077759981155396,3.870846748352051,,comida,
126.41,-5.978834629058838,1.4116989374160767,3.8678038120269775,,comida,
126.458,-6.028587341308594,1.4156218767166138,3.8647608757019043,,comida,
126.477,-6.07834005355835,1.4195448160171509,3.861717939376831,,comida,
126.51,-6.1280927658081055,1.423467755317688,3.858675003051758,,comida,
126.559,-6.177845478057861,1.427390694618225,3.8556320667266846,apple,comida,2
126.576,-6.227598190307617,1.4313136339187622,3.8525891304016113,apple,comida,2
126.609,-6.277350902557373,1.4352365732192993,3.849546194076538,apple,comida,2
126.656,-6.327103614807129,1.4391595125198364,3.846503257751465,,comida,
126.676,-6.376856327056885,1.4430824518203735,3.8434603214263916,,comida,
126.71,-6.426609039306641,1.4470053911209106,3.8404173851013184,,comida,
126.76,-6.4763617515563965,1.4509283304214478,3.837374448776245,,comida,
126.777,-6.526114463806152,1.4548512697219849,3.834331512451172,,comida,
126.81,-6.575867176055908,1.458774209022522,3.8312885761260986,,comida,
126.858,-6.625619888305664,1.462697148323059,3.8282456398010254,,comida,
126.876,-6.67537260055542,1.4666200876235962,3.825202703475952,,comida,
126.91,-6.725125312805176,1.4705430269241333,3.822159767150879,,comida,
126.957,-6.774878025054932,1.4744659662246704,3.8191168308258057,,comida,
126.976,-6.8246307373046875,1.4783889055252075,3.8160738945007324,,comida,
127.009,-6.874383449554443,1.4823118448257446,3.813030958175659,,comida,
127.056,-6.924136161804199,1.4862347841262817,3.809988021850586,,comida,
127.075,-6.973888874053955,1.4901577234268188,3.8069450855255127,,comida,
127.108,-7.023641586303711,1.494080662727356,3.8039021492004395,,comida,
127.156,-7.073394298553467,1.498003602027893,3.800859212875366,,comida,
127.173,-7.123147010803223,1.5019265413284302,3.797816276550293,,comida,
127.207,-7.1728997230529785,1.5058494806289673,3.7947733402252197,,comida,
127.255,-7.222652435302734,1.5097724199295044,3.7917304039001465,,comida,
127.273,-7.27240514755249,1.5136953592300415,3.7886874675750732,,comida,
127.306,-7.322157859802246,1.5176182985305786,3.78564453125,,comida,
127.354,-7.371910572052002,1.5215412378311157,3.7826015949249268,,comida,
127.372,-7.421663284301758,1.5254641771316528,3.7795586585998535,,comida,
127.406,-7.471415996551514,1.52938711643219,3.7765157222747803,,comida,
127.453,-7.5211687088012695,1.533310055732727,3.773472785949707,,comida,
127.472,-7.570921421051025,1.5372329950332642,3.770429849624634,,comida,
127.505,-7.620674133300781,1.5411559343338013,3.7673869132995605,,comida,
127.553,-7.670426845550537,1.5450788736343384,3.7643439769744873,,comida,
127.571,-7.720179557800293,1.5490018129348755,3.761301040649414,,comida,
127.604,-7.769932270050049,1.5529247522354126,3.758258104324341,,comida,
127.652,-7.819684982299805,1.5568476915359497,3.7552151679992676,,comida,
127.671,-7.8694376945495605,1.5607706308364868,3.7521722316741943,,comida,
127.704,-7.919190406799316,1.564693570137024,3.749129295349121,,comida,
127.752,-7.968943119049072,1.568616509437561,3.746086359024048,,comida,
127.771,-8.018695831298828,1.5725394487380981,3.7430434226989746,,otros,
127.803,-8.068449020385742,1.5764623880386353,3.7400004863739014,,otros,
127.852,-8.118202209472656,1.5803853273391724,3.736957550048828,,otros,
127.87,-8.16795539855957,1.5843082666397095,3.733914613723755,,otros,
127.903,-8.16795539855957,1.5843082666397095,3.733914613723755,,otros,
127.951,-8.16795539855957,1.5843082666397095,3.733914613723755,,otros,
127.968,-8.16795539855957,1.5843082666397095,3.733914613723755,,otros,
128.001,-8.16795539855957,1.5843082666397095,3.733914613723755,,otros,
128.048,-8.16795539855957,1.5843082666397095,3.733914613723755,,otros,
128.067,-8.16795539855957,1.5843082666397095,3.733914613723755,,otros,
128.101,-8.16795539855957,0.009999999776482582,3.733914613723755,,otros,
128.149,-8.16795539855957,0.009999999776482582,3.733914613723755,,otros,
128.166,-8.16795539855957,0.009999999776482582,3.733914613723755,,otros,
128.199,-8.16795539855957,0.009999999776482582,3.733914613723755,,otros,
128.247,-8.16795539855957,0.009999999776482582,3.733914613723755,,otros,
128.269,-8.16795539855957,0.009999999776482582,3.733914613723755,,otros,
128.307,-8.16795539855957,0.009999999776482582,3.733914613723755,,otros,
128.356,-8.16795539855957,0.009999999776482582,3.733914613723755,,otros,
128.373,-8.16795539855957,0.009999999776482582,3.733914613723755,,otros,
128.406,-8.16795539855957,0.009999999776482582,3.733914613723755,,otros,
128.453,-8.16795539855957,0.009999999776482582,3.733914613723755,,otros,
128.472,-8.16795539855957,0.009999999776482582,3.733914613723755,,otros,
128.504,-8.16795539855957,0.009999999776482582,3.733914613723755,,otros,
128.553,-8.16795539855957,0.009999999776482582,3.733914613723755,,otros,
128.572,-8.163071632385254,0.009999999776482582,3.6540637016296387,,otros,
128.604,-8.158187866210938,0.009999999776482582,3.5742130279541016,,otros,
128.652,-8.153304100036621,0.009999999776482582,3.4943623542785645,,otros,
128.671,-8.148420333862305,0.009999999776482582,3.4145116806030273,,otros,
128.704,-8.143536567687988,0.009999999776482582,3.3346610069274902,,otros,
128.752,-8.138652801513672,0.009999999776482582,3.254810333251953,,otros,
128.77,-8.133769035339355,0.009999999776482582,3.174959659576416,,otros,
128.803,-8.128885269165039,0.009999999776482582,3.095108985900879,,otros,
128.85,-8.124001502990723,0.009999999776482582,3.015258312225342,,otros,
128.869,-8.119117736816406,0.009999999776482582,2.9354076385498047,,otros,
128.902,-8.11423397064209,0.009999999776482582,2.8555569648742676,,otros,
128.951,-8.109350204467773,0.009999999776482582,2.7757062911987305,,otros,
128.968,-8.104466438293457,0.009999999776482582,2.6958556175231934,,otros,
129.001,-8.09958267211914,0.009999999776482582,2.6160049438476562,,otros,
129.049,-8.094698905944824,0.009999999776482582,2.536154270172119,,otros,
129.068,-8.089815139770508,0.009999999776482582,2.456303596496582,,otros,
129.101,-8.084931373596191,0.009999999776482582,2.376452922821045,,otros,
129.15,-8.080047607421875,0.009999999776482582,2.296602249145508,,otros,
129.167,-8.075163841247559,0.009999999776482582,2.2167515754699707,,otros,
129.2,-8.070280075073242,0.009999999776482582,2.1369009017944336,,otros,
129.248,-8.065396308898926,0.009999999776482582,2.0570502281188965,,otros,
129.267,-8.06051254272461,0.009999999776482582,1.9771994352340698,,otros,
129.3,-8.055628776550293,0.009999999776482582,1.8973486423492432,,otros,
129.349,-8.050745010375977,0.009999999776482582,1.8174978494644165,,otros,
129.368,-8.04586124420166,0.009999999776482582,1.7376470565795898,,otros,
129.4,-8.040977478027344,0.009999999776482582,1.6577962636947632,,otros,
129.446,-8.036093711853027,0.009999999776482582,1.5779454708099365,,otros,
129.465,-8.031209945678711,0.009999999776482582,1.4980946779251099,,otros,
129.498,-8.031209945678711,0.009999999776482582,1.4980946779251099,,otros,
129.546,-8.031209945678711,0.009999999776482582,1.4980946779251099,,otros,
129.563,-8.031209945678711,0.009999999776482582,1.4980946779251099,,otros,
129.598,-8.031209945678711,0.009999999776482582,1.4980946779251099,,otros,
129.646,-8.031209945678711,0.009999999776482582,1.4980946779251099,,otros,
129.664,-8.031209945678711,0.009999999776482582,1.4980946779251099,,otros,
129.696,-8.031209945678711,0.009999999776482582,1.4980946779251099,,otros,
129.744,-8.031209945678711,0.009999999776482582,1.4980946779251099,,otros,
129.763,-8.031209945678711,0.009999999776482582,1.4980946779251099,,otros,
129.795,-8.031209945678711,0.009999999776482582,1.4980946779251099,,otros,
129.843,-8.031209945678711,0.009999999776482582,1.4980946779251099,,otros,
129.862,-8.031209945678711,0.009999999776482582,1.4980946779251099,,otros,
129.895,-8.031209945678711,0.009999999776482582,1.4980946779251099,,otros,
129.945,-7.951359272003174,0.009999999776482582,1.5029785633087158,,comida,
129.963,-7.871508598327637,0.009999999776482582,1.5078624486923218,,comida,
129.996,-7.7916579246521,0.009999999776482582,1.5127463340759277,,comida,
130.044,-7.7118072509765625,0.009999999776482582,1.5176302194595337,,comida,
130.064,-7.631956577301025,0.009999999776482582,1.5225141048431396,,comida,
130.098,-7.552105903625488,0.009999999776482582,1.5273979902267456,,comida,
130.144,-7.472255229949951,0.009999999776482582,1.5322818756103516,,comida,
130.162,-7.392404556274414,0.009999999776482582,1.5371657609939575,,comida,
130.196,-7.312553882598877,0.009999999776482582,1.5420496463775635,,comida,
130.244,-7.23270320892334,0.009999999776482582,1.5469335317611694,,comida,
130.263,-7.152852535247803,0.009999999776482582,1.5518174171447754,,comida,
130.296,-7.073001861572266,0.009999999776482582,1.5567013025283813,,comida,
130.344,-6.9931511878967285,0.009999999776482582,1.5615851879119873,,comida,
130.364,-6.913300514221191,0.009999999776482582,1.5664690732955933,,comida,
130.397,-6.833449840545654,0.009999999776482582,1.5713529586791992,,comida,
130.446,-6.753599166870117,0.009999999776482582,1.5762368440628052,,comida,
130.464,-6.67374849319458,0.009999999776482582,1.5811207294464111,,comida,
130.497,-6.593897819519043,0.009999999776482582,1.586004614830017,,comida,
130.545,-6.514047145843506,0.009999999776482582,1.590888500213623,,comida,
130.564,-6.434196472167969,0.009999999776482582,1.595772385597229,,comida,
130.599,-6.354372501373291,0.009999999776482582,1.6010743379592896,,comida,
130.647,-6.274825572967529,0.009999999776482582,1.6095755100250244,,comida,
130.666,-6.274825572967529,0.009999999776482582,1.6095755100250244,,comida,
130.699,-6.274825572967529,0.009999999776482582,1.6095755100250244,,comida,
130.753,-6.274825572967529,0.009999999776482582,1.6095755100250244,,comida,
130.774,-6.274825572967529,0.009999999776482582,1.6095755100250244,,comida,
130.812,-6.274825572967529,0.009999999776482582,1.6095755100250244,,comida,
130.857,-6.274825572967529,0.009999999776482582,1.6095755100250244,,comida,
130.877,-6.274825572967529,0.009999999776482582,1.6095755100250244,,comida,
130.91,-6.274825572967529,0.009999999776482582,1.6095755100250244,,comida,
130.958,-6.274825572967529,0.009999999776482582,1.6095755100250244,,comida,
130.977,-6.274825572967529,0.009999999776482582,1.6095755100250244,,comida,
131.009,-6.274825572967529,0.009999999776482582,1.6095755100250244,,comida,
131.056,-6.274825572967529,0.009999999776482582,1.6095755100250244,,comida,
131.077,-6.274825572967529,0.009999999776482582,1.6095755100250244,,comida,
131.111,-6.274825572967529,0.009999999776482582,1.6095755100250244,,comida,
131.159,-6.274825572967529,0.009999999776482582,1.6095755100250244,,comida,
131.177,-6.274825572967529,0.009999999776482582,1.6095755100250244,,comida,
131.211,-6.274825572967529,0.009999999776482582,1.6095755100250244,,comida,
131.258,-6.274825572967529,0.009999999776482582,1.6095755100250244,,comida,
131.278,-6.202028751373291,0.009999999776482582,1.6427509784698486,,comida,
131.308,-6.129231929779053,0.009999999776482582,1.6759264469146729,,comida,
131.356,-6.0564351081848145,0.009999999776482582,1.709101915359497,,comida,
131.374,-5.983638286590576,0.009999999776482582,1.7422773838043213,,comida,
131.408,-5.910841464996338,0.009999999776482582,1.7754528522491455,,comida,
131.458,-5.8380446434021,0.009999999776482582,1.8086283206939697,,comida,
131.476,-5.765247821807861,0.009999999776482582,1.841803789138794,,comida,
131.507,-5.692451000213623,0.009999999776482582,1.8749792575836182,,comida,
131.557,-5.692451000213623,0.009999999776482582,1.8749792575836182,,comida,
131.574,-5.692451000213623,0.009999999776482582,1.8749792575836182,,comida,
131.607,-5.692451000213623,0.009999999776482582,1.8749792575836182,,comida,
131.657,-5.692451000213623,0.009999999776482582,1.8749792575836182,,comida,
131.673,-5.692451000213623,0.009999999776482582,1.8749792575836182,,comida,
131.705,-5.692451000213623,0.009999999776482582,1.8749792575836182,,comida,
131.761,-5.692451000213623,0.009999999776482582,1.8749792575836182,,comida,
131.773,-5.692451000213623,0.009999999776482582,1.8749792575836182,,comida,
131.805,-5.692451000213623,0.009999999776482582,1.8749792575836182,,comida,
131.856,-5.692451000213623,0.009999999776482582,1.8749792575836182,,comida,
131.873,-5.692451000213623,0.009999999776482582,1.8749792575836182,,comida,
131.906,-5.692451000213623,0.009999999776482582,1.8749792575836182,,comida,
131.955,-5.692451000213623,0.009999999776482582,1.8749792575836182,,comida,
131.973,-5.692451000213623,0.009999999776482582,1.8749792575836182,,comida,
132.007,-5.692451000213623,0.009999999776482582,1.8749792575836182,,comida,
132.053,-5.692451000213623,0.009999999776482582,1.8749792575836182,,comida,
132.071,-5.692451000213623,0.009999999776482582,1.8749792575836182,,comida,
132.105,-5.692451000213623,0.009999999776482582,1.8749792575836182,,comida,
132.153,-5.692451000213623,0.009999999776482582,1.8749792575836182,,comida,
132.171,-5.692451000213623,0.009999999776482582,1.8749792575836182,,comida,
132.204,-5.692451000213623,0.009999999776482582,1.8749792575836182,,comida,
132.253,-5.692451000213623,0.009999999776482582,1.8749792575836182,,comida,
132.271,-5.692451000213623,0.009999999776482582,1.8749792575836182,,comida,
132.303,-5.692451000213623,0.009999999776482582,1.8749792575836182,,comida,
132.353,-5.692451000213623,0.009999999776482582,1.8749792575836182,,comida,
132.368,-5.692451000213623,0.009999999776482582,1.8749792575836182,,comida,
132.402,-5.692451000213623,0.009999999776482582,1.8749792575836182,,comida,
132.45,-5.692451000213623,0.009999999776482582,1.8749792575836182,,comida,
132.469,-5.692451000213623,0.009999999776482582,1.8749792575836182,,comida,
132.504,-5.692451000213623,0.009999999776482582,1.8749792575836182,,comida,
132.552,-5.692451000213623,0.009999999776482582,1.8749792575836182,,comida,
132.571,-5.692451000213623,0.009999999776482582,1.8749792575836182,,comida,
132.604,-5.692451000213623,0.009999999776482582,1.8749792575836182,,comida,
132.654,-5.692451000213623,0.009999999776482582,1.8749792575836182,,comida,
132.674,-5.692451000213623,0.009999999776482582,1.8749792575836182,,comida,
132.707,-5.692451000213623,0.009999999776482582,1.8749792575836182,,comida,
132.758,-5.659657001495361,0.009999999776482582,1.9479488134384155,,comida,
132.773,-5.6268630027771,0.009999999776482582,2.020918369293213,,comida,
132.807,-5.594069004058838,0.009999999776482582,2.0938880443573,,comida,
132.856,-5.561275005340576,0.009999999776482582,2.1668577194213867,,comida,
132.874,-5.5284810066223145,0.009999999776482582,2.2398273944854736,,comida,
132.908,-5.5284810066223145,0.009999999776482582,2.2398273944854736,,comida,
132.955,-5.5284810066223145,0.009999999776482582,2.2398273944854736,,comida,
132.972,-5.5284810066223145,0.009999999776482582,2.2398273944854736,,comida,
133.006,-5.5284810066223145,0.009999999776482582,2.2398273944854736,,comida,
133.056,-5.5284810066223145,0.009999999776482582,2.2398273944854736,,comida,
133.071,-5.5284810066223145,0.009999999776482582,2.2398273944854736,,comida,
133.106,-5.5284810066223145,0.009999999776482582,2.2398273944854736,,comida,
133.154,-5.5284810066223145,0.009999999776482582,2.2398273944854736,,comida,
133.17,-5.5284810066223145,0.009999999776482582,2.2398273944854736,,comida,
133.204,-5.495687007904053,0.009999999776482582,2.3127970695495605,,comida,
133.252,-5.462893009185791,0.009999999776482582,2.3857667446136475,,comida,
133.271,-5.430099010467529,0.009999999776482582,2.4587364196777344,,comida,
133.303,-5.397305011749268,0.009999999776482582,2.5317060947418213,,comida,
133.357,-5.397305011749268,0.009999999776482582,2.5317060947418213,cereals,comida,2
133.372,-5.397305011749268,0.009999999776482582,2.5317060947418213,cereals,comida,2
133.406,-5.397305011749268,0.009999999776482582,2.5317060947418213,cereals,comida,2
133.456,-5.397305011749268,0.009999999776482582,2.5317060947418213,cereals,comida,2
133.473,-5.397305011749268,0.009999999776482582,2.5317060947418213,cereals,comida,2
133.508,-5.397305011749268,0.009999999776482582,2.5317060947418213,cereals,comida,2
133.557,-5.397305011749268,0.009999999776482582,2.5317060947418213,cereals,comida,2
133.573,-5.397305011749268,0.009999999776482582,2.5317060947418213,cereals,comida,2
133.608,-5.397305011749268,0.009999999776482582,2.5317060947418213,cereals,comida,2
133.656,-5.397305011749268,0.009999999776482582,2.5317060947418213,cereals,comida,2
133.673,-5.397305011749268,0.009999999776482582,2.5317060947418213,cereals,comida,2
133.707,-5.397305011749268,0.009999999776482582,2.5317060947418213,cereals,comida,2
133.757,-5.397305011749268,0.009999999776482582,2.5317060947418213,cereals,comida,2
133.772,-5.397305011749268,0.009999999776482582,2.5317060947418213,cereals,comida,2
133.806,-5.397305011749268,0.009999999776482582,2.5317060947418213,cereals,comida,2
133.854,-5.397305011749268,0.009999999776482582,2.5317060947418213,cereals,comida,2
133.871,-5.397305011749268,0.009999999776482582,2.5317060947418213,cereals,comida,2
133.904,-5.397305011749268,0.009999999776482582,2.5317060947418213,cereals,comida,2
133.954,-5.397305011749268,0.009999999776482582,2.5317060947418213,cereals,comida,2
133.971,-5.397305011749268,0.009999999776482582,2.5317060947418213,cereals,comida,2
134.005,-5.397305011749268,0.009999999776482582,2.5317060947418213,cereals,comida,2
134.054,-5.397305011749268,0.009999999776482582,2.5317060947418213,cereals,comida,2
134.072,-5.397305011749268,0.009999999776482582,2.5317060947418213,cereals,comida,2
134.103,-5.397305011749268,0.009999999776482582,2.5317060947418213,cereals,comida,2
134.152,-5.397305011749268,0.009999999776482582,2.5317060947418213,cereals,comida,2
134.169,-5.397305011749268,0.009999999776482582,2.5317060947418213,cereals,comida,2
134.203,-5.397305011749268,0.009999999776482582,2.5317060947418213,cereals,comida,2
134.254,-5.397305011749268,0.009999999776482582,2.5317060947418213,cereals,comida,2
134.27,-5.397305011749268,0.009999999776482582,2.5317060947418213,cereals,comida,2
134.304,-5.397305011749268,0.009999999776482582,2.5317060947418213,cereals,comida,2
134.35,-5.397305011749268,0.009999999776482582,2.5317060947418213,cereals,comida,2
134.369,-5.397305011749268,0.009999999776482582,2.5317060947418213,cereals,comida,2
134.402,-5.397305011749268,0.009999999776482582,2.5317060947418213,cereals,comida,2
134.453,-5.397305011749268,0.009999999776482582,2.5317060947418213,cereals,comida,2
134.468,-5.397305011749268,0.009999999776482582,2.5317060947418213,cereals,comida,2
134.502,-5.397305011749268,0.009999999776482582,2.5317060947418213,cereals,comida,2
134.555,-5.397305011749268,0.009999999776482582,2.5317060947418213,cereals,comida,2
134.572,-5.397305011749268,0.009999999776482582,2.5317060947418213,cereals,comida,2
134.605,-5.397305011749268,0.009999999776482582,2.5317060947418213,cereals,comida,2
134.655,-5.397305011749268,0.009999999776482582,2.5317060947418213,cereals,comida,2
134.672,-5.397305011749268,0.009999999776482582,2.5317060947418213,cereals,comida,2
134.706,-5.397305011749268,0.009999999776482582,2.5317060947418213,cereals,comida,2
134.755,-5.397305011749268,0.009999999776482582,2.5317060947418213,cereals,comida,2
134.774,-5.3153204917907715,1.600000023841858,2.714130163192749,cereals,comida,2
134.775,-5.397305011749268,0.009999999776482582,2.5317060947418213,cereals,comida,2
134.808,-5.397305011749268,0.009999999776482582,2.5317060947418213,cereals,comida,2
134.857,-5.397305011749268,0.009999999776482582,2.5317060947418213,cereals,comida,2
134.875,-5.397305011749268,0.009999999776482582,2.5317060947418213,cereals,comida,2
134.908,-5.397305011749268,0.009999999776482582,2.5317060947418213,cereals,comida,2
134.96,-5.397305011749268,0.009999999776482582,2.5317060947418213,cereals,comida,2
134.976,-5.397305011749268,0.009999999776482582,2.5317060947418213,cereals,comida,2
135.009,-5.397305011749268,0.009999999776482582,2.5317060947418213,cereals,comida,2
135.058,-5.397305011749268,0.009999999776482582,2.5317060947418213,cereals,comida,2
135.076,-5.397305011749268,0.009999999776482582,2.5317060947418213,cereals,comida,2
135.11,-5.397305011749268,0.009999999776482582,2.5317060947418213,cereals,comida,2
135.16,-5.397305011749268,0.009999999776482582,2.5317060947418213,cereals,comida,2
135.176,-5.397305011749268,0.009999999776482582,2.5317060947418213,cereals,comida,2
135.209,-5.397305011749268,0.009999999776482582,2.5317060947418213,cereals,comida,2
135.261,-5.397305011749268,0.009999999776482582,2.5317060947418213,cereals,comida,2
135.275,-5.397305011749268,0.009999999776482582,2.5317060947418213,cereals,comida,2
135.308,-5.397305011749268,0.009999999776482582,2.5317060947418213,cereals,comida,2
135.359,-5.397305011749268,0.009999999776482582,2.5317060947418213,,comida,
135.376,-5.397305011749268,0.009999999776482582,2.5317060947418213,,comida,
135.409,-5.397305011749268,0.009999999776482582,2.5317060947418213,,comida,
135.458,-5.397305011749268,0.009999999776482582,2.5317060947418213,,comida,
135.478,-5.397305011749268,0.009999999776482582,2.5317060947418213,,comida,
135.509,-5.397305011749268,0.009999999776482582,2.5317060947418213,,comida,
135.559,-5.397305011749268,0.009999999776482582,2.5317060947418213,cereals,comida,2
135.576,-5.397305011749268,0.009999999776482582,2.5317060947418213,cereals,comida,2
135.609,-5.397305011749268,0.009999999776482582,2.5317060947418213,cereals,comida,2
135.659,-5.397305011749268,0.009999999776482582,2.5317060947418213,cereals,comida,2
135.675,-5.397305011749268,0.009999999776482582,2.5317060947418213,cereals,comida,2
135.707,-5.397305011749268,0.009999999776482582,2.5317060947418213,cereals,comida,2
135.757,-5.397305011749268,0.009999999776482582,2.5317060947418213,cereals,comida,2
135.774,-5.397305011749268,0.009999999776482582,2.5317060947418213,cereals,comida,2
135.807,-5.397305011749268,0.009999999776482582,2.5317060947418213,cereals,comida,2
135.856,-5.397305011749268,0.009999999776482582,2.5317060947418213,cereals,comida,2
135.873,-5.397305011749268,0.009999999776482582,2.5317060947418213,cereals,comida,2
135.906,-5.397305011749268,0.009999999776482582,2.5317060947418213,cereals,comida,2
135.955,-5.397305011749268,0.009999999776482582,2.5317060947418213,cereals,comida,2
135.974,-5.3153204917907715,1.600000023841858,2.714130163192749,cereals,comida,2
135.975,-5.397305011749268,0.009999999776482582,2.5317060947418213,cereals,comida,2
136.007,-5.397305011749268,0.009999999776482582,2.5317060947418213,cereals,comida,2
136.069,-5.397305011749268,0.009999999776482582,2.5317060947418213,cereals,comida,2
136.09,-5.397305011749268,0.009999999776482582,2.5317060947418213,cereals,comida,2
136.122,-5.397305011749268,0.009999999776482582,2.5317060947418213,cereals,comida,2
136.171,-5.397305011749268,0.009999999776482582,2.5317060947418213,cereals,comida,2
136.188,-5.397305011749268,0.009999999776482582,2.5317060947418213,cereals,comida,2
136.222,-5.397305011749268,0.009999999776482582,2.5317060947418213,cereals,comida,2
136.271,-5.397305011749268,0.009999999776482582,2.5317060947418213,cereals,comida,2
136.288,-5.397305011749268,0.009999999776482582,2.5317060947418213,cereals,comida,2
136.322,-5.397305011749268,0.009999999776482582,2.5317060947418213,cereals,comida,2
136.37,-5.397305011749268,0.009999999776482582,2.5317060947418213,cereals,comida,2
136.387,-5.397305011749268,0.009999999776482582,2.5317060947418213,cereals,comida,2
136.422,-5.430099010467529,0.009999999776482582,2.4587364196777344,cereals,comida,2
136.471,-5.462893009185791,0.009999999776482582,2.3857667446136475,cereals,comida,2
136.486,-5.495687007904053,0.009999999776482582,2.3127970695495605,cereals,comida,2
136.52,-5.5284810066223145,0.009999999776482582,2.2398273944854736,cereals,comida,2
136.568,-5.561275005340576,0.009999999776482582,2.1668577194213867,,comida,
136.586,-5.594069004058838,0.009999999776482582,2.0938880443573,,comida,
136.621,-5.6268630027771,0.009999999776482582,2.020918369293213,,comida,
136.668,-5.659657001495361,0.009999999776482582,1.9479488134384155,,comida,
136.689,-5.692451000213623,0.009999999776482582,1.8749792575836182,,comida,
136.723,-5.725244998931885,0.009999999776482582,1.8020097017288208,,comida,
136.77,-5.7580389976501465,0.009999999776482582,1.7290401458740234,,comida,
136.788,-5.790832996368408,0.009999999776482582,1.656070590019226,,comida,
136.822,-5.82362699508667,0.009999999776482582,1.5831010341644287,,comida,
136.869,-5.856420993804932,0.009999999776482582,1.5101314783096313,,comida,
136.889,-5.889214992523193,0.009999999776482582,1.437161922454834,,comida,
136.923,-5.922008991241455,0.009999999776482582,1.3641923666000366,,comida,
136.97,-5.922008991241455,0.009999999776482582,1.3641923666000366,,comida,
136.99,-5.922008991241455,0.009999999776482582,1.3641923666000366,,comida,
137.023,-5.922008991241455,0.009999999776482582,1.3641923666000366,,comida,
137.07,-5.922008991241455,0.009999999776482582,1.3641923666000366,,comida,
137.09,-5.922008991241455,0.009999999776482582,1.3641923666000366,,comida,
137.124,-5.922008991241455,0.009999999776482582,1.3641923666000366,,comida,
137.173,-5.922008991241455,0.009999999776482582,1.3641923666000366,,comida,
137.189,-5.922008991241455,0.009999999776482582,1.3641923666000366,,comida,
137.223,-5.922008991241455,0.009999999776482582,1.3641923666000366,,comida,
137.272,-5.922008991241455,0.009999999776482582,1.3641923666000366,,comida,
137.291,-5.922008991241455,0.009999999776482582,1.3641923666000366,,comida,
137.323,-5.922008991241455,0.009999999776482582,1.3641923666000366,,comida,
137.373,-5.922008991241455,0.009999999776482582,1.3641923666000366,,comida,
137.39,-5.922008991241455,0.009999999776482582,1.3641923666000366,,comida,
137.423,-5.922008991241455,0.009999999776482582,1.3641923666000366,,comida,
137.47,-5.922008991241455,0.009999999776482582,1.3641923666000366,,comida,
137.489,-5.922008991241455,0.009999999776482582,1.3641923666000366,,comida,
137.524,-5.922008991241455,0.009999999776482582,1.3641923666000366,,comida,
137.573,-5.922008991241455,0.009999999776482582,1.3641923666000366,,comida,
137.591,-5.922008991241455,0.009999999776482582,1.3641923666000366,,comida,
137.625,-5.922008991241455,0.009999999776482582,1.3641923666000366,,comida,
137.672,-5.922008991241455,0.009999999776482582,1.3641923666000366,,comida,
137.691,-5.922008991241455,0.009999999776482582,1.3641923666000366,,comida,
137.725,-5.922008991241455,0.009999999776482582,1.3641923666000366,,comida,
137.777,-5.922008991241455,0.009999999776482582,1.3641923666000366,,comida,
137.794,-5.922008991241455,0.009999999776482582,1.3641923666000366,,comida,
137.829,-5.922008991241455,0.009999999776482582,1.3641923666000366,,comida,
137.876,-5.922008991241455,0.009999999776482582,1.3641923666000366,,comida,
137.894,-5.922008991241455,0.009999999776482582,1.3641923666000366,,comida,
137.927,-5.922008991241455,0.009999999776482582,1.3641923666000366,,comida,
137.975,-5.922008991241455,0.009999999776482582,1.3641923666000366,,comida,
137.995,-5.922008991241455,0.009999999776482582,1.3641923666000366,,comida,
138.027,-5.922008991241455,0.009999999776482582,1.3641923666000366,,comida,
138.076,-5.922008991241455,0.009999999776482582,1.3641923666000366,,comida,
138.094,-5.922008991241455,0.009999999776482582,1.3641923666000366,,comida,
138.129,-5.922008991241455,0.009999999776482582,1.3641923666000366,,comida,
138.175,-5.922008991241455,0.009999999776482582,1.3641923666000366,,comida,
138.195,-5.922008991241455,0.009999999776482582,1.3641923666000366,,comida,
138.23,-5.922008991241455,0.009999999776482582,1.3641923666000366,,comida,
138.276,-5.922008991241455,0.009999999776482582,1.3641923666000366,,comida,
138.294,-5.922008991241455,0.009999999776482582,1.3641923666000366,,comida,
138.329,-5.922008991241455,0.009999999776482582,1.3641923666000366,,comida,
138.382,-5.922008991241455,0.009999999776482582,1.3641923666000366,,comida,
138.399,-5.922008991241455,0.009999999776482582,1.3641923666000366,,comida,
138.432,-5.922008991241455,0.009999999776482582,1.3641923666000366,,comida,
138.48,-5.922008991241455,0.009999999776482582,1.3641923666000366,,comida,
138.497,-5.922008991241455,0.009999999776482582,1.3641923666000366,,comida,
138.531,-5.922008991241455,0.009999999776482582,1.3641923666000366,,comida,
138.579,-5.922008991241455,0.009999999776482582,1.3641923666000366,,comida,
138.596,-5.922008991241455,0.009999999776482582,1.3641923666000366,,comida,
138.631,-5.922008991241455,0.009999999776482582,1.3641923666000366,,comida,
138.677,-5.922008991241455,0.009999999776482582,1.3641923666000366,,comida,
138.698,-5.922008991241455,0.009999999776482582,1.3641923666000366,,comida,
138.733,-5.922008991241455,0.009999999776482582,1.3641923666000366,,comida,
138.782,-5.922008991241455,0.009999999776482582,1.3641923666000366,,comida,
138.799,-5.922008991241455,0.009999999776482582,1.3641923666000366,,comida,
138.832,-5.922008991241455,0.009999999776482582,1.3641923666000366,,comida,
138.881,-5.922008991241455,0.009999999776482582,1.3641923666000366,,comida,
138.901,-5.922008991241455,0.009999999776482582,1.3641923666000366,,comida,
138.934,-5.922008991241455,0.009999999776482582,1.3641923666000366,,comida,
138.982,-5.922008991241455,0.009999999776482582,1.3641923666000366,,comida,
138.998,-5.922008991241455,0.009999999776482582,1.3641923666000366,,comida,
139.032,-5.922008991241455,0.009999999776482582,1.3641923666000366,,comida,
139.081,-5.922008991241455,0.009999999776482582,1.3641923666000366,,comida,
139.1,-5.922008991241455,0.009999999776482582,1.3641923666000366,,comida,
139.133,-5.922008991241455,0.009999999776482582,1.3641923666000366,,comida,
139.182,-5.922008991241455,0.009999999776482582,1.3641923666000366,,comida,
139.199,-5.922008991241455,-0.07000000029802322,1.3641923666000366,,comida,
139.231,-5.922008991241455,-0.15000000596046448,1.3641923666000366,,comida,
139.28,-5.922008991241455,-0.23000000417232513,1.3641923666000366,,comida,
139.299,-5.922008991241455,-0.3100000023841858,1.3641923666000366,,comida,
139.332,-5.922008991241455,-0.38999998569488525,1.3641923666000366,,comida,
139.378,-5.922008991241455,-0.4699999690055847,1.3641923666000366,,comida,
139.399,-5.922008991241455,-0.5499999523162842,1.3641923666000366,,comida,
139.432,-5.922008991241455,-0.6299999356269836,1.3641923666000366,,comida,
139.48,-5.922008991241455,-0.7099999189376831,1.3641923666000366,,comida,
139.497,-5.922008991241455,-0.7899999022483826,1.3641923666000366,,comida,
139.531,-5.922008991241455,-0.869999885559082,1.3641923666000366,,comida,
139.579,-5.922008991241455,-0.9499998688697815,1.3641923666000366,,comida,
139.596,-5.922008991241455,-1.029999852180481,1.3641923666000366,,comida,
139.629,-5.922008991241455,-1.1099998950958252,1.3641923666000366,,comida,
139.681,-5.922008991241455,-1.1899999380111694,1.3641923666000366,,comida,
139.698,-5.922008991241455,-1.2699999809265137,1.3641923666000366,,comida,
139.732,-5.922008991241455,-1.350000023841858,1.3641923666000366,,comida,
139.781,-5.922008991241455,-1.4300000667572021,1.3641923666000366,,comida,
139.799,-5.922008991241455,-1.4300000667572021,1.3641923666000366,,comida,
139.832,-5.922008991241455,-1.4300000667572021,1.3641923666000366,,comida,
139.878,-5.922008991241455,-1.4300000667572021,1.3641923666000366,,comida,
139.896,-5.922008991241455,-1.4300000667572021,1.3641923666000366,,comida,
139.929,-5.922008991241455,-1.4300000667572021,1.3641923666000366,,comida,
139.978,-5.922008991241455,-1.4300000667572021,1.3641923666000366,,comida,
139.996,-5.922008991241455,-1.4300000667572021,1.3641923666000366,,comida,
140.029,-5.922008991241455,-1.4300000667572021,1.3641923666000366,,comida,
140.078,-5.922008991241455,-1.4300000667572021,1.3641923666000366,,comida,
140.097,-5.922008991241455,-1.4300000667572021,1.3641923666000366,,comida,
140.131,-5.922008991241455,-1.4300000667572021,1.3641923666000366,,comida,
140.179,-5.922008991241455,-1.4300000667572021,1.3641923666000366,,comida,
140.197,-5.922008991241455,-1.4300000667572021,1.3641923666000366,,comida,
140.231,-5.922008991241455,-1.4300000667572021,1.3641923666000366,,comida,
140.285,-5.922008991241455,-1.4300000667572021,1.3641923666000366,,comida,
140.302,-5.922008991241455,-1.4300000667572021,1.3641923666000366,,comida,
140.336,-5.922008991241455,-1.4300000667572021,1.3641923666000366,,comida,
140.385,-5.922008991241455,-1.4300000667572021,1.3641923666000366,,comida,
140.403,-5.922008991241455,-1.4300000667572021,1.3641923666000366,,comida,
140.435,-5.922008991241455,-1.4300000667572021,1.3641923666000366,,comida,
140.483,-5.922008991241455,-1.4300000667572021,1.3641923666000366,,comida,
140.503,-5.922008991241455,-1.4300000667572021,1.3641923666000366,,comida,
140.536,-5.922008991241455,-1.4300000667572021,1.3641923666000366,,comida,
140.581,-5.922008991241455,-1.4300000667572021,1.3641923666000366,,comida,
140.6,-5.922008991241455,-1.4300000667572021,1.3641923666000366,,comida,
140.633,-5.922008991241455,-1.4300000667572021,1.3641923666000366,,comida,
140.681,-5.922008991241455,-1.4300000667572021,1.3641923666000366,,comida,
140.699,-5.922008991241455,-1.4300000667572021,1.3641923666000366,,comida,
140.732,-5.922008991241455,-1.4300000667572021,1.3641923666000366,,comida,
140.78,-5.922008991241455,-1.5100001096725464,1.3641923666000366,,comida,
140.799,-5.922008991241455,-1.5900001525878906,1.3641923666000366,,comida,
140.833,-5.922008991241455,-1.6700001955032349,1.3641923666000366,,comida,
140.88,-5.922008991241455,-1.750000238418579,1.3641923666000366,,comida,
140.899,-5.922008991241455,-1.8300002813339233,1.3641923666000366,,comida,
140.932,-5.922008991241455,-1.9100003242492676,1.3641923666000366,,comida,
140.981,-5.922008991241455,-1.9900003671646118,1.3641923666000366,,comida,
141.0,-5.922008991241455,-2.070000410079956,1.3641923666000366,,comida,
141.032,-5.922008991241455,-2.1500003337860107,1.3641923666000366,,comida,
141.083,-5.922008991241455,-2.1500003337860107,1.3641923666000366,,comida,
141.099,-5.922008991241455,-2.1500003337860107,1.3641923666000366,,comida,
141.132,-5.922008991241455,-2.1500003337860107,1.3641923666000366,,comida,
141.184,-5.922008991241455,-2.1500003337860107,1.3641923666000366,,comida,
141.2,-5.922008991241455,-2.1500003337860107,1.3641923666000366,,comida,
141.234,-5.922008991241455,-2.1500003337860107,1.3641923666000366,,comida,
141.283,-5.922008991241455,-2.1500003337860107,1.3641923666000366,,comida,
141.303,-5.922008991241455,-2.1500003337860107,1.3641923666000366,,comida,
141.337,-5.922008991241455,-2.1500003337860107,1.3641923666000366,,comida,
141.388,-5.922008991241455,-2.1500003337860107,1.3641923666000366,,comida,
141.407,-5.922008991241455,-2.1500003337860107,1.3641923666000366,,comida,
141.441,-5.922008991241455,-2.1500003337860107,1.3641923666000366,,comida,
141.492,-5.922008991241455,-2.070000410079956,1.3641923666000366,,comida,
141.511,-5.922008991241455,-1.9900003671646118,1.3641923666000366,,comida,
141.545,-5.922008991241455,-1.9100003242492676,1.3641923666000366,,comida,
141.594,-5.922008991241455,-1.8300002813339233,1.3641923666000366,,comida,
141.613,-5.922008991241455,-1.750000238418579,1.3641923666000366,,comida,
141.646,-5.922008991241455,-1.6700001955032349,1.3641923666000366,,comida,
141.694,-5.922008991241455,-1.6700001955032349,1.3641923666000366,,comida,
141.711,-5.922008991241455,-1.6700001955032349,1.3641923666000366,,comida,
141.745,-5.922008991241455,-1.6700001955032349,1.3641923666000366,,comida,
141.797,-5.922008991241455,-1.6700001955032349,1.3641923666000366,,comida,
141.813,-5.922008991241455,-1.6700001955032349,1.3641923666000366,,comida,
141.849,-5.922008991241455,-1.6700001955032349,1.3641923666000366,,comida,
141.897,-5.922008991241455,-1.6700001955032349,1.3641923666000366,,comida,
141.917,-5.922008991241455,-1.6700001955032349,1.3641923666000366,,comida,
141.952,-5.922008991241455,-1.6700001955032349,1.3641923666000366,,comida,
142.003,-5.922008991241455,-1.6700001955032349,1.3641923666000366,,comida,
142.021,-5.922008991241455,-1.6700001955032349,1.3641923666000366,,comida,
142.055,-5.922008991241455,-1.6700001955032349,1.3641923666000366,,comida,
142.101,-5.922008991241455,-1.6700001955032349,1.3641923666000366,,comida,
142.122,-5.922008991241455,-1.6700001955032349,1.3641923666000366,,comida,
142.156,-5.922008991241455,-1.6700001955032349,1.3641923666000366,,comida,
142.203,-5.922008991241455,-1.6700001955032349,1.3641923666000366,,comida,
142.224,-5.922008991241455,-1.6700001955032349,1.3641923666000366,,comida,
142.259,-5.922008991241455,-1.6700001955032349,1.3641923666000366,,comida,
142.305,-5.922008991241455,-1.6700001955032349,1.3641923666000366,,comida,
142.326,-5.922008991241455,-1.6700001955032349,1.3641923666000366,,comida,
142.36,-5.922008991241455,-1.6700001955032349,1.3641923666000366,,comida,
142.408,-5.922008991241455,-1.6700001955032349,1.3641923666000366,,comida,
142.429,-5.922008991241455,-1.6700001955032349,1.3641923666000366,,comida,
142.462,-5.922008991241455,-1.6700001955032349,1.3641923666000366,,comida,
142.51,-5.922008991241455,-1.6700001955032349,1.3641923666000366,,comida,
142.532,-5.922008991241455,-1.6700001955032349,1.3641923666000366,,comida,
142.565,-5.922008991241455,-1.6700001955032349,1.3641923666000366,,comida,
142.612,-5.922008991241455,-1.6700001955032349,1.3641923666000366,,comida,
142.633,-5.922008991241455,-1.6700001955032349,1.3641923666000366,,comida,
142.666,-5.922008991241455,-1.6700001955032349,1.3641923666000366,,comida,
142.714,-5.922008991241455,-1.6700001955032349,1.3641923666000366,,comida,
142.737,-5.922008991241455,-1.6700001955032349,1.3641923666000366,,comida,
142.772,-5.922008991241455,-1.6700001955032349,1.3641923666000366,,comida,
142.816,-5.730444431304932,1.600000023841858,1.4216644763946533,,comida,
142.839,-5.730444431304932,1.600000023841858,1.4216644763946533,,comida,
142.873,-5.730444431304932,1.600000023841858,1.4216644763946533,,comida,
142.916,-5.730444431304932,1.600000023841858,1.4216644763946533,,comida,
142.939,-5.730444431304932,1.600000023841858,1.4216644763946533,,comida,
142.978,-5.730444431304932,1.600000023841858,1.4216644763946533,,comida,
143.023,-5.730444431304932,1.600000023841858,1.4216644763946533,,comida,
143.047,-5.730444431304932,1.600000023841858,1.4216644763946533,,comida,
143.081,-5.730444431304932,1.600000023841858,1.4216644763946533,,comida,
143.126,-5.730444431304932,1.600000023841858,1.4216644763946533,,comida,
143.149,-5.730444431304932,1.600000023841858,1.4216644763946533,,comida,
143.185,-5.730444431304932,1.600000023841858,1.4216644763946533,,comida,
143.23,-5.730444431304932,1.600000023841858,1.4216644763946533,,comida,
143.253,-5.730444431304932,1.600000023841858,1.4216644763946533,,comida,
143.287,-5.730444431304932,1.600000023841858,1.4216644763946533,,comida,
143.332,-5.730444431304932,1.600000023841858,1.4216644763946533,,comida,
143.355,-5.730444431304932,1.600000023841858,1.4216644763946533,,comida,
143.392,-5.730444431304932,1.600000023841858,1.4216644763946533,,comida,
143.436,-5.730444431304932,1.600000023841858,1.4216644763946533,,comida,
143.459,-5.730444431304932,1.600000023841858,1.4216644763946533,,comida,
143.493,-5.730444431304932,1.600000023841858,1.4216644763946533,,comida,
143.539,-5.730444431304932,1.600000023841858,1.4216644763946533,,comida,
143.561,-5.730444431304932,1.600000023841858,1.4216644763946533,,comida,
143.593,-5.730444431304932,1.600000023841858,1.4216644763946533,,comida,
143.639,-5.730444431304932,1.600000023841858,1.4216644763946533,,comida,
143.662,-5.730444431304932,1.600000023841858,1.4216644763946533,,comida,
143.7,-5.682658672332764,1.5966863632202148,1.436000943183899,,comida,
143.745,-5.634872913360596,1.5933727025985718,1.4503374099731445,,comida,
143.768,-5.587087154388428,1.5900590419769287,1.4646738767623901,,comida,
143.802,-5.587087154388428,1.5900590419769287,1.4646738767623901,,comida,
143.845,-5.587087154388428,1.5900590419769287,1.4646738767623901,,comida,
143.868,-5.587087154388428,1.5900590419769287,1.4646738767623901,,comida,
143.901,-5.587087154388428,1.5900590419769287,1.4646738767623901,,comida,
143.944,-5.587087154388428,1.5900590419769287,1.4646738767623901,,comida,
143.967,-5.587087154388428,1.5900590419769287,1.4646738767623901,,comida,
144.0,-5.587087154388428,1.5900590419769287,1.4646738767623901,,comida,
144.047,-5.583913326263428,1.639949083328247,1.4656261205673218,,comida,
144.068,-5.580739498138428,1.6898391246795654,1.4665783643722534,,comida,
144.101,-5.577565670013428,1.7397291660308838,1.467530608177185,,comida,
144.148,-5.574391841888428,1.7896192073822021,1.4684828519821167,,comida,
144.169,-5.571218013763428,1.8395092487335205,1.4694350957870483,,comida,
144.203,-5.568044185638428,1.8893992900848389,1.47038733959198,,comida,
144.248,-5.564870357513428,1.9392893314361572,1.4713395833969116,,comida,
144.271,-5.561696529388428,1.9891793727874756,1.4722918272018433,,comida,
144.306,-5.558522701263428,2.039069414138794,1.473244071006775,,comida,
144.349,-5.555348873138428,2.0889594554901123,1.4741963148117065,,comida,
144.371,-5.552175045013428,2.1388494968414307,1.4751485586166382,,comida,
144.404,-5.549001216888428,2.188739538192749,1.4761008024215698,,comida,
144.447,-5.545827388763428,2.2386295795440674,1.4770530462265015,,comida,
144.469,-5.542653560638428,2.2885196208953857,1.478005290031433,,comida,
144.502,-5.539479732513428,2.338409662246704,1.4789575338363647,,comida,
144.546,-5.536305904388428,2.3882997035980225,1.4799097776412964,,comida,
144.569,-5.533132076263428,2.438189744949341,1.480862021446228,,comida,
144.602,-5.529958248138428,2.488079786300659,1.4818142652511597,,comida,
144.648,-5.526784420013428,2.5379698276519775,1.4827665090560913,,comida,
144.67,-5.523610591888428,2.587859869003296,1.483718752861023,,comida,
144.706,-5.520436763763428,2.6377499103546143,1.4846709966659546,,comida,
144.752,-5.517262935638428,2.6876399517059326,1.4856232404708862,,comida,
144.777,-5.517262935638428,2.6876399517059326,1.4856232404708862,,comida,
144.813,-5.517262935638428,2.6876399517059326,1.4856232404708862,,comida,
144.86,-5.517262935638428,2.6876399517059326,1.4856232404708862,,comida,
144.885,-5.517262935638428,2.6876399517059326,1.4856232404708862,,comida,
144.92,-5.517262935638428,2.6876399517059326,1.4856232404708862,,comida,
144.969,-5.517262935638428,2.6876399517059326,1.4856232404708862,,comida,
144.994,-5.517262935638428,2.6876399517059326,1.4856232404708862,,comida,
145.03,-5.517262935638428,2.6876399517059326,1.4856232404708862,,comida,
145.075,-5.514089107513428,2.737529993057251,1.4865754842758179,,comida,
145.101,-5.510915279388428,2.7874200344085693,1.4875277280807495,,comida,
145.134,-5.507741451263428,2.8373100757598877,1.4884799718856812,,comida,
145.182,-5.504567623138428,2.887200117111206,1.4894322156906128,,comida,
145.207,-5.501393795013428,2.9370901584625244,1.4903844594955444,,comida,
145.242,-5.498219966888428,2.9869801998138428,1.491336703300476,,comida,
145.29,-5.495046138763428,3.036870241165161,1.4922889471054077,,comida,
145.314,-5.491872310638428,3.0867602825164795,1.4932411909103394,,comida,
145.347,-5.488698482513428,3.136650323867798,1.494193434715271,,comida,
145.393,-5.485524654388428,3.186540365219116,1.4951456785202026,,comida,
145.418,-5.482350826263428,3.2364304065704346,1.4960979223251343,,comida,
145.451,-5.479176998138428,3.286320447921753,1.497050166130066,,comida,
145.494,-5.476003170013428,3.3362104892730713,1.4980024099349976,,comida,
145.518,-5.472829341888428,3.3861005306243896,1.4989546537399292,,comida,
145.552,-5.469655513763428,3.435990571975708,1.4999068975448608,,comida,
145.602,-5.469655513763428,3.435990571975708,1.4999068975448608,,comida,
145.621,-5.469655513763428,3.435990571975708,1.4999068975448608,,comida,
145.654,-5.469655513763428,3.435990571975708,1.4999068975448608,,comida,
145.696,-5.469655513763428,3.435990571975708,1.4999068975448608,,comida,
145.72,-5.469655513763428,3.435990571975708,1.4999068975448608,,comida,
145.752,-5.469655513763428,3.435990571975708,1.4999068975448608,,comida,
145.795,-5.469655513763428,3.435990571975708,1.4999068975448608,,comida,
145.817,-5.469655513763428,3.435990571975708,1.4999068975448608,,comida,
145.85,-5.469655513763428,3.435990571975708,1.4999068975448608,,comida,
145.893,-5.469655513763428,3.435990571975708,1.4999068975448608,,comida,
145.916,-5.469655513763428,3.435990571975708,1.4999068975448608,,comida,
145.949,-5.469655513763428,3.435990571975708,1.4999068975448608,,comida,
145.992,-5.469655513763428,3.435990571975708,1.4999068975448608,,comida,
146.014,-5.469655513763428,3.435990571975708,1.4999068975448608,,comida,
146.047,-5.469655513763428,3.435990571975708,1.4999068975448608,,comida,
146.09,-5.469655513763428,3.435990571975708,1.4999068975448608,,comida,
146.113,-5.469655513763428,3.435990571975708,1.4999068975448608,,comida,
146.146,-5.469655513763428,3.435990571975708,1.4999068975448608,,comida,
146.19,-5.469655513763428,3.435990571975708,1.4999068975448608,,comida,
146.212,-5.469655513763428,3.435990571975708,1.4999068975448608,,comida,
146.245,-5.469655513763428,3.435990571975708,1.4999068975448608,,comida,
146.29,-5.469655513763428,3.435990571975708,1.4999068975448608,,comida,
146.311,-5.469655513763428,3.435990571975708,1.4999068975448608,,comida,
146.344,-5.469655513763428,3.435990571975708,1.4999068975448608,,comida,
146.387,-5.469655513763428,3.435990571975708,1.4999068975448608,,comida,
146.41,-5.469655513763428,3.435990571975708,1.4999068975448608,,comida,
146.442,-5.469655513763428,3.435990571975708,1.4999068975448608,,comida,
146.486,-5.469655513763428,3.435990571975708,1.4999068975448608,,comida,
146.509,-5.469655513763428,3.435990571975708,1.4999068975448608,,comida,
146.542,-5.469655513763428,3.435990571975708,1.4999068975448608,,comida,
146.585,-5.469655513763428,3.435990571975708,1.4999068975448608,,comida,
146.609,-5.469655513763428,3.435990571975708,1.4999068975448608,,comida,
146.642,-5.469655513763428,3.435990571975708,1.4999068975448608,,comida,
146.686,-5.469655513763428,3.435990571975708,1.4999068975448608,,comida,
146.708,-5.469655513763428,3.435990571975708,1.4999068975448608,,comida,
146.739,-5.469655513763428,3.435990571975708,1.4999068975448608,,comida,
146.782,-5.469655513763428,3.435990571975708,1.4999068975448608,,comida,
146.804,-5.469655513763428,3.435990571975708,1.4999068975448608,,comida,
146.838,-5.469655513763428,3.435990571975708,1.4999068975448608,,comida,
146.88,-5.469655513763428,3.435990571975708,1.4999068975448608,,comida,
146.902,-5.469655513763428,3.435990571975708,1.4999068975448608,,comida,
146.935,-5.469655513763428,3.435990571975708,1.4999068975448608,,comida,
146.979,-5.469655513763428,3.435990571975708,1.4999068975448608,,comida,
147.0,-5.469655513763428,3.435990571975708,1.4999068975448608,,comida,
147.033,-5.469655513763428,3.435990571975708,1.4999068975448608,,comida,
147.081,-5.469655513763428,3.435990571975708,1.4999068975448608,,comida,
147.103,-5.469655513763428,3.435990571975708,1.4999068975448608,,comida,
147.137,-5.469655513763428,3.435990571975708,1.4999068975448608,,comida,
147.181,-5.469655513763428,3.435990571975708,1.4999068975448608,,comida,
147.203,-5.469655513763428,3.435990571975708,1.4999068975448608,,comida,
147.237,-5.469655513763428,3.435990571975708,1.4999068975448608,,comida,
147.284,-5.469655513763428,3.435990571975708,1.4999068975448608,,comida,
147.305,-5.469655513763428,3.435990571975708,1.4999068975448608,,comida,
147.339,-5.469655513763428,3.435990571975708,1.4999068975448608,,comida,
147.385,-5.469655513763428,3.435990571975708,1.4999068975448608,,comida,
147.408,-5.469655513763428,3.435990571975708,1.4999068975448608,,comida,
147.441,-5.469655513763428,3.435990571975708,1.4999068975448608,,comida,
147.485,-5.469655513763428,3.435990571975708,1.4999068975448608,,comida,
147.51,-5.469655513763428,3.435990571975708,1.4999068975448608,,comida,
147.544,-5.469655513763428,3.435990571975708,1.4999068975448608,,comida,
147.59,-5.469655513763428,3.435990571975708,1.4999068975448608,,comida,
147.613,-5.469655513763428,3.435990571975708,1.4999068975448608,,comida,
147.646,-5.469655513763428,3.435990571975708,1.4999068975448608,,comida,
147.692,-5.469655513763428,3.435990571975708,1.4999068975448608,,comida,
147.714,-5.469655513763428,3.435990571975708,1.4999068975448608,,comida,
147.747,-5.469655513763428,3.435990571975708,1.4999068975448608,,comida,
147.79,-5.469655513763428,3.435990571975708,1.4999068975448608,,comida,
147.812,-5.469655513763428,3.435990571975708,1.4999068975448608,,comida,
147.844,-5.469655513763428,3.435990571975708,1.4999068975448608,,comida,
147.889,-5.469655513763428,3.435990571975708,1.4999068975448608,,comida,
147.913,-5.469655513763428,3.435990571975708,1.4999068975448608,,comida,
147.946,-5.469655513763428,3.435990571975708,1.4999068975448608,,comida,
147.993,-5.469655513763428,3.435990571975708,1.4999068975448608,,comida,
148.014,-5.469655513763428,3.435990571975708,1.4999068975448608,,comida,
148.048,-5.469655513763428,3.435990571975708,1.4999068975448608,,comida,
148.092,-5.469655513763428,3.435990571975708,1.4999068975448608,,comida,
148.114,-5.469655513763428,3.435990571975708,1.4999068975448608,,comida,
148.147,-5.469655513763428,3.435990571975708,1.4999068975448608,,comida,
148.19,-5.469655513763428,3.435990571975708,1.4999068975448608,,comida,
148.213,-5.469655513763428,3.435990571975708,1.4999068975448608,,comida,
148.253,-5.469655513763428,3.435990571975708,1.4999068975448608,,comida,
148.299,-5.469655513763428,3.435990571975708,1.4999068975448608,,comida,
148.321,-5.469655513763428,3.435990571975708,1.4999068975448608,,comida,
148.353,-5.469655513763428,3.435990571975708,1.4999068975448608,,comida,
148.397,-5.469655513763428,3.435990571975708,1.4999068975448608,,comida,
148.427,-5.469655513763428,3.435990571975708,1.4999068975448608,,comida,
148.46,-5.469655513763428,3.435990571975708,1.4999068975448608,,comida,
148.503,-5.469655513763428,3.435990571975708,1.4999068975448608,,comida,
148.527,-5.469655513763428,3.435990571975708,1.4999068975448608,,comida,
148.56,-5.469655513763428,3.435990571975708,1.4999068975448608,,comida,
148.604,-5.469655513763428,3.435990571975708,1.4999068975448608,,comida,
148.626,-5.469655513763428,3.435990571975708,1.4999068975448608,,comida,
148.66,-5.469655513763428,3.435990571975708,1.4999068975448608,,comida,
148.703,-5.469655513763428,3.435990571975708,1.4999068975448608,,comida,
148.726,-5.469655513763428,3.435990571975708,1.4999068975448608,,comida,
148.758,-5.469655513763428,3.435990571975708,1.4999068975448608,,comida,
148.801,-5.469655513763428,3.435990571975708,1.4999068975448608,,comida,
148.825,-5.469655513763428,3.435990571975708,1.4999068975448608,,comida,
148.858,-5.469655513763428,3.435990571975708,1.4999068975448608,,comida,
148.901,-5.469655513763428,3.435990571975708,1.4999068975448608,,comida,
148.923,-5.469655513763428,3.435990571975708,1.4999068975448608,,comida,
148.959,-5.469655513763428,3.435990571975708,1.4999068975448608,,comida,
149.001,-5.469655513763428,3.435990571975708,1.4999068975448608,,comida,
149.023,-5.469655513763428,3.435990571975708,1.4999068975448608,,comida,
149.057,-5.469655513763428,3.435990571975708,1.4999068975448608,,comida,
149.1,-5.469655513763428,3.435990571975708,1.4999068975448608,,comida,
149.123,-5.469655513763428,3.435990571975708,1.4999068975448608,,comida,
149.156,-5.469655513763428,3.435990571975708,1.4999068975448608,,comida,
149.201,-5.469655513763428,3.435990571975708,1.4999068975448608,,comida,
149.223,-5.469655513763428,3.435990571975708,1.4999068975448608,,comida,
149.256,-5.469655513763428,3.435990571975708,1.4999068975448608,,comida,
149.3,-5.469655513763428,3.435990571975708,1.4999068975448608,,comida,
149.321,-5.469655513763428,3.435990571975708,1.4999068975448608,,comida,
149.356,-5.469655513763428,3.435990571975708,1.4999068975448608,,comida,
149.4,-5.469655513763428,3.435990571975708,1.4999068975448608,,comida,
149.422,-5.469655513763428,3.435990571975708,1.4999068975448608,,comida,
149.457,-5.469655513763428,3.435990571975708,1.4999068975448608,,comida,
149.5,-5.469655513763428,3.435990571975708,1.4999068975448608,,comida,
149.523,-5.469655513763428,3.435990571975708,1.4999068975448608,,comida,
149.555,-5.469655513763428,3.435990571975708,1.4999068975448608,,comida,
149.598,-5.469655513763428,3.435990571975708,1.4999068975448608,,comida,
149.622,-5.469655513763428,3.435990571975708,1.4999068975448608,,comida,
149.653,-5.469655513763428,3.435990571975708,1.4999068975448608,,comida,
149.699,-5.469655513763428,3.435990571975708,1.4999068975448608,,comida,
149.721,-5.469655513763428,3.435990571975708,1.4999068975448608,,comida,
149.752,-5.469655513763428,3.435990571975708,1.4999068975448608,,comida,
149.797,-5.469655513763428,3.435990571975708,1.4999068975448608,,comida,
149.818,-5.469655513763428,3.435990571975708,1.4999068975448608,,comida,
149.852,-5.469655513763428,3.435990571975708,1.4999068975448608,,comida,
149.895,-5.469655513763428,3.435990571975708,1.4999068975448608,,comida,
149.916,-5.469655513763428,3.435990571975708,1.4999068975448608,,comida,
149.949,-5.469655513763428,3.435990571975708,1.4999068975448608,,comida,
149.992,-5.469655513763428,3.435990571975708,1.4999068975448608,,comida,
150.016,-5.469655513763428,3.435990571975708,1.4999068975448608,,comida,
150.05,-5.469655513763428,3.435990571975708,1.4999068975448608,,comida,
150.095,-5.469655513763428,3.435990571975708,1.4999068975448608,,comida,
150.115,-5.469655513763428,3.435990571975708,1.4999068975448608,,comida,
150.148,-5.469655513763428,3.435990571975708,1.4999068975448608,,comida,
150.193,-5.469655513763428,3.435990571975708,1.4999068975448608,,comida,
150.214,-5.469655513763428,3.435990571975708,1.4999068975448608,,comida,
150.247,-5.469655513763428,3.435990571975708,1.4999068975448608,,comida,
150.29,-5.469655513763428,3.435990571975708,1.4999068975448608,,comida,
150.314,-5.469655513763428,3.435990571975708,1.4999068975448608,,comida,
150.347,-5.469655513763428,3.435990571975708,1.4999068975448608,,comida,
150.391,-5.469655513763428,3.435990571975708,1.4999068975448608,,comida,
150.413,-5.469655513763428,3.435990571975708,1.4999068975448608,,comida,
150.446,-5.469655513763428,3.435990571975708,1.4999068975448608,,comida,
150.493,-5.469655513763428,3.435990571975708,1.4999068975448608,,comida,
150.514,-5.469655513763428,3.435990571975708,1.4999068975448608,,comida,
150.548,-5.469655513763428,3.435990571975708,1.4999068975448608,,comida,
150.592,-5.469655513763428,3.435990571975708,1.4999068975448608,,comida,
150.614,-5.469655513763428,3.435990571975708,1.4999068975448608,,comida,
150.647,-5.469655513763428,3.435990571975708,1.4999068975448608,,comida,
150.692,-5.469655513763428,3.435990571975708,1.4999068975448608,,comida,
150.712,-5.469655513763428,3.435990571975708,1.4999068975448608,,comida,
150.747,-5.469655513763428,3.435990571975708,1.4999068975448608,,comida,
150.791,-5.469655513763428,3.435990571975708,1.4999068975448608,,comida,
150.812,-5.469655513763428,3.435990571975708,1.4999068975448608,,comida,
150.846,-5.469655513763428,3.435990571975708,1.4999068975448608,,comida,
150.887,-5.469655513763428,3.435990571975708,1.4999068975448608,,comida,
150.913,-5.469655513763428,3.435990571975708,1.4999068975448608,,comida,
150.944,-5.469655513763428,3.435990571975708,1.4999068975448608,,comida,
150.989,-5.469655513763428,3.435990571975708,1.4999068975448608,,comida,
151.012,-5.469655513763428,3.435990571975708,1.4999068975448608,,comida,
151.043,-5.469655513763428,3.435990571975708,1.4999068975448608,,comida,
151.087,-5.469655513763428,3.435990571975708,1.4999068975448608,,comida,
151.11,-5.469655513763428,3.435990571975708,1.4999068975448608,,comida,
151.142,-5.469655513763428,3.435990571975708,1.4999068975448608,,comida,
151.187,-5.469655513763428,3.435990571975708,1.4999068975448608,,comida,
151.209,-5.469655513763428,3.435990571975708,1.4999068975448608,,comida,
151.242,-5.469655513763428,3.435990571975708,1.4999068975448608,,comida,
151.287,-5.469655513763428,3.435990571975708,1.4999068975448608,,comida,
151.309,-5.469655513763428,3.435990571975708,1.4999068975448608,,comida,
151.342,-5.469655513763428,3.435990571975708,1.4999068975448608,,comida,
151.387,-5.469655513763428,3.435990571975708,1.4999068975448608,,comida,
151.408,-5.469655513763428,3.435990571975708,1.4999068975448608,,comida,
151.441,-5.469655513763428,3.435990571975708,1.4999068975448608,,comida,
151.486,-5.469655513763428,3.435990571975708,1.4999068975448608,,comida,
151.508,-5.469655513763428,3.435990571975708,1.4999068975448608,,comida,
151.541,-5.469655513763428,3.435990571975708,1.4999068975448608,,comida,
151.592,-5.420574188232422,3.4268786907196045,1.4970768690109253,,comida,
151.61,-5.371492862701416,3.417766809463501,1.4942468404769897,,comida,
151.645,-5.32241153717041,3.4086549282073975,1.4914168119430542,,comida,
151.693,-5.273330211639404,3.399543046951294,1.4885867834091187,,comida,
151.712,-5.224248886108398,3.3904311656951904,1.485756754875183,,comida,
151.749,-5.175167560577393,3.381319284439087,1.4829267263412476,,comida,
151.792,-5.126086235046387,3.3722074031829834,1.480096697807312,,comida,
151.815,-5.077004909515381,3.36309552192688,1.4772666692733765,,comida,
151.847,-5.027923583984375,3.3539836406707764,1.474436640739441,,comida,
151.89,-4.978842258453369,3.344871759414673,1.4716066122055054,,comida,
151.911,-4.929760932922363,3.3357598781585693,1.4687765836715698,,comida,
151.945,-4.880679607391357,3.326647996902466,1.4659465551376343,,comida,
151.99,-4.831598281860352,3.3175361156463623,1.4631165266036987,,comida,
152.01,-4.782516956329346,3.308424234390259,1.4602864980697632,,comida,
152.043,-4.73343563079834,3.2993123531341553,1.4574564695358276,,comida,
152.089,-4.684354305267334,3.2902004718780518,1.454626441001892,,comida,
152.109,-4.635272979736328,3.2810885906219482,1.4517964124679565,,comida,
152.142,-4.586191654205322,3.2719767093658447,1.448966383934021,,comida,
152.185,-4.537110328674316,3.262864828109741,1.4461363554000854,,comida,
152.209,-4.4880290031433105,3.2537529468536377,1.44330632686615,,comida,
152.241,-4.438947677612305,3.244641065597534,1.4404762983322144,,comida,
152.287,-4.389866352081299,3.2355291843414307,1.4376462697982788,,comida,
152.307,-4.340785026550293,3.226417303085327,1.4348162412643433,,comida,
152.341,-4.291703701019287,3.2173054218292236,1.4319862127304077,,comida,
152.385,-4.242570877075195,3.20819354057312,1.4302704334259033,,comida,
152.407,-4.193424224853516,3.198996067047119,1.4303562641143799,,comida,
152.439,-4.144301891326904,3.189798593521118,1.4319000244140625,,comida,
152.485,-4.095221996307373,3.1805152893066406,1.434128761291504,,comida,
152.505,-4.046193599700928,3.171231985092163,1.4372992515563965,,comida,
152.538,-3.997253894805908,3.1617772579193115,1.4412368535995483,,comida,
152.587,-3.9484074115753174,3.15232253074646,1.4461984634399414,,comida,
152.607,-3.899685859680176,3.1428678035736084,1.452267050743103,,comida,
152.643,-3.8512940406799316,3.133241653442383,1.4603650569915771,,comida,
152.687,-3.803180456161499,3.1235299110412598,1.4698917865753174,,comida,
152.71,-3.7550668716430664,3.1138181686401367,1.4794185161590576,,comida,
152.742,-3.706953287124634,3.1041064262390137,1.4889452457427979,,comida,
152.788,-3.658839702606201,3.0943946838378906,1.498471975326538,,comida,
152.81,-3.6107261180877686,3.0846829414367676,1.5079987049102783,,comida,
152.844,-3.562612533569336,3.0749711990356445,1.5175254344940186,,comida,
152.89,-3.5144989490509033,3.0652594566345215,1.5270521640777588,,comida,
152.912,-3.4663853645324707,3.0555477142333984,1.536578893661499,,comida,
152.947,-3.418271780014038,3.0458359718322754,1.5461056232452393,,comida,
152.991,-3.3701581954956055,3.0361242294311523,1.5556323528289795,,comida,
153.012,-3.322044610977173,3.0264124870300293,1.5651590824127197,,comida,
153.044,-3.2739310264587402,3.0167007446289062,1.57468581199646,,comida,
153.09,-3.2258174419403076,3.006989002227783,1.5842125415802002,,comida,
153.111,-3.177703857421875,2.99727725982666,1.5937392711639404,,comida,
153.145,-3.1295902729034424,2.987565517425537,1.6032660007476807,,comida,
153.188,-3.0814766883850098,2.977853775024414,1.612792730331421,,comida,
153.212,-3.033363103866577,2.968142032623291,1.6223194599151611,,comida,
153.244,-2.9852495193481445,2.958430290222168,1.6318461894989014,,comida,
153.286,-2.937135934829712,2.948718547821045,1.6413729190826416,,comida,
153.311,-2.8890223503112793,2.939006805419922,1.6508996486663818,,comida,
153.344,-2.840704917907715,2.929295063018799,1.6593323945999146,,comida,
153.387,-2.7921974658966064,2.9193267822265625,1.6662360429763794,,comida,
153.411,-2.743504524230957,2.9091873168945312,1.671353816986084,,comida,
153.446,-2.6946840286254883,2.898621082305908,1.6735707521438599,,comida,
153.492,-2.6458559036254883,2.887969493865967,1.6751052141189575,,comida,
153.512,-2.5970277786254883,2.8773179054260254,1.6766396760940552,,comida,
153.545,-2.5481996536254883,2.866666316986084,1.6781741380691528,,comida,
153.589,-2.4993715286254883,2.8560147285461426,1.6797086000442505,,comida,
153.613,-2.450528144836426,2.845363140106201,1.6806464195251465,,comida,
153.646,-2.401677131652832,2.8347115516662598,1.6809874773025513,,comida,
153.689,-2.3528261184692383,2.8240599632263184,1.681328535079956,,comida,
153.712,-2.3039751052856445,2.813408374786377,1.6816695928573608,,comida,
153.744,-2.255124092102051,2.8027567863464355,1.6820106506347656,,comida,
153.79,-2.2062766551971436,2.792105197906494,1.6826927661895752,,comida,
153.81,-2.1574318408966064,2.7814536094665527,1.6835453510284424,,comida,
153.842,-2.1085870265960693,2.7708020210266113,1.6843979358673096,,comida,
153.886,-2.0597422122955322,2.76015043258667,1.6852505207061768,,comida,
153.908,-2.010897397994995,2.7494988441467285,1.686103105545044,,comida,
153.942,-1.962052583694458,2.738847255706787,1.6869556903839111,,comida,
153.987,-1.913207769393921,2.7281956672668457,1.6878082752227783,,comida,
154.008,-1.8643629550933838,2.7175440788269043,1.6886608600616455,,comida,
154.041,-1.8155181407928467,2.706892490386963,1.6895134449005127,,comida,
154.086,-1.7666733264923096,2.6962409019470215,1.6903660297393799,,comida,
154.11,-1.7178285121917725,2.68558931350708,1.691218614578247,,comida,
154.143,-1.6689836978912354,2.6749377250671387,1.6920711994171143,,comida,
154.187,-1.6201388835906982,2.6642861366271973,1.6929237842559814,,comida,
154.21,-1.5712940692901611,2.653634548187256,1.6937763690948486,,comida,
154.242,-1.522449254989624,2.6429829597473145,1.6946289539337158,,comida,
154.287,-1.473604440689087,2.632331371307373,1.695481538772583,,comida,
154.307,-1.4247596263885498,2.6216797828674316,1.6963341236114502,,comida,
154.34,-1.3759148120880127,2.6110281944274902,1.6971867084503174,,comida,
154.385,-1.3270699977874756,2.600376605987549,1.6980392932891846,,comida,
154.406,-1.2782251834869385,2.5897250175476074,1.6988918781280518,,comida,
154.439,-1.2293803691864014,2.579073429107666,1.699744462966919,,comida,
154.484,-1.1805355548858643,2.5684218406677246,1.7005970478057861,,comida,
154.505,-1.1316907405853271,2.557770252227783,1.7014496326446533,,comida,
154.538,-1.08284592628479,2.547118663787842,1.7023022174835205,,comida,
154.583,-1.034001111984253,2.5364670753479004,1.7031548023223877,,comida,
154.604,-0.9851562976837158,2.525815486907959,1.7040073871612549,,comida,
154.637,-0.9363114833831787,2.5151638984680176,1.704859972000122,,comida,
154.682,-0.8874666690826416,2.504512310028076,1.7057125568389893,,comida,
154.703,-0.8386218547821045,2.4938607215881348,1.7065651416778564,,comida,
154.735,-0.7897770404815674,2.4832091331481934,1.7074177265167236,,comida,
154.781,-0.7409322261810303,2.472557544708252,1.7082703113555908,,comida,
154.802,-0.6920874118804932,2.4619059562683105,1.709122896194458,,comida,
154.834,-0.643242597579956,2.451254367828369,1.7099754810333252,,comida,
154.88,-0.594397783279419,2.4406027793884277,1.7108280658721924,,comida,
154.9,-0.5455529689788818,2.4299511909484863,1.7116806507110596,,comida,
154.933,-0.49670812487602234,2.419299602508545,1.7125332355499268,,comida,
154.979,-0.44786328077316284,2.4086480140686035,1.713385820388794,,comida,
154.998,-0.39901843667030334,2.397996425628662,1.7142384052276611,,comida,
155.032,-0.39901843667030334,2.397996425628662,1.7142384052276611,,comida,
155.078,-0.39901843667030334,2.397996425628662,1.7142384052276611,,comida,
155.098,-0.39901843667030334,2.397996425628662,1.7142384052276611,,comida,
155.131,-0.39901843667030334,2.397996425628662,1.7142384052276611,,comida,
155.175,-0.39901843667030334,2.397996425628662,1.7142384052276611,,comida,
155.196,-0.39901843667030334,2.397996425628662,1.7142384052276611,,comida,
155.229,-0.39901843667030334,2.397996425628662,1.7142384052276611,,comida,
155.274,-0.40966832637786865,2.349144220352173,1.7140525579452515,,comida,
155.295,-0.42031821608543396,2.3002920150756836,1.7138667106628418,,comida,
155.328,-0.43096810579299927,2.2514398097991943,1.7136808633804321,,comida,
155.374,-0.4416179955005646,2.202587604522705,1.7134950160980225,,comida,
155.395,-0.4522678852081299,2.153735399246216,1.7133091688156128,,comida,
155.428,-0.4629177749156952,2.1048831939697266,1.7131233215332031,,comida,
155.473,-0.4735676646232605,2.0560309886932373,1.7129374742507935,,comida,
155.494,-0.4842175543308258,2.007178783416748,1.7127516269683838,,comida,
155.527,-0.4948674440383911,1.9583264589309692,1.7125657796859741,,comida,
155.573,-0.5055173635482788,1.9094741344451904,1.7123799324035645,,comida,
155.593,-0.5161672830581665,1.8606218099594116,1.7121940851211548,,comida,
155.626,-0.5161672830581665,1.8606218099594116,1.7121940851211548,,comida,
155.672,-0.5161672830581665,1.8606218099594116,1.7121940851211548,,comida,
155.691,-0.5161672830581665,1.8606218099594116,1.7121940851211548,,comida,
155.724,-0.5161672830581665,1.8606218099594116,1.7121940851211548,,comida,
155.77,-0.5161672830581665,1.8606218099594116,1.7121940851211548,,comida,
155.79,-0.5161672830581665,1.8606218099594116,1.7121940851211548,,comida,
155.823,-0.5161672830581665,1.8606218099594116,1.7121940851211548,,comida,
155.868,-0.5161672830581665,1.8606218099594116,1.7121940851211548,,comida,
155.889,-0.5161672830581665,1.8606218099594116,1.7121940851211548,,comida,
155.921,-0.5161672830581665,1.8606218099594116,1.7121940851211548,,comida,
155.973,-0.5161672830581665,1.8606218099594116,1.7121940851211548,,comida,
155.99,-0.5161672830581665,1.8606218099594116,1.7121940851211548,,comida,
156.023,-0.5161672830581665,1.8606218099594116,1.7121940851211548,,comida,
156.072,-0.5161672830581665,1.8606218099594116,1.7121940851211548,,comida,
156.093,-0.5161672830581665,1.8606218099594116,1.7121940851211548,,comida,
156.125,-0.5161672830581665,1.8606218099594116,1.7121940851211548,,comida,
156.172,-0.5161672830581665,1.8606218099594116,1.7121940851211548,,comida,
156.192,-0.5161672830581665,1.8606218099594116,1.7121940851211548,,comida,
156.226,-0.5161672830581665,1.8606218099594116,1.7121940851211548,,comida,
156.273,-0.5161672830581665,1.8606218099594116,1.7121940851211548,,comida,
156.292,-0.5161672830581665,1.8606218099594116,1.7121940851211548,,comida,
156.325,-0.5161672830581665,1.8606218099594116,1.7121940851211548,,comida,
156.374,-0.5161672830581665,1.8606218099594116,1.7121940851211548,,comida,
156.391,-0.5161672830581665,1.8606218099594116,1.7121940851211548,,comida,
156.425,-0.5161672830581665,1.8606218099594116,1.7121940851211548,,comida,
156.469,-0.5161672830581665,1.8606218099594116,1.7121940851211548,,comida,
156.491,-0.5161672830581665,1.8606218099594116,1.7121940851211548,,comida,
156.524,-0.4691008925437927,1.8497146368026733,1.6993181705474854,,comida,
156.571,-0.42203450202941895,1.838807463645935,1.686442255973816,,comida,
156.593,-0.37496811151504517,1.8279002904891968,1.6735663414001465,,comida,
156.625,-0.3279017210006714,1.8169931173324585,1.660690426826477,,comida,
156.673,-0.2808353304862976,1.8060859441757202,1.6478145122528076,,comida,
156.69,-0.23376893997192383,1.795178771018982,1.6349385976791382,,comida,
156.725,-0.18670254945755005,1.7842715978622437,1.6220626831054688,,comida,
156.77,-0.13963615894317627,1.7733644247055054,1.6091867685317993,,comida,
156.789,-0.09256976842880249,1.762457251548767,1.5963108539581299,,comida,
156.824,-0.04550338163971901,1.7515500783920288,1.5834349393844604,,comida,
156.87,0.0015630051493644714,1.7406429052352905,1.570559024810791,,comida,
156.888,0.04862939193844795,1.7297357320785522,1.5576831102371216,,comida,
156.919,0.09569577872753143,1.718828558921814,1.5448071956634521,,comida,
156.966,0.1427621692419052,1.7079213857650757,1.5319312810897827,,comida,
156.985,0.189828559756279,1.6970142126083374,1.5190553665161133,,comida,
157.021,0.23689495027065277,1.6861070394515991,1.5061794519424438,,comida,
157.067,0.28360816836357117,1.6751998662948608,1.4920759201049805,,comida,
157.086,0.3298553228378296,1.6642926931381226,1.47651207447052,,comida,
157.121,0.37518224120140076,1.6536412239074707,1.4582908153533936,,comida,
157.168,0.41899242997169495,1.6436728239059448,1.436352252960205,,comida,
157.185,0.4618073105812073,1.6339610815048218,1.412423849105835,,comida,
157.219,0.5039373636245728,1.6242493391036987,1.3873093128204346,,comida,
157.266,0.5455011129379272,1.6146231889724731,1.3612364530563354,,comida,
157.284,0.5867895483970642,1.6049970388412476,1.334729790687561,,comida,
157.316,0.6276028156280518,1.595628023147583,1.3074077367782593,,comida,
157.363,0.66800856590271,1.5864304304122925,1.2794294357299805,,comida,
157.383,0.7079208493232727,1.5775761604309082,1.2506438493728638,,comida,
157.415,0.7471141219139099,1.5690656900405884,1.2207865715026855,,comida,
157.463,0.785600483417511,1.560813307762146,1.1899532079696655,,comida,
157.482,0.8239359855651855,1.5526469945907593,1.1589096784591675,,comida,
157.514,0.862228274345398,1.5445667505264282,1.1277903318405151,,comida,
157.562,0.9004117250442505,1.5364865064620972,1.0965375900268555,,comida,
157.583,0.938595175743103,1.5284062623977661,1.0652848482131958,,comida,
157.617,0.9767786264419556,1.520326018333435,1.0340321063995361,,comida,
157.663,1.014962077140808,1.512245774269104,1.0027793645858765,,comida,
157.681,1.0531455278396606,1.504165530204773,0.971526563167572,,comida,
157.713,1.0913289785385132,1.496085286140442,0.9402737617492676,,comida,
157.762,1.1295124292373657,1.4880050420761108,0.9090209603309631,,comida,
157.781,1.1676958799362183,1.4799247980117798,0.8777681589126587,,comida,
157.815,1.2058793306350708,1.4718445539474487,0.8465153574943542,,comida,
157.86,1.2440627813339233,1.4637643098831177,0.8152625560760498,,comida,
157.879,1.2822462320327759,1.4556840658187866,0.7840097546577454,,comida,
157.912,1.3204296827316284,1.4476038217544556,0.7527569532394409,,comida,
157.967,1.358613133430481,1.4395235776901245,0.7215041518211365,,comida,
157.981,1.3960777521133423,1.4314433336257935,0.689393162727356,,comida,
158.013,1.4324294328689575,1.423621654510498,0.65596604347229,,comida,
158.061,1.4672367572784424,1.4170953035354614,0.6206693053245544,,comida,
158.08,1.4996861219406128,1.4122161865234375,0.5829434990882874,,comida,
158.111,1.529849648475647,1.4089025259017944,0.5432045459747314,,comida,
158.16,1.5592012405395508,1.4063729047775269,0.5028054714202881,,comida,
158.177,1.5880687236785889,1.404279112815857,0.4620343744754791,,comida,
158.212,1.6167957782745361,1.4022725820541382,0.4211598336696625,,comida,
158.26,1.6455228328704834,1.4002660512924194,0.3802852928638458,,comida,
158.278,1.6742498874664307,1.3982595205307007,0.3394107520580292,,comida,
158.311,1.702976942062378,1.396252989768982,0.2985362112522125,,comida,
158.358,1.7317039966583252,1.3942464590072632,0.2576616704463959,,comida,
158.389,1.7317039966583252,1.3942464590072632,0.2576616704463959,,comida,
158.422,1.7317039966583252,1.3942464590072632,0.2576616704463959,,comida,
158.479,1.7317039966583252,1.3942464590072632,0.2576616704463959,,comida,
158.497,1.7317039966583252,1.3942464590072632,0.2576616704463959,,comida,
158.532,1.7317039966583252,1.3942464590072632,0.2576616704463959,,comida,
158.578,1.7317039966583252,1.3942464590072632,0.2576616704463959,,comida,
158.596,1.7317039966583252,1.3942464590072632,0.2576616704463959,,comida,
158.63,1.7317039966583252,1.3942464590072632,0.2576616704463959,,comida,
158.677,1.7317039966583252,1.3942464590072632,0.2576616704463959,,comida,
158.694,1.7317039966583252,1.3942464590072632,0.2576616704463959,,comida,
158.73,1.7317039966583252,1.3942464590072632,0.2576616704463959,,comida,
158.777,1.7317039966583252,1.3942464590072632,0.2576616704463959,,comida,
158.795,1.7317039966583252,1.3942464590072632,0.2576616704463959,,comida,
158.829,1.7317039966583252,1.3942464590072632,0.2576616704463959,,comida,
158.874,1.7317039966583252,1.3942464590072632,0.2576616704463959,,comida,
158.893,1.7317039966583252,1.3942464590072632,0.2576616704463959,,comida,
158.926,1.7317039966583252,1.3942464590072632,0.2576616704463959,,comida,
158.973,1.7317039966583252,1.3942464590072632,0.2576616704463959,,comida,
158.993,1.7317039966583252,1.3942464590072632,0.2576616704463959,,comida,
159.024,1.7317039966583252,1.3942464590072632,0.2576616704463959,,comida,
159.074,1.7317039966583252,1.3942464590072632,0.2576616704463959,,comida,
159.093,1.7317039966583252,1.3942464590072632,0.2576616704463959,,comida,
159.125,1.7317039966583252,1.3942464590072632,0.2576616704463959,,comida,
159.173,1.7317039966583252,1.3942464590072632,0.2576616704463959,,comida,
159.192,1.7317039966583252,1.3942464590072632,0.2576616704463959,,comida,
159.227,1.7317039966583252,1.3942464590072632,0.2576616704463959,,comida,
159.274,1.7317039966583252,1.3942464590072632,0.2576616704463959,,comida,
159.292,1.7317039966583252,1.3942464590072632,0.2576616704463959,,comida,
159.326,1.7317039966583252,1.3942464590072632,0.2576616704463959,,comida,
159.374,1.7317039966583252,1.3942464590072632,0.2576616704463959,,comida,
159.393,1.7317039966583252,1.3942464590072632,0.2576616704463959,,comida,
159.424,1.7317039966583252,1.3942464590072632,0.2576616704463959,,comida,
159.474,1.7317039966583252,1.3942464590072632,0.2576616704463959,,comida,
159.49,1.7317039966583252,1.3942464590072632,0.2576616704463959,,comida,
159.525,1.7317039966583252,1.3942464590072632,0.2576616704463959,,comida,
159.573,1.7317039966583252,1.3942464590072632,0.2576616704463959,,comida,
159.592,1.7317039966583252,1.3942464590072632,0.2576616704463959,,comida,
159.623,1.7317039966583252,1.3942464590072632,0.2576616704463959,,comida,
159.672,1.7317039966583252,1.3942464590072632,0.2576616704463959,,comida,
159.689,1.7317039966583252,1.3942464590072632,0.2576616704463959,,comida,
159.723,1.7317039966583252,1.3942464590072632,0.2576616704463959,,comida,
159.773,1.7278680801391602,1.3939846754074097,0.207809716463089,,comida,
159.791,1.7240321636199951,1.3937228918075562,0.1579577624797821,,comida,
159.823,1.72019624710083,1.3934611082077026,0.10810580849647522,,comida,
159.87,1.716360330581665,1.3931993246078491,0.058253854513168335,,comida,
159.889,1.7125244140625,1.3929375410079956,0.00840190052986145,,comida,
159.923,1.708688497543335,1.392675757408142,-0.041450053453445435,,comida,
159.972,1.70485258102417,1.3924139738082886,-0.09130200743675232,,comida,
159.988,1.7010166645050049,1.392152190208435,-0.1411539614200592,,comida,
160.021,1.6971807479858398,1.3918904066085815,-0.1910059154033661,,comida,
160.069,1.6933448314666748,1.391628623008728,-0.24085786938667297,,comida,
160.087,1.6895089149475098,1.3913668394088745,-0.29070982336997986,,comida,
160.12,1.6856729984283447,1.391105055809021,-0.34056177735328674,,comida,
160.168,1.6818370819091797,1.3908432722091675,-0.39041373133659363,,comida,
160.186,1.6780011653900146,1.390581488609314,-0.4402656853199005,,comida,
160.219,1.6741652488708496,1.3903197050094604,-0.4901176393032074,,comida,
160.273,1.6698945760726929,1.3898833990097046,-0.5399330258369446,,comida,
160.288,1.6623328924179077,1.3889235258102417,-0.5893486142158508,,comida,
160.319,1.6488914489746094,1.3876147270202637,-0.6374902129173279,,comida,
160.368,1.6299251317977905,1.3863059282302856,-0.6837348341941833,,comida,
160.389,1.606074333190918,1.3850842714309692,-0.7276625633239746,,comida,
160.421,1.5784130096435547,1.3838626146316528,-0.7692961692810059,,comida,
160.47,1.548821210861206,1.3826409578323364,-0.8095805644989014,,comida,
160.487,1.5173646211624146,1.38141930103302,-0.8484262824058533,,comida,
160.521,1.4820787906646729,1.380372166633606,-0.88383549451828,,comida,
160.566,1.443061113357544,1.3796740770339966,-0.9150945544242859,,comida,
160.588,1.443061113357544,1.3796740770339966,-0.9150945544242859,,comida,
160.619,1.443061113357544,1.3796740770339966,-0.9150945544242859,,comida,
160.668,1.443061113357544,1.3796740770339966,-0.9150945544242859,,comida,
160.687,1.443061113357544,1.3796740770339966,-0.9150945544242859,,comida,
160.72,1.443061113357544,1.3796740770339966,-0.9150945544242859,,comida,
160.766,1.443061113357544,1.3796740770339966,-0.9150945544242859,,comida,
160.786,1.443061113357544,1.3796740770339966,-0.9150945544242859,,comida,
160.821,1.443061113357544,1.3796740770339966,-0.9150945544242859,,comida,
160.868,1.443061113357544,1.3796740770339966,-0.9150945544242859,,comida,
160.886,1.443061113357544,1.3796740770339966,-0.9150945544242859,,comida,
160.919,1.443061113357544,1.3796740770339966,-0.9150945544242859,,comida,
160.968,1.443061113357544,1.3796740770339966,-0.9150945544242859,,comida,
160.986,1.443061113357544,1.3796740770339966,-0.9150945544242859,,comida,
161.019,1.443061113357544,1.3796740770339966,-0.9150945544242859,,comida,
161.069,1.4004840850830078,1.3807212114334106,-0.9412881135940552,,comida,
161.085,1.3579070568084717,1.3817683458328247,-0.9674816727638245,,comida,
161.122,1.3153300285339355,1.3828154802322388,-0.9936752319335938,,comida,
161.169,1.2727530002593994,1.3838626146316528,-1.0198687314987183,,comida,
161.188,1.2301759719848633,1.384909749031067,-1.0460622310638428,,comida,
161.222,1.1875989437103271,1.385956883430481,-1.0722557306289673,,comida,
161.27,1.145021915435791,1.387004017829895,-1.0984492301940918,,comida,
161.287,1.1024448871612549,1.388051152229309,-1.1246427297592163,,comida,
161.321,1.0598678588867188,1.3890982866287231,-1.1508362293243408,,comida,
161.366,1.0172908306121826,1.3901454210281372,-1.1770297288894653,,comida,
161.384,0.9747138023376465,1.3911925554275513,-1.2032232284545898,,comida,
161.417,0.9321367740631104,1.3922396898269653,-1.2294167280197144,,comida,
161.466,0.8895597457885742,1.3932868242263794,-1.2556102275848389,,comida,
161.482,0.8469827175140381,1.3943339586257935,-1.2818037271499634,,comida,
161.518,0.804405689239502,1.3953810930252075,-1.307997226715088,,comida,
161.567,0.7618286609649658,1.3964282274246216,-1.3341907262802124,,comida,
161.583,0.7192516326904297,1.3974753618240356,-1.360384225845337,,comida,
161.619,0.6766746044158936,1.3985224962234497,-1.3865777254104614,,comida,
161.666,0.6336026191711426,1.3995696306228638,-1.4119490385055542,,comida,
161.687,0.5896298289299011,1.4006167650222778,-1.4357250928878784,,comida,
161.719,0.544281005859375,1.401227593421936,-1.4567753076553345,,comida,
161.767,0.544281005859375,1.401227593421936,-1.4567753076553345,,comida,
161.785,0.544281005859375,1.401227593421936,-1.4567753076553345,,comida,
161.817,0.544281005859375,1.401227593421936,-1.4567753076553345,,comida,
161.865,0.544281005859375,1.401227593421936,-1.4567753076553345,,comida,
161.885,0.544281005859375,1.401227593421936,-1.4567753076553345,,comida,
161.917,0.544281005859375,1.401227593421936,-1.4567753076553345,,comida,
161.967,0.544281005859375,1.401227593421936,-1.4567753076553345,,comida,
161.984,0.544281005859375,1.401227593421936,-1.4567753076553345,,comida,
162.018,0.544281005859375,1.401227593421936,-1.4567753076553345,,comida,
162.068,0.544281005859375,1.401227593421936,-1.4567753076553345,,comida,
162.086,0.544281005859375,1.401227593421936,-1.4567753076553345,,comida,
162.118,0.544281005859375,1.401227593421936,-1.4567753076553345,,comida,
162.167,0.544281005859375,1.401227593421936,-1.4567753076553345,,comida,
162.186,0.544281005859375,1.401227593421936,-1.4567753076553345,,comida,
162.217,0.544281005859375,1.401227593421936,-1.4567753076553345,,comida,
162.266,0.544281005859375,1.401227593421936,-1.4567753076553345,,comida,
162.285,0.544281005859375,1.401227593421936,-1.4567753076553345,,comida,
162.319,0.544281005859375,1.401227593421936,-1.4567753076553345,,comida,
162.367,0.544281005859375,1.401227593421936,-1.4567753076553345,,comida,
162.384,0.544281005859375,1.401227593421936,-1.4567753076553345,,comida,
162.418,0.544281005859375,1.401227593421936,-1.4567753076553345,,comida,
162.466,0.544281005859375,1.401227593421936,-1.4567753076553345,,comida,
162.484,0.544281005859375,1.401227593421936,-1.4567753076553345,,comida,
162.515,0.544281005859375,1.401227593421936,-1.4567753076553345,,comida,
162.565,0.544281005859375,1.401227593421936,-1.4567753076553345,,comida,
162.586,0.544281005859375,1.401227593421936,-1.4567753076553345,,comida,
162.62,0.5074806809425354,1.4004422426223755,-1.490614891052246,,comida,
162.669,0.4706803560256958,1.399656891822815,-1.5244544744491577,,comida,
162.686,0.4338800311088562,1.3988715410232544,-1.5582940578460693,,comida,
162.719,0.3970797061920166,1.3980861902236938,-1.592133641242981,,comida,
162.766,0.360279381275177,1.3973008394241333,-1.6259732246398926,,comida,
162.787,0.3234790563583374,1.3965154886245728,-1.6598128080368042,,comida,
162.818,0.2866787314414978,1.3957301378250122,-1.6936523914337158,,comida,
162.868,0.2498784065246582,1.3949447870254517,-1.7274919748306274,,comida,
162.884,0.2130780816078186,1.3941594362258911,-1.761331558227539,,comida,
162.92,0.176277756690979,1.3933740854263306,-1.7951711416244507,,comida,
162.968,0.1394774317741394,1.39258873462677,-1.8290107250213623,,comida,
162.987,0.1026771143078804,1.3918033838272095,-1.862850308418274,,comida,
163.019,0.0658767968416214,1.391018033027649,-1.8966898918151855,,comida,
163.067,0.029076479375362396,1.3902326822280884,-1.9305294752120972,,comida,
163.087,-0.0077238380908966064,1.3894473314285278,-1.9643690586090088,,comida,
163.121,-0.04452415555715561,1.3886619806289673,-1.9982086420059204,,comida,
163.168,-0.08132447302341461,1.3878766298294067,-2.032048225402832,,comida,
163.187,-0.11812479048967361,1.3870912790298462,-2.065887928009033,,comida,
163.221,-0.15492510795593262,1.3863059282302856,-2.0997276306152344,,comida,
163.27,-0.19172543287277222,1.385520577430725,-2.1335673332214355,,comida,
163.287,-0.22852575778961182,1.3847352266311646,-2.1674070358276367,,comida,
163.32,-0.2653260827064514,1.383949875831604,-2.201246738433838,,comida,
163.367,-0.302126407623291,1.3831645250320435,-2.235086441040039,,comida,
163.385,-0.3389267325401306,1.382379174232483,-2.2689261436462402,,comida,
163.417,-0.3757270574569702,1.3815938234329224,-2.3027658462524414,,comida,
163.468,-0.3757270574569702,1.3815938234329224,-2.3027658462524414,,comida,
163.49,-0.3757270574569702,1.3815938234329224,-2.3027658462524414,,comida,
163.52,-0.3757270574569702,1.3815938234329224,-2.3027658462524414,,comida,
163.568,-0.3757270574569702,1.3815938234329224,-2.3027658462524414,,comida,
163.589,-0.3757270574569702,1.3815938234329224,-2.3027658462524414,,comida,
163.624,-0.3757270574569702,1.3815938234329224,-2.3027658462524414,,comida,
163.678,-0.3757270574569702,1.3815938234329224,-2.3027658462524414,,comida,
163.691,-0.3757270574569702,1.3815938234329224,-2.3027658462524414,,comida,
163.724,-0.3757270574569702,1.3815938234329224,-2.3027658462524414,,comida,
163.775,-0.3757270574569702,1.3815938234329224,-2.3027658462524414,,comida,
163.795,-0.3757270574569702,1.3815938234329224,-2.3027658462524414,,comida,
163.829,-0.3757270574569702,1.3815938234329224,-2.3027658462524414,,comida,
163.876,-0.3757270574569702,1.3815938234329224,-2.3027658462524414,,comida,
163.897,-0.3757270574569702,1.3815938234329224,-2.3027658462524414,,comida,
163.932,-0.3757270574569702,1.3815938234329224,-2.3027658462524414,,comida,
163.978,-0.3757270574569702,1.3815938234329224,-2.3027658462524414,,comida,
163.998,-0.3757270574569702,1.3815938234329224,-2.3027658462524414,,comida,
164.031,-0.3757270574569702,1.3815938234329224,-2.3027658462524414,,comida,
164.078,-0.3757270574569702,1.3815938234329224,-2.3027658462524414,,comida,
164.101,-0.3757270574569702,1.3815938234329224,-2.3027658462524414,,comida,
164.133,-0.3757270574569702,1.3815938234329224,-2.3027658462524414,,comida,
164.181,-0.3757270574569702,1.3815938234329224,-2.3027658462524414,,comida,
164.201,-0.3757270574569702,1.3815938234329224,-2.3027658462524414,,comida,
164.233,-0.3757270574569702,1.3815938234329224,-2.3027658462524414,,comida,
164.282,-0.3757270574569702,1.3815938234329224,-2.3027658462524414,,comida,
164.301,-0.3757270574569702,1.3815938234329224,-2.3027658462524414,,comida,
164.332,-0.3757270574569702,1.3815938234329224,-2.3027658462524414,,comida,
164.382,-0.3757270574569702,1.3815938234329224,-2.3027658462524414,,comida,
164.4,-0.3757270574569702,1.3815938234329224,-2.3027658462524414,,comida,
164.432,-0.3757270574569702,1.3815938234329224,-2.3027658462524414,,comida,
164.482,-0.3757270574569702,1.3815938234329224,-2.3027658462524414,,comida,
164.498,-0.3757270574569702,1.3815938234329224,-2.3027658462524414,,comida,
164.533,-0.3757270574569702,1.3815938234329224,-2.3027658462524414,,comida,
164.582,-0.3757270574569702,1.3815938234329224,-2.3027658462524414,,comida,
164.6,-0.3757270574569702,1.3815938234329224,-2.3027658462524414,,comida,
164.632,-0.3757270574569702,1.3815938234329224,-2.3027658462524414,,comida,
164.682,-0.3757270574569702,1.3815938234329224,-2.3027658462524414,,comida,
164.699,-0.3757270574569702,1.3815938234329224,-2.3027658462524414,,comida,
164.733,-0.3757270574569702,1.3815938234329224,-2.3027658462524414,,comida,
164.784,-0.3757270574569702,1.3815938234329224,-2.3027658462524414,,comida,
164.802,-0.3757270574569702,1.3815938234329224,-2.3027658462524414,,comida,
164.836,-0.3757270574569702,1.3815938234329224,-2.3027658462524414,,comida,
164.885,-0.3757270574569702,1.3815938234329224,-2.3027658462524414,,comida,
164.904,-0.3757270574569702,1.3815938234329224,-2.3027658462524414,,comida,
164.937,-0.39918774366378784,1.3799360990524292,-2.346889019012451,,comida,
164.986,-0.42264842987060547,1.378278374671936,-2.391012191772461,,comida,
165.003,-0.4461091160774231,1.3766206502914429,-2.4351353645324707,,comida,
165.037,-0.4695698022842407,1.3749629259109497,-2.4792585372924805,,comida,
165.087,-0.49303048849105835,1.3733052015304565,-2.5233817100524902,,comida,
165.103,-0.516491174697876,1.3716474771499634,-2.5675048828125,,comida,
165.136,-0.5399518609046936,1.3699897527694702,-2.6116280555725098,,comida,
165.186,-0.5634125471115112,1.368332028388977,-2.6557512283325195,,comida,
165.203,-0.5868732333183289,1.3666743040084839,-2.6998744010925293,,comida,
165.239,-0.6103339195251465,1.3650165796279907,-2.743997573852539,,comida,
165.286,-0.6103339195251465,1.3650165796279907,-2.743997573852539,,comida,
165.303,-0.6103339195251465,1.3650165796279907,-2.743997573852539,,comida,
165.338,-0.6103339195251465,1.3650165796279907,-2.743997573852539,,comida,
165.387,-0.6103339195251465,1.3650165796279907,-2.743997573852539,,comida,
165.403,-0.6103339195251465,1.3650165796279907,-2.743997573852539,,comida,
165.437,-0.6103339195251465,1.3650165796279907,-2.743997573852539,,comida,
165.49,-0.6103339195251465,1.3650165796279907,-2.743997573852539,,comida,
165.505,-0.6103339195251465,1.3650165796279907,-2.743997573852539,,comida,
165.539,-0.6103339195251465,1.3650165796279907,-2.743997573852539,,comida,
165.592,-0.6103339195251465,1.3650165796279907,-2.743997573852539,,comida,
165.609,-0.6103339195251465,1.3650165796279907,-2.743997573852539,,comida,
165.642,-0.6103339195251465,1.3650165796279907,-2.743997573852539,,comida,
165.692,-0.6103339195251465,1.3650165796279907,-2.743997573852539,,comida,
165.708,-0.6103339195251465,1.3650165796279907,-2.743997573852539,,comida,
165.741,-0.6103339195251465,1.3650165796279907,-2.743997573852539,,comida,
165.789,-0.6103339195251465,1.3650165796279907,-2.743997573852539,,comida,
165.812,-0.6103339195251465,1.3650165796279907,-2.743997573852539,,comida,
165.847,-0.6103339195251465,1.3650165796279907,-2.743997573852539,,comida,
165.894,-0.6103339195251465,1.3650165796279907,-2.743997573852539,,comida,
165.911,-0.6103339195251465,1.3650165796279907,-2.743997573852539,,comida,
165.945,-0.6103339195251465,1.3650165796279907,-2.743997573852539,,comida,
165.993,-0.6103339195251465,1.3650165796279907,-2.743997573852539,chips,comida,2
166.01,-0.6103339195251465,1.3650165796279907,-2.743997573852539,chips,comida,2
166.043,-0.6103339195251465,1.3650165796279907,-2.743997573852539,chips,comida,2
166.094,-0.6103339195251465,1.3650165796279907,-2.743997573852539,chips,comida,2
166.108,-0.6103339195251465,1.3650165796279907,-2.743997573852539,chips,comida,2
166.141,-0.6103339195251465,1.3650165796279907,-2.743997573852539,chips,comida,2
166.192,-0.6103339195251465,1.3650165796279907,-2.743997573852539,chips,comida,2
166.209,-0.6103339195251465,1.3650165796279907,-2.743997573852539,chips,comida,2
166.242,-0.6103339195251465,1.3650165796279907,-2.743997573852539,chips,comida,2
166.292,-0.6103339195251465,1.3650165796279907,-2.743997573852539,chips,comida,2
166.309,-0.6103339195251465,1.3650165796279907,-2.743997573852539,chips,comida,2
166.341,-0.6103339195251465,1.3650165796279907,-2.743997573852539,chips,comida,2
166.391,-0.6103339195251465,1.3650165796279907,-2.743997573852539,chips,comida,2
166.408,-0.6103339195251465,1.3650165796279907,-2.743997573852539,chips,comida,2
166.443,-0.6103339195251465,1.3650165796279907,-2.743997573852539,chips,comida,2
166.445,-0.6103339195251465,1.3650165796279907,-2.743997573852539,chips,comida,2
166.495,-0.6103339195251465,1.3650165796279907,-2.743997573852539,chips,comida,2
166.512,-0.6103339195251465,1.3650165796279907,-2.743997573852539,chips,comida,2
166.545,-0.6103339195251465,1.3650165796279907,-2.743997573852539,chips,comida,2
166.595,-0.6103339195251465,1.3650165796279907,-2.743997573852539,chips,comida,2
166.615,-0.6103339195251465,1.3650165796279907,-2.743997573852539,chips,comida,2
166.648,-0.6103339195251465,1.3650165796279907,-2.743997573852539,chips,comida,2
166.698,-0.6103339195251465,1.3650165796279907,-2.743997573852539,chips,comida,2
166.715,-0.6103339195251465,1.3650165796279907,-2.743997573852539,chips,comida,2
166.748,-0.6103339195251465,1.3650165796279907,-2.743997573852539,chips,comida,2
166.797,-0.6103339195251465,1.3650165796279907,-2.743997573852539,,comida,
166.814,-0.6103339195251465,1.3650165796279907,-2.743997573852539,,comida,
166.847,-0.6103339195251465,1.3650165796279907,-2.743997573852539,,comida,
166.894,-0.6103339195251465,1.3650165796279907,-2.743997573852539,,comida,
166.915,-0.6103339195251465,1.3650165796279907,-2.743997573852539,,comida,
166.947,-0.6103339195251465,1.3650165796279907,-2.743997573852539,,comida,
166.997,-0.6103339195251465,1.3650165796279907,-2.743997573852539,chips,comida,2
167.013,-0.6103339195251465,1.3650165796279907,-2.743997573852539,chips,comida,2
167.048,-0.6103339195251465,1.3650165796279907,-2.743997573852539,chips,comida,2
167.097,-0.6103339195251465,1.3650165796279907,-2.743997573852539,chips,comida,2
167.113,-0.6103339195251465,1.3650165796279907,-2.743997573852539,chips,comida,2
167.147,-0.6103339195251465,1.3650165796279907,-2.743997573852539,chips,comida,2
167.203,-0.6103339195251465,1.3650165796279907,-2.743997573852539,chips,comida,2
167.223,-0.6103339195251465,1.3650165796279907,-2.743997573852539,chips,comida,2
167.224,-0.6103339195251465,1.3650165796279907,-2.743997573852539,chips,comida,2
167.256,-0.6103339195251465,1.3650165796279907,-2.743997573852539,chips,comida,2
167.305,-0.6103339195251465,1.3650165796279907,-2.743997573852539,chips,comida,2
167.322,-0.6103339195251465,1.3650165796279907,-2.743997573852539,chips,comida,2
167.358,-0.6103339195251465,1.3650165796279907,-2.743997573852539,chips,comida,2
167.408,-0.6103339195251465,1.3650165796279907,-2.743997573852539,chips,comida,2
167.425,-0.6103339195251465,1.3650165796279907,-2.743997573852539,chips,comida,2
167.459,-0.6103339195251465,1.3650165796279907,-2.743997573852539,chips,comida,2
167.51,-0.6103339195251465,1.3650165796279907,-2.743997573852539,chips,comida,2
167.527,-0.6103339195251465,1.3650165796279907,-2.743997573852539,chips,comida,2
167.561,-0.6103339195251465,1.3650165796279907,-2.743997573852539,chips,comida,2
167.609,-0.6103339195251465,1.3650165796279907,-2.743997573852539,,comida,
167.628,-0.6103339195251465,1.3650165796279907,-2.743997573852539,,comida,
167.661,-0.6103339195251465,1.3650165796279907,-2.743997573852539,,comida,
167.71,-0.6103339195251465,1.3650165796279907,-2.743997573852539,,comida,
167.729,-0.6103339195251465,1.3650165796279907,-2.743997573852539,,comida,
167.763,-0.6103339195251465,1.3650165796279907,-2.743997573852539,,comida,
167.81,-0.6103339195251465,1.3650165796279907,-2.743997573852539,,comida,
167.829,-0.6103339195251465,1.3650165796279907,-2.743997573852539,,comida,
167.861,-0.6103339195251465,1.3650165796279907,-2.743997573852539,,comida,
167.909,-0.6103339195251465,1.3650165796279907,-2.743997573852539,,comida,
167.928,-0.6103339195251465,1.3650165796279907,-2.743997573852539,,comida,
167.961,-0.6103339195251465,1.3650165796279907,-2.743997573852539,,comida,
168.01,-0.6103339195251465,1.3650165796279907,-2.743997573852539,,comida,
168.029,-0.6103339195251465,1.3650165796279907,-2.743997573852539,,comida,
168.06,-0.6103339195251465,1.3650165796279907,-2.743997573852539,,comida,
168.11,-0.6103339195251465,1.3650165796279907,-2.743997573852539,,comida,
168.128,-0.6103339195251465,1.3650165796279907,-2.743997573852539,,comida,
168.162,-0.6103339195251465,1.3650165796279907,-2.743997573852539,,comida,
168.206,-0.6103339195251465,1.3650165796279907,-2.743997573852539,,comida,
168.229,-0.6103339195251465,1.3650165796279907,-2.743997573852539,,comida,
168.263,-0.6103339195251465,1.3650165796279907,-2.743997573852539,,comida,
168.31,-0.6103339195251465,1.3650165796279907,-2.743997573852539,,comida,
168.337,-0.6103339195251465,1.3650165796279907,-2.743997573852539,,comida,
168.372,-0.6103339195251465,1.3650165796279907,-2.743997573852539,,comida,
168.422,-0.6103339195251465,1.3650165796279907,-2.743997573852539,,comida,
168.44,-0.6103339195251465,1.3650165796279907,-2.743997573852539,,comida,
168.476,-0.6103339195251465,1.3650165796279907,-2.743997573852539,,comida,
168.523,-0.6103339195251465,1.3650165796279907,-2.743997573852539,,comida,
168.543,-0.6103339195251465,1.3650165796279907,-2.743997573852539,,comida,
168.575,-0.6103339195251465,1.3650165796279907,-2.743997573852539,,comida,
168.629,-0.6103339195251465,1.3650165796279907,-2.743997573852539,,comida,
168.643,-0.6103339195251465,1.3650165796279907,-2.743997573852539,,comida,
168.677,-0.6103339195251465,1.3650165796279907,-2.743997573852539,,comida,
168.724,-0.6103339195251465,1.3650165796279907,-2.743997573852539,,comida,
168.743,-0.6103339195251465,1.3650165796279907,-2.743997573852539,,comida,
168.776,-0.6103339195251465,1.3650165796279907,-2.743997573852539,,comida,
168.825,-0.6103339195251465,1.3650165796279907,-2.743997573852539,,comida,
168.843,-0.6103339195251465,1.3650165796279907,-2.743997573852539,,comida,
168.877,-0.6103339195251465,1.3650165796279907,-2.743997573852539,,comida,
168.929,-0.6103339195251465,1.3650165796279907,-2.743997573852539,,comida,
168.947,-0.6103339195251465,1.3650165796279907,-2.743997573852539,,comida,
168.981,-0.6103339195251465,1.3650165796279907,-2.743997573852539,,comida,
169.03,-0.6103339195251465,1.3650165796279907,-2.743997573852539,,comida,
169.049,-0.6103339195251465,1.3650165796279907,-2.743997573852539,,comida,
169.083,-0.6103339195251465,1.3650165796279907,-2.743997573852539,,comida,
169.129,-0.6103339195251465,1.3650165796279907,-2.743997573852539,,comida,
169.149,-0.6103339195251465,1.3650165796279907,-2.743997573852539,,comida,
169.183,-0.6103339195251465,1.3650165796279907,-2.743997573852539,,comida,
169.234,-0.6103339195251465,1.3650165796279907,-2.743997573852539,,comida,
169.249,-0.6103339195251465,1.3650165796279907,-2.743997573852539,,comida,
169.284,-0.6103339195251465,1.3650165796279907,-2.743997573852539,,comida,
169.329,-0.6103339195251465,1.3650165796279907,-2.743997573852539,,comida,
169.348,-0.6103339195251465,1.3650165796279907,-2.743997573852539,,comida,
169.386,-0.6103339195251465,1.3650165796279907,-2.743997573852539,,comida,
169.432,-0.6103339195251465,1.3650165796279907,-2.743997573852539,,comida,
169.451,-0.6103339195251465,1.3650165796279907,-2.743997573852539,,comida,
169.486,-0.6103339195251465,1.3650165796279907,-2.743997573852539,,comida,
169.533,-0.6103339195251465,1.3650165796279907,-2.743997573852539,,comida,
169.55,-0.6103339195251465,1.3650165796279907,-2.743997573852539,,comida,
169.584,-0.6103339195251465,1.3650165796279907,-2.743997573852539,,comida,
169.631,-0.6103339195251465,1.3650165796279907,-2.743997573852539,,comida,
169.651,-0.6103339195251465,1.3650165796279907,-2.743997573852539,,comida,
169.684,-0.6103339195251465,1.3650165796279907,-2.743997573852539,,comida,
169.733,-0.6103339195251465,1.3650165796279907,-2.743997573852539,,comida,
169.753,-0.6103339195251465,1.3650165796279907,-2.743997573852539,,comida,
169.787,-0.6103339195251465,1.3650165796279907,-2.743997573852539,,comida,
169.833,-0.6103339195251465,1.3650165796279907,-2.743997573852539,,comida,
169.853,-0.6103339195251465,1.3650165796279907,-2.743997573852539,,comida,
169.885,-0.6103339195251465,1.3650165796279907,-2.743997573852539,,comida,
169.933,-0.6103339195251465,1.3650165796279907,-2.743997573852539,,comida,
169.951,-0.6103339195251465,1.3650165796279907,-2.743997573852539,,comida,
169.985,-0.6103339195251465,1.3650165796279907,-2.743997573852539,,comida,
170.033,-0.6103339195251465,1.3650165796279907,-2.743997573852539,,comida,
170.053,-0.6103339195251465,1.3650165796279907,-2.743997573852539,,comida,
170.086,-0.6103339195251465,1.3650165796279907,-2.743997573852539,,comida,
170.134,-0.6103339195251465,1.3650165796279907,-2.743997573852539,,comida,
170.152,-0.6103339195251465,1.3650165796279907,-2.743997573852539,,comida,
170.187,-0.6103339195251465,1.3650165796279907,-2.743997573852539,,comida,
170.237,-0.6103339195251465,1.3650165796279907,-2.743997573852539,,comida,
170.254,-0.6103339195251465,1.3650165796279907,-2.743997573852539,,comida,
170.287,-0.6103339195251465,1.3650165796279907,-2.743997573852539,,comida,
170.334,-0.6103339195251465,1.3650165796279907,-2.743997573852539,,comida,
170.353,-0.6103339195251465,1.3650165796279907,-2.743997573852539,,comida,
170.386,-0.6103339195251465,1.3650165796279907,-2.743997573852539,,comida,
170.434,-0.6103339195251465,1.3650165796279907,-2.743997573852539,,comida,
170.452,-0.6103339195251465,1.3650165796279907,-2.743997573852539,,comida,
170.486,-0.6103339195251465,1.3650165796279907,-2.743997573852539,,comida,
170.533,-0.6103339195251465,1.3650165796279907,-2.743997573852539,,comida,
170.552,-0.6103339195251465,1.3650165796279907,-2.743997573852539,,comida,
170.584,-0.6103339195251465,1.3650165796279907,-2.743997573852539,,comida,
170.633,-0.6103339195251465,1.3650165796279907,-2.743997573852539,,comida,
170.651,-0.6103339195251465,1.3650165796279907,-2.743997573852539,,comida,
170.685,-0.6103339195251465,1.3650165796279907,-2.743997573852539,,comida,
170.733,-0.6103339195251465,1.3650165796279907,-2.743997573852539,,comida,
170.75,-0.6103339195251465,1.3650165796279907,-2.743997573852539,,comida,
170.784,-0.6103339195251465,1.3650165796279907,-2.743997573852539,,comida,
170.832,-0.6103339195251465,1.3650165796279907,-2.743997573852539,,comida,
170.851,-0.6103339195251465,1.3650165796279907,-2.743997573852539,,comida,
170.883,-0.6103339195251465,1.3650165796279907,-2.743997573852539,,comida,
170.932,-0.6103339195251465,1.3650165796279907,-2.743997573852539,,comida,
170.951,-0.6103339195251465,1.3650165796279907,-2.743997573852539,,comida,
170.984,-0.6103339195251465,1.3650165796279907,-2.743997573852539,,comida,
171.032,-0.6103339195251465,1.3650165796279907,-2.743997573852539,,comida,
171.054,-0.6103339195251465,1.3650165796279907,-2.743997573852539,,comida,
171.088,-0.6103339195251465,1.3650165796279907,-2.743997573852539,,comida,
171.136,-0.6103339195251465,1.3650165796279907,-2.743997573852539,,comida,
171.153,-0.6103339195251465,1.3650165796279907,-2.743997573852539,,comida,
171.186,-0.6103339195251465,1.3650165796279907,-2.743997573852539,,comida,
171.234,-0.6103339195251465,1.3650165796279907,-2.743997573852539,,comida,
171.252,-0.6103339195251465,1.3650165796279907,-2.743997573852539,,comida,
171.284,-0.6103339195251465,1.3650165796279907,-2.743997573852539,,comida,
171.335,-0.6103339195251465,1.3650165796279907,-2.743997573852539,,comida,
171.352,-0.6103339195251465,1.3650165796279907,-2.743997573852539,,comida,
171.386,-0.6103339195251465,1.3650165796279907,-2.743997573852539,,comida,
171.436,-0.6103339195251465,1.3650165796279907,-2.743997573852539,,comida,
171.455,-0.6103339195251465,1.3650165796279907,-2.743997573852539,,comida,
171.489,-0.6103339195251465,1.3650165796279907,-2.743997573852539,,comida,
171.542,-0.6103339195251465,1.3650165796279907,-2.743997573852539,,comida,
171.561,-0.6103339195251465,1.3650165796279907,-2.743997573852539,,comida,
171.595,-0.6103339195251465,1.3650165796279907,-2.743997573852539,,comida,
171.644,-0.6103339195251465,1.3650165796279907,-2.743997573852539,,comida,
171.661,-0.6103339195251465,1.3650165796279907,-2.743997573852539,,comida,
171.695,-0.6103339195251465,1.3650165796279907,-2.743997573852539,,comida,
171.742,-0.6103339195251465,1.3650165796279907,-2.743997573852539,,comida,
171.765,-0.6103339195251465,1.3650165796279907,-2.743997573852539,,comida,
171.799,-0.6103339195251465,1.3650165796279907,-2.743997573852539,,comida,
171.849,-0.6103339195251465,1.3650165796279907,-2.743997573852539,,comida,
171.866,-0.6103339195251465,1.3650165796279907,-2.743997573852539,,comida,
171.901,-0.6103339195251465,1.3650165796279907,-2.743997573852539,,comida,
171.948,-0.6103339195251465,1.3650165796279907,-2.743997573852539,,comida,
171.966,-0.6103339195251465,1.3650165796279907,-2.743997573852539,,comida,
171.999,-0.6103339195251465,1.3650165796279907,-2.743997573852539,,comida,
172.047,-0.6103339195251465,1.3650165796279907,-2.743997573852539,,comida,
172.066,-0.6103339195251465,1.3650165796279907,-2.743997573852539,,comida,
172.099,-0.6103339195251465,1.3650165796279907,-2.743997573852539,,comida,
172.147,-0.6103339195251465,1.3650165796279907,-2.743997573852539,,comida,
172.166,-0.6103339195251465,1.3650165796279907,-2.743997573852539,,comida,
172.2,-0.6103339195251465,1.3650165796279907,-2.743997573852539,,comida,
172.251,-0.6103339195251465,1.3650165796279907,-2.743997573852539,,comida,
172.268,-0.6103339195251465,1.3650165796279907,-2.743997573852539,,comida,
172.303,-0.6103339195251465,1.3650165796279907,-2.743997573852539,,comida,
172.352,-0.6103339195251465,1.3650165796279907,-2.743997573852539,,comida,
172.369,-0.6103339195251465,1.3650165796279907,-2.743997573852539,,comida,
172.402,-0.6103339195251465,1.3650165796279907,-2.743997573852539,,comida,
172.451,-0.6103339195251465,1.3650165796279907,-2.743997573852539,,comida,
172.47,-0.6103339195251465,1.3650165796279907,-2.743997573852539,,comida,
172.506,-0.6103339195251465,1.3650165796279907,-2.743997573852539,,comida,
172.552,-0.6103339195251465,1.3650165796279907,-2.743997573852539,,comida,
172.572,-0.6103339195251465,1.3650165796279907,-2.743997573852539,,comida,
172.603,-0.6103339195251465,1.3650165796279907,-2.743997573852539,,comida,
172.653,-0.6103339195251465,1.3650165796279907,-2.743997573852539,,comida,
172.671,-0.6103339195251465,1.3650165796279907,-2.743997573852539,,comida,
172.703,-0.6103339195251465,1.3650165796279907,-2.743997573852539,,comida,
172.754,-0.6103339195251465,1.3650165796279907,-2.743997573852539,,comida,
172.77,-0.6103339195251465,1.3650165796279907,-2.743997573852539,,comida,
172.804,-0.6115553975105286,1.415001630783081,-2.744016647338867,,comida,
172.853,-0.6127768754959106,1.4649866819381714,-2.7440357208251953,,comida,
172.871,-0.6139983534812927,1.5149717330932617,-2.7440547943115234,,comida,
172.905,-0.6152198314666748,1.564956784248352,-2.7440738677978516,,comida,
172.952,-0.6164413094520569,1.6149418354034424,-2.7440929412841797,,comida,
172.97,-0.617662787437439,1.6649268865585327,-2.744112014770508,,comida,
173.003,-0.618884265422821,1.714911937713623,-2.744131088256836,,comida,
173.052,-0.6201057434082031,1.7648969888687134,-2.744150161743164,,comida,
173.071,-0.6213272213935852,1.8148820400238037,-2.744169235229492,,comida,
173.103,-0.6225486993789673,1.864867091178894,-2.7441883087158203,,comida,
173.152,-0.6237701773643494,1.9148521423339844,-2.7442073822021484,,comida,
173.17,-0.6249916553497314,1.9648371934890747,-2.7442264556884766,,comida,
173.205,-0.6262131333351135,2.014822244644165,-2.7442455291748047,,comida,
173.254,-0.6274346113204956,2.064807415008545,-2.744264602661133,,comida,
173.271,-0.6286560893058777,2.114792585372925,-2.744283676147461,,comida,
173.304,-0.6298775672912598,2.1647777557373047,-2.744302749633789,,comida,
173.355,-0.6310990452766418,2.2147629261016846,-2.744321823120117,,comida,
173.371,-0.6323205232620239,2.2647480964660645,-2.7443408966064453,,comida,
173.404,-0.633542001247406,2.3147332668304443,-2.7443599700927734,,comida,
173.452,-0.6347634792327881,2.364718437194824,-2.7443790435791016,,comida,
173.472,-0.6359849572181702,2.414703607559204,-2.7443981170654297,,comida,
173.506,-0.6372064352035522,2.464688777923584,-2.744417190551758,,comida,
173.563,-0.6384279131889343,2.514673948287964,-2.744436264038086,,comida,
173.582,-0.6396493911743164,2.5646591186523438,-2.744455337524414,,comida,
173.618,-0.6408708691596985,2.6146442890167236,-2.744474411010742,,comida,
173.67,-0.6408708691596985,2.6146442890167236,-2.744474411010742,,comida,
173.685,-0.6408708691596985,2.6146442890167236,-2.744474411010742,,comida,
173.72,-0.6408708691596985,2.6146442890167236,-2.744474411010742,,comida,
173.768,-0.6408708691596985,2.6146442890167236,-2.744474411010742,,comida,
173.786,-0.6408708691596985,2.6146442890167236,-2.744474411010742,,comida,
173.82,-0.6408708691596985,2.6146442890167236,-2.744474411010742,,comida,
173.867,-0.6408708691596985,2.6146442890167236,-2.744474411010742,,comida,
173.887,-0.6408708691596985,2.6146442890167236,-2.744474411010742,,comida,
173.921,-0.6408708691596985,2.6146442890167236,-2.744474411010742,,comida,
173.986,-0.6408708691596985,2.6146442890167236,-2.744474411010742,,comida,
174.004,-0.6408708691596985,2.6146442890167236,-2.744474411010742,,comida,
174.037,-0.6408708691596985,2.6146442890167236,-2.744474411010742,,comida,
174.087,-0.6408708691596985,2.6146442890167236,-2.744474411010742,,comida,
174.105,-0.6408708691596985,2.6146442890167236,-2.744474411010742,,comida,
174.139,-0.6408708691596985,2.6146442890167236,-2.744474411010742,,comida,
174.191,-0.6408708691596985,2.6146442890167236,-2.744474411010742,,comida,
174.207,-0.6408708691596985,2.6146442890167236,-2.744474411010742,,comida,
174.239,-0.6408708691596985,2.6146442890167236,-2.744474411010742,,comida,
174.287,-0.6408708691596985,2.6146442890167236,-2.744474411010742,,comida,
174.307,-0.6408708691596985,2.6146442890167236,-2.744474411010742,,comida,
174.338,-0.6408708691596985,2.6146442890167236,-2.744474411010742,,comida,
174.387,-0.6408708691596985,2.6146442890167236,-2.744474411010742,chips,comida,3
174.406,-0.6408708691596985,2.6146442890167236,-2.744474411010742,chips,comida,3
174.438,-0.6408708691596985,2.6146442890167236,-2.744474411010742,chips,comida,3
174.486,-0.6408708691596985,2.6146442890167236,-2.744474411010742,,comida,
174.504,-0.6408708691596985,2.6146442890167236,-2.744474411010742,,comida,
174.539,-0.6408708691596985,2.6146442890167236,-2.744474411010742,,comida,
174.587,-0.6408708691596985,2.6146442890167236,-2.744474411010742,chips,comida,3
174.605,-0.6408708691596985,2.6146442890167236,-2.744474411010742,chips,comida,3
174.637,-0.6408708691596985,2.6146442890167236,-2.744474411010742,chips,comida,3
174.688,-0.6408708691596985,2.6146442890167236,-2.744474411010742,chips,comida,3
174.705,-0.6408708691596985,2.6146442890167236,-2.744474411010742,chips,comida,3
174.739,-0.6408708691596985,2.6146442890167236,-2.744474411010742,chips,comida,3
174.79,-0.6408708691596985,2.6146442890167236,-2.744474411010742,chips,comida,3
174.805,-0.6408708691596985,2.6146442890167236,-2.744474411010742,chips,comida,3
174.839,-0.6408708691596985,2.6146442890167236,-2.744474411010742,chips,comida,3
174.887,-0.6408708691596985,2.6146442890167236,-2.744474411010742,chips,comida,3
174.906,-0.6408708691596985,2.6146442890167236,-2.744474411010742,chips,comida,3
174.941,-0.6408708691596985,2.6146442890167236,-2.744474411010742,chips,comida,3
174.988,-0.6408708691596985,2.6146442890167236,-2.744474411010742,chips,comida,3
175.004,-0.6408708691596985,2.6146442890167236,-2.744474411010742,chips,comida,3
175.038,-0.6408708691596985,2.6146442890167236,-2.744474411010742,chips,comida,3
175.088,-0.6408708691596985,2.6146442890167236,-2.744474411010742,chips,comida,3
175.104,-0.6408708691596985,2.6146442890167236,-2.744474411010742,chips,comida,3
175.139,-0.6408708691596985,2.6146442890167236,-2.744474411010742,chips,comida,3
175.189,-0.6408708691596985,2.6146442890167236,-2.744474411010742,chips,comida,3
175.205,-0.6408708691596985,2.6146442890167236,-2.744474411010742,chips,comida,3
175.238,-0.6408708691596985,2.6146442890167236,-2.744474411010742,chips,comida,3
175.289,-0.6408708691596985,2.6146442890167236,-2.744474411010742,chips,comida,3
175.309,-0.6408708691596985,2.6146442890167236,-2.744474411010742,chips,comida,3
175.341,-0.6408708691596985,2.6146442890167236,-2.744474411010742,chips,comida,3
175.391,-0.6408708691596985,2.6146442890167236,-2.744474411010742,chips,comida,3
175.407,-0.6408708691596985,2.6146442890167236,-2.744474411010742,chips,comida,3
175.442,-0.6408708691596985,2.6146442890167236,-2.744474411010742,chips,comida,3
175.491,-0.6408708691596985,2.6146442890167236,-2.744474411010742,chips,comida,3
175.509,-0.6408708691596985,2.6146442890167236,-2.744474411010742,chips,comida,3
175.541,-0.6408708691596985,2.6146442890167236,-2.744474411010742,chips,comida,3
175.591,-0.6408708691596985,2.6146442890167236,-2.744474411010742,,comida,
175.607,-0.6408708691596985,2.6146442890167236,-2.744474411010742,,comida,
175.641,-0.6408708691596985,2.6146442890167236,-2.744474411010742,,comida,
175.688,-0.6408708691596985,2.6146442890167236,-2.744474411010742,,comida,
175.706,-0.6408708691596985,2.6146442890167236,-2.744474411010742,,comida,
175.739,-0.6408708691596985,2.6146442890167236,-2.744474411010742,,comida,
175.788,-0.6408708691596985,2.6146442890167236,-2.744474411010742,,comida,
175.807,-0.6408708691596985,2.6146442890167236,-2.744474411010742,,comida,
175.84,-0.6408708691596985,2.6146442890167236,-2.744474411010742,,comida,
175.89,-0.6408708691596985,2.6146442890167236,-2.744474411010742,,comida,
175.908,-0.6408708691596985,2.6146442890167236,-2.744474411010742,,comida,
175.94,-0.6408708691596985,2.6146442890167236,-2.744474411010742,,comida,
175.989,-0.6408708691596985,2.6146442890167236,-2.744474411010742,,comida,
176.007,-0.6408708691596985,2.6146442890167236,-2.744474411010742,,comida,
176.041,-0.6408708691596985,2.6146442890167236,-2.744474411010742,,comida,
176.091,-0.6408708691596985,2.6146442890167236,-2.744474411010742,,comida,
176.108,-0.6408708691596985,2.6146442890167236,-2.744474411010742,,comida,
176.141,-0.6408708691596985,2.6146442890167236,-2.744474411010742,,comida,
176.191,-0.6408708691596985,2.6146442890167236,-2.744474411010742,,comida,
176.21,-0.6408708691596985,2.6146442890167236,-2.744474411010742,,comida,
176.242,-0.6408708691596985,2.6146442890167236,-2.744474411010742,,comida,
176.291,-0.6408708691596985,2.6146442890167236,-2.744474411010742,,comida,
176.309,-0.6408708691596985,2.6146442890167236,-2.744474411010742,,comida,
176.344,-0.6408708691596985,2.6146442890167236,-2.744474411010742,,comida,
176.392,-0.6408708691596985,2.6146442890167236,-2.744474411010742,,comida,
176.41,-0.6408708691596985,2.6146442890167236,-2.744474411010742,,comida,
176.444,-0.6408708691596985,2.6146442890167236,-2.744474411010742,,comida,
176.493,-0.6443948149681091,2.664461612701416,-2.74688720703125,,comida,
176.511,-0.6479187607765198,2.7142789363861084,-2.749300003051758,,comida,
176.544,-0.6514427065849304,2.764096260070801,-2.7517127990722656,,comida,
176.593,-0.6549666523933411,2.813913583755493,-2.7541255950927734,,comida,
176.613,-0.6584905982017517,2.8637309074401855,-2.7565383911132812,,comida,
176.646,-0.6620145440101624,2.913548231124878,-2.758951187133789,,comida,
176.694,-0.665538489818573,2.9633655548095703,-2.761363983154297,,comida,
176.712,-0.6690624356269836,3.0131828784942627,-2.7637767791748047,,comida,
176.746,-0.6725863814353943,3.063000202178955,-2.7661895751953125,,comida,
176.796,-0.6761103272438049,3.1128175258636475,-2.7686023712158203,,comida,
176.814,-0.6796342730522156,3.16263484954834,-2.771015167236328,,comida,
176.846,-0.6831582188606262,3.2124521732330322,-2.773427963256836,,comida,
176.895,-0.6866821646690369,3.2622694969177246,-2.7758407592773438,,comida,
176.912,-0.6902061104774475,3.312086820602417,-2.7782535552978516,,comida,
176.946,-0.6937300562858582,3.3619041442871094,-2.7806663513183594,,comida,
176.994,-0.6937300562858582,3.3619041442871094,-2.7806663513183594,,comida,
177.011,-0.6937300562858582,3.3619041442871094,-2.7806663513183594,,comida,
177.043,-0.6937300562858582,3.3619041442871094,-2.7806663513183594,,comida,
177.092,-0.6937300562858582,3.3619041442871094,-2.7806663513183594,,comida,
177.109,-0.6937300562858582,3.3619041442871094,-2.7806663513183594,,comida,
177.141,-0.6937300562858582,3.3619041442871094,-2.7806663513183594,,comida,
177.19,-0.6937300562858582,3.3619041442871094,-2.7806663513183594,,comida,
177.207,-0.6937300562858582,3.3619041442871094,-2.7806663513183594,,comida,
177.24,-0.6937300562858582,3.3619041442871094,-2.7806663513183594,,comida,
177.288,-0.6937300562858582,3.3619041442871094,-2.7806663513183594,,comida,
177.305,-0.6937300562858582,3.3619041442871094,-2.7806663513183594,,comida,
177.338,-0.6937300562858582,3.3619041442871094,-2.7806663513183594,,comida,
177.39,-0.6937300562858582,3.3619041442871094,-2.7806663513183594,,comida,
177.404,-0.6937300562858582,3.3619041442871094,-2.7806663513183594,,comida,
177.437,-0.6937300562858582,3.3619041442871094,-2.7806663513183594,,comida,
177.487,-0.6937300562858582,3.3619041442871094,-2.7806663513183594,,comida,
177.503,-0.6937300562858582,3.3619041442871094,-2.7806663513183594,,comida,
177.538,-0.6937300562858582,3.3619041442871094,-2.7806663513183594,,comida,
177.591,-0.6937300562858582,3.3619041442871094,-2.7806663513183594,chips,comida,4
177.609,-0.6937300562858582,3.3619041442871094,-2.7806663513183594,chips,comida,4
177.642,-0.6937300562858582,3.3619041442871094,-2.7806663513183594,chips,comida,4
177.69,-0.6937300562858582,3.3619041442871094,-2.7806663513183594,chips,comida,4
177.709,-0.6937300562858582,3.3619041442871094,-2.7806663513183594,chips,comida,4
177.743,-0.6937300562858582,3.3619041442871094,-2.7806663513183594,chips,comida,4
177.793,-0.6937300562858582,3.3619041442871094,-2.7806663513183594,chips,comida,4
177.808,-0.6937300562858582,3.3619041442871094,-2.7806663513183594,chips,comida,4
177.843,-0.6937300562858582,3.3619041442871094,-2.7806663513183594,chips,comida,4
177.892,-0.6937300562858582,3.3619041442871094,-2.7806663513183594,chips,comida,4
177.909,-0.6937300562858582,3.3619041442871094,-2.7806663513183594,chips,comida,4
177.942,-0.6937300562858582,3.3619041442871094,-2.7806663513183594,chips,comida,4
177.991,-0.6937300562858582,3.3619041442871094,-2.7806663513183594,chips,comida,4
178.008,-0.6937300562858582,3.3619041442871094,-2.7806663513183594,chips,comida,4
178.042,-0.6937300562858582,3.3619041442871094,-2.7806663513183594,chips,comida,4
178.092,-0.6937300562858582,3.3619041442871094,-2.7806663513183594,chips,comida,4
178.11,-0.6937300562858582,3.3619041442871094,-2.7806663513183594,chips,comida,4
178.142,-0.6937300562858582,3.3619041442871094,-2.7806663513183594,chips,comida,4
178.194,-0.6937300562858582,3.3619041442871094,-2.7806663513183594,chips,comida,4
178.208,-0.6937300562858582,3.3619041442871094,-2.7806663513183594,chips,comida,4
178.242,-0.6937300562858582,3.3619041442871094,-2.7806663513183594,chips,comida,4
178.291,-0.6937300562858582,3.3619041442871094,-2.7806663513183594,chips,comida,4
178.308,-0.6937300562858582,3.3619041442871094,-2.7806663513183594,chips,comida,4
178.343,-0.6937300562858582,3.3619041442871094,-2.7806663513183594,chips,comida,4
178.39,-0.6937300562858582,3.3619041442871094,-2.7806663513183594,chips,comida,4
178.409,-0.6937300562858582,3.3619041442871094,-2.7806663513183594,chips,comida,4
178.441,-0.6937300562858582,3.3619041442871094,-2.7806663513183594,chips,comida,4
178.491,-0.6937300562858582,3.3619041442871094,-2.7806663513183594,chips,comida,4
178.508,-0.6937300562858582,3.3619041442871094,-2.7806663513183594,chips,comida,4
178.541,-0.6937300562858582,3.3619041442871094,-2.7806663513183594,chips,comida,4
178.594,-0.6937300562858582,3.3619041442871094,-2.7806663513183594,chips,comida,4
178.61,-0.6937300562858582,3.3619041442871094,-2.7806663513183594,chips,comida,4
178.644,-0.6937300562858582,3.3619041442871094,-2.7806663513183594,chips,comida,4
178.695,-0.6937300562858582,3.3619041442871094,-2.7806663513183594,chips,comida,4
178.711,-0.6937300562858582,3.3619041442871094,-2.7806663513183594,chips,comida,4
178.745,-0.6937300562858582,3.3619041442871094,-2.7806663513183594,chips,comida,4
178.799,-0.6937300562858582,3.3619041442871094,-2.7806663513183594,chips,comida,4
178.817,-0.6937300562858582,3.3619041442871094,-2.7806663513183594,chips,comida,4
178.853,-0.6937300562858582,3.3619041442871094,-2.7806663513183594,chips,comida,4
178.901,-0.6937300562858582,3.3619041442871094,-2.7806663513183594,chips,comida,4
178.918,-0.6937300562858582,3.3619041442871094,-2.7806663513183594,chips,comida,4
178.95,-0.6937300562858582,3.3619041442871094,-2.7806663513183594,chips,comida,4
178.999,-0.6937300562858582,3.3619041442871094,-2.7806663513183594,,comida,
179.017,-0.6937300562858582,3.3619041442871094,-2.7806663513183594,,comida,
179.049,-0.6937300562858582,3.3619041442871094,-2.7806663513183594,,comida,
179.097,-0.6937300562858582,3.3619041442871094,-2.7806663513183594,,comida,
179.117,-0.6937300562858582,3.3619041442871094,-2.7806663513183594,,comida,
179.149,-0.6937300562858582,3.3619041442871094,-2.7806663513183594,,comida,
179.206,-0.6937300562858582,3.3619041442871094,-2.7806663513183594,,comida,
179.218,-0.6937300562858582,3.3619041442871094,-2.7806663513183594,,comida,
179.253,-0.6937300562858582,3.3619041442871094,-2.7806663513183594,,comida,
179.304,-0.6937300562858582,3.3619041442871094,-2.7806663513183594,,comida,
179.318,-0.6937300562858582,3.3619041442871094,-2.7806663513183594,,comida,
179.352,-0.6937300562858582,3.3619041442871094,-2.7806663513183594,,comida,
179.399,-0.6937300562858582,3.3619041442871094,-2.7806663513183594,,comida,
179.417,-0.6937300562858582,3.3619041442871094,-2.7806663513183594,,comida,
179.45,-0.6937300562858582,3.3619041442871094,-2.7806663513183594,,comida,
179.499,-0.6937300562858582,3.3619041442871094,-2.7806663513183594,,comida,
179.516,-0.6937300562858582,3.3619041442871094,-2.7806663513183594,,comida,
179.55,-0.6937300562858582,3.3619041442871094,-2.7806663513183594,,comida,
179.598,-0.6937300562858582,3.3619041442871094,-2.7806663513183594,,comida,
179.617,-0.6937300562858582,3.3619041442871094,-2.7806663513183594,,comida,
179.65,-0.6937300562858582,3.3619041442871094,-2.7806663513183594,,comida,
179.697,-0.6937300562858582,3.3619041442871094,-2.7806663513183594,,comida,
179.715,-0.6937300562858582,3.3619041442871094,-2.7806663513183594,,comida,
179.749,-0.6937300562858582,3.3619041442871094,-2.7806663513183594,,comida,
179.797,-0.6937300562858582,3.3619041442871094,-2.7806663513183594,,comida,
179.818,-0.6937300562858582,3.3619041442871094,-2.7806663513183594,,comida,
179.851,-0.6937300562858582,3.3619041442871094,-2.7806663513183594,,comida,
179.9,-0.6937300562858582,3.3619041442871094,-2.7806663513183594,,comida,
179.918,-0.6937300562858582,3.3619041442871094,-2.7806663513183594,,comida,
179.951,-0.6937300562858582,3.3619041442871094,-2.7806663513183594,,comida,
179.999,-0.6937300562858582,3.3619041442871094,-2.7806663513183594,,comida,
180.017,-0.6937300562858582,3.3619041442871094,-2.7806663513183594,,comida,
180.05,-0.6937300562858582,3.3619041442871094,-2.7806663513183594,,comida,
180.098,-0.6937300562858582,3.3619041442871094,-2.7806663513183594,,comida,
180.117,-0.6937300562858582,3.3619041442871094,-2.7806663513183594,,comida,
180.151,-0.6937300562858582,3.3619041442871094,-2.7806663513183594,,comida,
180.198,-0.6937300562858582,3.3619041442871094,-2.7806663513183594,,comida,
180.217,-0.6937300562858582,3.3619041442871094,-2.7806663513183594,,comida,
180.25,-0.6937300562858582,3.3619041442871094,-2.7806663513183594,,comida,
180.298,-0.6937300562858582,3.3619041442871094,-2.7806663513183594,,comida,
180.317,-0.6937300562858582,3.3619041442871094,-2.7806663513183594,,comida,
180.35,-0.6937300562858582,3.3619041442871094,-2.7806663513183594,,comida,
180.397,-0.6937300562858582,3.3619041442871094,-2.7806663513183594,,comida,
180.416,-0.6937300562858582,3.3619041442871094,-2.7806663513183594,,comida,
180.449,-0.6937300562858582,3.3619041442871094,-2.7806663513183594,,comida,
180.497,-0.6937300562858582,3.3619041442871094,-2.7806663513183594,,comida,
180.515,-0.6937300562858582,3.3619041442871094,-2.7806663513183594,,comida,
180.549,-0.6937300562858582,3.3619041442871094,-2.7806663513183594,,comida,
180.597,-0.6937300562858582,3.3619041442871094,-2.7806663513183594,,comida,
180.615,-0.6937300562858582,3.3619041442871094,-2.7806663513183594,,comida,
180.649,-0.6937300562858582,3.3619041442871094,-2.7806663513183594,,comida,
180.695,-0.6937300562858582,3.3619041442871094,-2.7806663513183594,,comida,
180.714,-0.6937300562858582,3.3619041442871094,-2.7806663513183594,,comida,
180.748,-0.6937300562858582,3.3619041442871094,-2.7806663513183594,,comida,
180.798,-0.6937300562858582,3.3619041442871094,-2.7806663513183594,,comida,
180.816,-0.6937300562858582,3.3619041442871094,-2.7806663513183594,,comida,
180.849,-0.6937300562858582,3.3619041442871094,-2.7806663513183594,,comida,
180.896,-0.6937300562858582,3.3619041442871094,-2.7806663513183594,,comida,
180.916,-0.6937300562858582,3.3619041442871094,-2.7806663513183594,,comida,
180.949,-0.6937300562858582,3.3619041442871094,-2.7806663513183594,,comida,
180.996,-0.6937300562858582,3.3619041442871094,-2.7806663513183594,,comida,
181.015,-0.6937300562858582,3.3619041442871094,-2.7806663513183594,,comida,
181.049,-0.6937300562858582,3.3619041442871094,-2.7806663513183594,,comida,
181.096,-0.6937300562858582,3.3619041442871094,-2.7806663513183594,,comida,
181.114,-0.6937300562858582,3.3619041442871094,-2.7806663513183594,,comida,
181.148,-0.6937300562858582,3.3619041442871094,-2.7806663513183594,,comida,
181.196,-0.6937300562858582,3.3619041442871094,-2.7806663513183594,,comida,
181.215,-0.6937300562858582,3.3619041442871094,-2.7806663513183594,,comida,
181.249,-0.644619882106781,3.3693809509277344,-2.774984121322632,,comida,
181.296,-0.5955097079277039,3.3768577575683594,-2.7693018913269043,,comida,
181.315,-0.5463995337486267,3.3843345642089844,-2.7636196613311768,,comida,
181.349,-0.49728935956954956,3.3918113708496094,-2.757937431335449,,comida,
181.396,-0.4481791853904724,3.3992881774902344,-2.7522552013397217,,comida,
181.415,-0.39906901121139526,3.4067649841308594,-2.746572971343994,,comida,
181.448,-0.3499588370323181,3.4142417907714844,-2.7408907413482666,,comida,
181.498,-0.30084866285324097,3.4217185974121094,-2.735208511352539,,comida,
181.515,-0.2517384886741638,3.4291954040527344,-2.7295262813568115,,comida,
181.549,-0.20262829959392548,3.4366722106933594,-2.723844051361084,,comida,
181.596,-0.15351811051368713,3.4441490173339844,-2.7181618213653564,,comida,
181.615,-0.10440792143344879,3.4516258239746094,-2.712479591369629,,comida,
181.648,-0.05529773607850075,3.4591026306152344,-2.7067973613739014,,comida,
181.696,-0.006187550723552704,3.4665794372558594,-2.701115131378174,,comida,
181.715,0.04292263463139534,3.4740562438964844,-2.6954329013824463,,comida,
181.749,0.09203281998634338,3.4815330505371094,-2.6897506713867188,,comida,
181.797,0.14114300906658173,3.4890098571777344,-2.684068441390991,,comida,
181.816,0.19025319814682007,3.4964866638183594,-2.6783862113952637,,comida,
181.849,0.2393633872270584,3.5039634704589844,-2.672703981399536,,comida,
181.901,0.28847357630729675,3.5114402770996094,-2.6670217514038086,,comida,
181.92,0.3375837504863739,3.5189170837402344,-2.661339521408081,,comida,
181.953,0.38669392466545105,3.5263938903808594,-2.6556572914123535,,comida,
182.0,0.4358040988445282,3.5338706970214844,-2.649975061416626,,comida,
182.019,0.48491427302360535,3.5413475036621094,-2.6442928314208984,,comida,
182.052,0.5340244770050049,3.5488243103027344,-2.638610601425171,,comida,
182.101,0.583134651184082,3.5563011169433594,-2.6329283714294434,,comida,
182.119,0.6322448253631592,3.5637779235839844,-2.627246141433716,,comida,
182.153,0.6813549995422363,3.5712547302246094,-2.6215639114379883,,comida,
182.201,0.7304651737213135,3.5787315368652344,-2.6158816814422607,,comida,
182.219,0.7795753479003906,3.5862083435058594,-2.610199451446533,,comida,
182.252,0.8286855220794678,3.5936851501464844,-2.6045172214508057,,comida,
182.314,0.8777956962585449,3.6011619567871094,-2.598834991455078,,comida,
182.326,0.9269058704376221,3.6086387634277344,-2.5931527614593506,,comida,
182.354,0.9760160446166992,3.6161155700683594,-2.587470531463623,,comida,
182.408,1.0251262187957764,3.6235923767089844,-2.5817883014678955,,comida,
182.423,1.0742363929748535,3.6310691833496094,-2.576106071472168,,comida,
182.457,1.1233465671539307,3.6385459899902344,-2.5704238414764404,,comida,
182.504,1.1724567413330078,3.6460227966308594,-2.564741611480713,,comida,
182.523,1.221566915512085,3.6534996032714844,-2.5590593814849854,,comida,
182.557,1.270677089691162,3.6609764099121094,-2.553377151489258,,comida,
182.605,1.3197872638702393,3.6684532165527344,-2.5476949214935303,,comida,
182.624,1.3688974380493164,3.6759300231933594,-2.5420126914978027,,comida,
182.657,1.4180076122283936,3.6834068298339844,-2.536330461502075,,comida,
182.708,1.4671177864074707,3.6908836364746094,-2.5306482315063477,,comida,
182.725,1.5162279605865479,3.6983604431152344,-2.52496600151062,,comida,
182.758,1.565338134765625,3.7058372497558594,-2.5192837715148926,,comida,
182.811,1.6144483089447021,3.7133140563964844,-2.513601541519165,,comida,
182.825,1.6635584831237793,3.7207908630371094,-2.5079193115234375,,comida,
182.859,1.7126686573028564,3.7282676696777344,-2.50223708152771,,comida,
182.909,1.7617788314819336,3.7357444763183594,-2.4965548515319824,,comida,
182.926,1.8108890056610107,3.7432212829589844,-2.490872621536255,,comida,
182.958,1.859999179840088,3.7506980895996094,-2.4851903915405273,,comida,
183.006,1.909109354019165,3.7581748962402344,-2.4795081615448,,comida,
183.025,1.9582195281982422,3.7656517028808594,-2.4738259315490723,,comida,
183.057,2.0073297023773193,3.7731285095214844,-2.4681437015533447,,entrada,
183.105,2.0564398765563965,3.7806053161621094,-2.462461471557617,,entrada,
183.123,2.1055500507354736,3.7880821228027344,-2.4567792415618896,,entrada,
183.156,2.154660224914551,3.7955589294433594,-2.451097011566162,,entrada,
183.205,2.203770399093628,3.8030357360839844,-2.4454147815704346,,entrada,
183.222,2.252880573272705,3.8105125427246094,-2.439732551574707,,entrada,
183.254,2.3019907474517822,3.8179893493652344,-2.4340503215789795,,entrada,
183.303,2.3019907474517822,3.8179893493652344,-2.4340503215789795,,entrada,
183.321,2.3019907474517822,3.8179893493652344,-2.4340503215789795,,entrada,
183.356,2.3019907474517822,3.8179893493652344,-2.4340503215789795,,entrada,
183.404,2.3019907474517822,3.8179893493652344,-2.4340503215789795,,entrada,
183.422,2.3019907474517822,3.8179893493652344,-2.4340503215789795,,entrada,
183.456,2.3019907474517822,3.8179893493652344,-2.4340503215789795,,entrada,
183.503,2.3019907474517822,3.8179893493652344,-2.4340503215789795,,entrada,
183.522,2.3019907474517822,3.8179893493652344,-2.4340503215789795,,entrada,
183.554,2.3019907474517822,3.8179893493652344,-2.4340503215789795,,entrada,
183.605,2.3019907474517822,3.8179893493652344,-2.4340503215789795,,entrada,
183.624,2.3019907474517822,3.8179893493652344,-2.4340503215789795,,entrada,
183.657,2.3019907474517822,3.8179893493652344,-2.4340503215789795,,entrada,
183.705,2.3019907474517822,3.8179893493652344,-2.4340503215789795,,entrada,
183.724,2.3019907474517822,3.8179893493652344,-2.4340503215789795,,entrada,
183.757,2.3019907474517822,3.8179893493652344,-2.4340503215789795,,entrada,
183.806,2.3019907474517822,3.8179893493652344,-2.4340503215789795,,entrada,
183.824,2.3019907474517822,3.8179893493652344,-2.4340503215789795,,entrada,
183.857,2.3019907474517822,3.8179893493652344,-2.4340503215789795,,entrada,
183.905,2.3019907474517822,3.8179893493652344,-2.4340503215789795,,entrada,
183.923,2.3019907474517822,3.8179893493652344,-2.4340503215789795,,entrada,
183.956,2.3019907474517822,3.8179893493652344,-2.4340503215789795,,entrada,
184.004,2.3019907474517822,3.8179893493652344,-2.4340503215789795,,entrada,
184.022,2.3019907474517822,3.8179893493652344,-2.4340503215789795,,entrada,
184.055,2.3019907474517822,3.8179893493652344,-2.4340503215789795,,entrada,
184.104,2.3019907474517822,3.8179893493652344,-2.4340503215789795,,entrada,
184.122,2.3019907474517822,3.8179893493652344,-2.4340503215789795,,entrada,
184.156,2.3019907474517822,3.8179893493652344,-2.4340503215789795,,entrada,
184.208,2.3019907474517822,3.8179893493652344,-2.4340503215789795,,entrada,
184.227,2.3019907474517822,3.8179893493652344,-2.4340503215789795,,entrada,
184.261,2.3019907474517822,3.8179893493652344,-2.4340503215789795,,entrada,
184.309,2.309417963027954,3.7685515880584717,-2.4331910610198975,,entrada,
184.329,2.316845178604126,3.719113826751709,-2.4323318004608154,,entrada,
184.362,2.324272394180298,3.6696760654449463,-2.4314725399017334,,entrada,
184.411,2.3316996097564697,3.6202383041381836,-2.4306132793426514,,entrada,
184.43,2.3391268253326416,3.570800542831421,-2.4297540187835693,,entrada,
184.465,2.3465540409088135,3.521362781524658,-2.4288947582244873,,entrada,
184.516,2.3539812564849854,3.4719250202178955,-2.4280354976654053,,entrada,
184.535,2.3614084720611572,3.422487258911133,-2.4271762371063232,,entrada,
184.569,2.368835687637329,3.37304949760437,-2.426316976547241,,entrada,
184.618,2.376262903213501,3.3236117362976074,-2.425457715988159,,entrada,
184.636,2.383690118789673,3.2741739749908447,-2.424598455429077,,entrada,
184.669,2.3911173343658447,3.224736213684082,-2.423739194869995,,entrada,
184.717,2.3985445499420166,3.1752984523773193,-2.422879934310913,,entrada,
184.735,2.4059717655181885,3.1258606910705566,-2.422020673751831,,entrada,
184.77,2.4133989810943604,3.076422929763794,-2.421161413192749,,entrada,
184.819,2.4208261966705322,3.0269851684570312,-2.420302152633667,,entrada,
184.838,2.428253412246704,2.9775474071502686,-2.419442892074585,,entrada,
184.873,2.435680627822876,2.928109645843506,-2.418583631515503,,entrada,
184.923,2.443107843399048,2.878671884536743,-2.417724370956421,,entrada,
184.941,2.4505350589752197,2.8292341232299805,-2.416865110397339,,entrada,
184.976,2.4579622745513916,2.7797963619232178,-2.416005849838257,,entrada,
185.028,2.4653894901275635,2.730358600616455,-2.415146589279175,,entrada,
185.046,2.4728167057037354,2.6809208393096924,-2.4142873287200928,,entrada,
185.08,2.4802439212799072,2.6314830780029297,-2.4134280681610107,,entrada,
185.128,2.487671136856079,2.582045316696167,-2.4125688076019287,,entrada,
185.147,2.495098352432251,2.5326075553894043,-2.4117095470428467,,entrada,
185.183,2.502525568008423,2.4831697940826416,-2.4108502864837646,,entrada,
185.231,2.5099527835845947,2.433732032775879,-2.4099910259246826,,entrada,
185.251,2.5173799991607666,2.384294271469116,-2.4091317653656006,,entrada,
185.284,2.5248072147369385,2.3348565101623535,-2.4082725048065186,,entrada,
185.333,2.5322344303131104,2.285418748855591,-2.4074132442474365,,entrada,
185.352,2.5396616458892822,2.235980987548828,-2.4065539836883545,,entrada,
185.385,2.547088861465454,2.1865432262420654,-2.4056947231292725,,entrada,
185.438,2.554516077041626,2.1371054649353027,-2.4048354625701904,,entrada,
185.454,2.561943292617798,2.08766770362854,-2.4039762020111084,,entrada,
185.488,2.5693705081939697,2.0382299423217773,-2.4031169414520264,,entrada,
185.537,2.5767977237701416,1.9887921810150146,-2.4022576808929443,,entrada,
185.556,2.5842249393463135,1.939354419708252,-2.4013984203338623,,entrada,
185.591,2.5916521549224854,1.8899166584014893,-2.4005391597747803,,entrada,
185.639,2.5990793704986572,1.8404788970947266,-2.3996798992156982,,entrada,
185.659,2.5990793704986572,1.8404788970947266,-2.3996798992156982,,entrada,
185.693,2.5990793704986572,1.8404788970947266,-2.3996798992156982,,entrada,
185.746,2.5990793704986572,1.8404788970947266,-2.3996798992156982,,entrada,
185.763,2.5990793704986572,1.8404788970947266,-2.3996798992156982,,entrada,
185.797,2.5990793704986572,1.8404788970947266,-2.3996798992156982,,entrada,
185.846,2.5990793704986572,1.8404788970947266,-2.3996798992156982,,entrada,
185.866,2.5990793704986572,1.8404788970947266,-2.3996798992156982,,entrada,
185.9,2.6048262119293213,1.8404788970947266,-2.4493484497070312,,entrada,
185.947,2.6105730533599854,1.8404788970947266,-2.4990170001983643,,entrada,
185.967,2.6163198947906494,1.8404788970947266,-2.5486855506896973,,entrada,
186.001,2.6220667362213135,1.8404788970947266,-2.5983541011810303,,entrada,
186.051,2.6278135776519775,1.8404788970947266,-2.6480226516723633,,entrada,
186.072,2.6335604190826416,1.8404788970947266,-2.6976912021636963,,entrada,
186.106,2.6393072605133057,1.8404788970947266,-2.7473597526550293,,entrada,
186.154,2.6450541019439697,1.8404788970947266,-2.7970283031463623,,entrada,
186.175,2.650800943374634,1.8404788970947266,-2.8466968536376953,,entrada,
186.209,2.656547784805298,1.8404788970947266,-2.8963654041290283,,entrada,
186.258,2.662294626235962,1.8404788970947266,-2.9460339546203613,,entrada,
186.279,2.668041467666626,1.8404788970947266,-2.9957025051116943,,entrada,
186.313,2.67378830909729,1.8404788970947266,-3.0453710556030273,,entrada,
186.359,2.679535150527954,1.8404788970947266,-3.0950396060943604,,entrada,
186.38,2.685281991958618,1.8404788970947266,-3.1447081565856934,,entrada,
186.415,2.6910288333892822,1.8404788970947266,-3.1943767070770264,,entrada,
186.46,2.6967756748199463,1.8404788970947266,-3.2440452575683594,,entrada,
186.484,2.7025225162506104,1.8404788970947266,-3.2937138080596924,,entrada,
186.518,2.7082693576812744,1.8404788970947266,-3.3433823585510254,,entrada,
186.564,2.7140161991119385,1.8404788970947266,-3.3930509090423584,,entrada,
186.585,2.7197630405426025,1.8404788970947266,-3.4427194595336914,,entrada,
186.618,2.7255098819732666,1.8404788970947266,-3.4923880100250244,,entrada,
186.661,2.7312567234039307,1.8404788970947266,-3.5420565605163574,,entrada,
186.684,2.7370035648345947,1.8404788970947266,-3.5917251110076904,,entrada,
186.717,2.742750406265259,1.8404788970947266,-3.6413936614990234,,entrada,
186.767,2.748497247695923,1.8404788970947266,-3.6910622119903564,,entrada,
186.788,2.754244089126587,1.8404788970947266,-3.7407307624816895,,entrada,
186.823,2.759990930557251,1.8404788970947266,-3.7903993129730225,,entrada,
186.868,2.765737771987915,1.8404788970947266,-3.8400678634643555,,entrada,
186.89,2.771484613418579,1.8404788970947266,-3.8897364139556885,,entrada,
186.923,2.777231454849243,1.8404788970947266,-3.9394049644470215,,entrada,
186.966,2.7829782962799072,1.8404788970947266,-3.9890735149383545,,entrada,
186.989,2.7887251377105713,1.8404788970947266,-4.0387420654296875,,entrada,
187.022,2.7944719791412354,1.8404788970947266,-4.0884108543396,,entrada,
187.068,2.8002188205718994,1.8404788970947266,-4.138079643249512,,entrada,
187.091,2.8059656620025635,1.8404788970947266,-4.187748432159424,,entrada,
187.122,2.8117125034332275,1.8404788970947266,-4.237417221069336,,entrada,
187.167,2.8174593448638916,1.8404788970947266,-4.287086009979248,,entrada,
187.188,2.8232061862945557,1.8404788970947266,-4.33675479888916,,entrada,
187.222,2.8289530277252197,1.8404788970947266,-4.386423587799072,,entrada,
187.264,2.834699869155884,1.8404788970947266,-4.436092376708984,,entrada,
187.289,2.840446710586548,1.8404788970947266,-4.4857611656188965,,entrada,
187.321,2.846193552017212,1.8404788970947266,-4.535429954528809,,entrada,
187.368,2.851940393447876,1.8404788970947266,-4.585098743438721,,entrada,
187.388,2.85768723487854,1.8404788970947266,-4.634767532348633,,entrada,
187.421,2.863434076309204,1.8404788970947266,-4.684436321258545,,entrada,
187.464,2.869180917739868,1.8404788970947266,-4.734105110168457,,entrada,
187.486,2.8749277591705322,1.8404788970947266,-4.783773899078369,,entrada,
187.519,2.8806746006011963,1.8404788970947266,-4.833442687988281,,entrada,
187.563,2.8864214420318604,1.8404788970947266,-4.883111476898193,,entrada,
187.585,2.8921682834625244,1.8404788970947266,-4.9327802658081055,,entrada,
187.619,2.8979151248931885,1.8404788970947266,-4.982449054718018,,entrada,
187.663,2.9036619663238525,1.8404788970947266,-5.03211784362793,,entrada,
187.685,2.9094088077545166,1.8404788970947266,-5.081786632537842,,entrada,
187.717,2.9151556491851807,1.8404788970947266,-5.131455421447754,,entrada,
187.766,2.9209024906158447,1.8404788970947266,-5.181124210357666,,entrada,
187.785,2.926649332046509,1.8404788970947266,-5.230792999267578,,entrada,
187.819,2.932396173477173,1.8404788970947266,-5.28046178817749,,entrada,
187.87,2.938143014907837,1.8404788970947266,-5.330130577087402,,entrada,
187.893,2.943889856338501,1.8404788970947266,-5.3797993659973145,,entrada,
187.93,2.949636697769165,1.8404788970947266,-5.429468154907227,,entrada,
187.977,2.955383539199829,1.8404788970947266,-5.479136943817139,,entrada,
188.0,2.961130380630493,1.8404788970947266,-5.528805732727051,,entrada,
188.036,2.9668772220611572,1.8404788970947266,-5.578474521636963,,entrada,
188.081,2.9726240634918213,1.8404788970947266,-5.628143310546875,,entrada,
188.102,2.9783709049224854,1.8404788970947266,-5.677812099456787,,entrada,
188.137,2.9841177463531494,1.8404788970947266,-5.727480888366699,,entrada,
188.184,2.9898645877838135,1.8404788970947266,-5.777149677276611,,entrada,
188.209,2.9956114292144775,1.8404788970947266,-5.826818466186523,,entrada,
188.245,3.0013582706451416,1.8404788970947266,-5.8764872550964355,,entrada,
188.293,3.0071051120758057,1.8404788970947266,-5.926156044006348,,entrada,
188.317,3.0128519535064697,1.8404788970947266,-5.97582483291626,,entrada,
188.353,3.018598794937134,1.8404788970947266,-6.025493621826172,,entrada,
188.401,3.024345636367798,1.8404788970947266,-6.075162410736084,,entrada,
188.422,3.030092477798462,1.8404788970947266,-6.124831199645996,,entrada,
188.457,3.035839319229126,1.8404788970947266,-6.174499988555908,,entrada,
188.504,3.04158616065979,1.8404788970947266,-6.22416877746582,,entrada,
188.526,3.047333002090454,1.8404788970947266,-6.273837566375732,,entrada,
188.558,3.053079843521118,1.8404788970947266,-6.3235063552856445,,entrada,
188.603,3.0588266849517822,1.8404788970947266,-6.373175144195557,,entrada,
188.628,3.0645735263824463,1.8404788970947266,-6.422843933105469,,entrada,
188.663,3.0645735263824463,1.8404788970947266,-6.422843933105469,,entrada,
188.706,3.0645735263824463,1.8404788970947266,-6.422843933105469,,entrada,
188.729,3.0645735263824463,1.8404788970947266,-6.422843933105469,,entrada,
188.763,3.0645735263824463,1.8404788970947266,-6.422843933105469,,entrada,
188.808,3.0645735263824463,1.8404788970947266,-6.422843933105469,,entrada,
188.83,3.0645735263824463,1.8404788970947266,-6.422843933105469,,entrada,
188.863,3.0645735263824463,1.8404788970947266,-6.422843933105469,,entrada,
188.91,3.0645735263824463,1.8404788970947266,-6.422843933105469,,entrada,
188.93,3.0645735263824463,1.8404788970947266,-6.422843933105469,,entrada,
188.962,3.0645735263824463,1.8404788970947266,-6.422843933105469,,entrada,
189.009,3.0645735263824463,1.8404788970947266,-6.422843933105469,,entrada,
189.029,3.0645735263824463,1.8404788970947266,-6.422843933105469,,entrada,
189.062,3.0645735263824463,1.8404788970947266,-6.422843933105469,,entrada,
189.107,3.0645735263824463,1.8404788970947266,-6.422843933105469,,entrada,
189.132,3.0645735263824463,1.8404788970947266,-6.422843933105469,,entrada,
189.165,3.0153143405914307,1.8328295946121216,-6.418967247009277,,entrada,
189.208,2.966055154800415,1.8251802921295166,-6.415090560913086,,entrada,
189.232,2.9167959690093994,1.8175309896469116,-6.4112138748168945,,entrada,
189.265,2.867536783218384,1.8098816871643066,-6.407337188720703,,entrada,
189.309,2.818277597427368,1.8022323846817017,-6.403460502624512,,entrada,
189.332,2.7690184116363525,1.7945830821990967,-6.39958381652832,,entrada,
189.364,2.719759225845337,1.7869337797164917,-6.395707130432129,,entrada,
189.409,2.6705000400543213,1.7792844772338867,-6.3918304443359375,,entrada,
189.43,2.6212408542633057,1.7716351747512817,-6.387953758239746,,entrada,
189.463,2.57198166847229,1.7639858722686768,-6.384077072143555,,entrada,
189.505,2.5227224826812744,1.7563365697860718,-6.380200386047363,,entrada,
189.529,2.473463296890259,1.7486872673034668,-6.376323699951172,,entrada,
189.562,2.424204111099243,1.7410379648208618,-6.3724470138549805,,entrada,
189.608,2.3749449253082275,1.7333886623382568,-6.368570327758789,,entrada,
189.631,2.325685739517212,1.7257393598556519,-6.364693641662598,,entrada,
189.666,2.276499032974243,1.7180038690567017,-6.360130786895752,,entrada,
189.709,2.227362632751465,1.7102683782577515,-6.355052947998047,,entrada,
189.731,2.178312063217163,1.7025328874588013,-6.349204063415527,,entrada,
189.765,2.129350185394287,1.6947112083435059,-6.3427581787109375,,entrada,
189.807,2.080458402633667,1.6868895292282104,-6.335799694061279,,entrada,
189.832,2.0316038131713867,1.679067850112915,-6.328585624694824,,entrada,
189.863,1.9827618598937988,1.6712461709976196,-6.321286201477051,,comida,
189.909,1.933919906616211,1.6634244918823242,-6.313986778259277,,comida,
189.931,1.885077953338623,1.6556028127670288,-6.306687355041504,,comida,
189.965,1.8362360000610352,1.6477811336517334,-6.2993879318237305,,comida,
190.012,1.787447214126587,1.6412547826766968,-6.290609359741211,,comida,
190.031,1.7388007640838623,1.6355946063995361,-6.2805352210998535,,comida,
190.065,1.6902066469192505,1.6302814483642578,-6.270028591156006,,comida,
190.109,1.6416125297546387,1.6249682903289795,-6.259521961212158,,comida,
190.132,1.5930368900299072,1.6196551322937012,-6.248930931091309,,comida,
190.165,1.5444612503051758,1.6143419742584229,-6.238339900970459,,comida,
190.209,1.4958856105804443,1.6090288162231445,-6.227748870849609,,comida,
190.231,1.447309970855713,1.6037156581878662,-6.21715784072876,,comida,
190.265,1.3987343311309814,1.598402500152588,-6.20656681060791,,comida,
190.309,1.35015869140625,1.5930893421173096,-6.1959757804870605,,comida,
190.331,1.3015830516815186,1.5877761840820312,-6.185384750366211,,comida,
190.364,1.253007411956787,1.582463026046753,-6.174793720245361,,comida,
190.411,1.2044317722320557,1.5771498680114746,-6.164202690124512,,comida,
190.431,1.1558561325073242,1.5718367099761963,-6.153611660003662,,comida,
190.464,1.1072804927825928,1.566523551940918,-6.1430206298828125,,comida,
190.51,1.0587048530578613,1.5612103939056396,-6.132429599761963,,comida,
190.532,1.0101292133331299,1.5558972358703613,-6.121838569641113,,comida,
190.565,0.9615535140037537,1.550584077835083,-6.111247539520264,,comida,
190.61,0.9129778146743774,1.5452709197998047,-6.100656509399414,,comida,
190.631,0.8644021153450012,1.5399577617645264,-6.0900654792785645,,comida,
190.664,0.815826416015625,1.534644603729248,-6.079474449157715,,comida,
190.709,0.7672507166862488,1.5293314456939697,-6.068883419036865,,comida,
190.731,0.7186750173568726,1.5240182876586914,-6.058292388916016,,comida,
190.764,0.6700993180274963,1.518705129623413,-6.047701358795166,,comida,
190.81,0.6215236186981201,1.5133919715881348,-6.037110328674316,,comida,
190.832,0.5729479193687439,1.5080788135528564,-6.026519298553467,,comida,
190.866,0.5243722200393677,1.5027656555175781,-6.015928268432617,,comida,
190.911,0.4757358133792877,1.4984948635101318,-6.005146026611328,,comida,
190.934,0.4270051419734955,1.4968371391296387,-5.994074821472168,,comida,
190.967,0.37828782200813293,1.4971861839294434,-5.982827663421631,,comida,
191.011,0.3295729458332062,1.4977970123291016,-5.971580982208252,,comida,
191.032,0.2808580696582794,1.4984078407287598,-5.960334300994873,,comida,
191.065,0.23214319348335266,1.499018669128418,-5.949087619781494,,comida,
191.112,0.18344803154468536,1.4996294975280762,-5.937756061553955,,comida,
191.132,0.13475286960601807,1.5002403259277344,-5.926424503326416,,comida,
191.166,0.08607755601406097,1.5008511543273926,-5.915007591247559,,comida,
191.211,0.03740224242210388,1.5014619827270508,-5.903590679168701,,comida,
191.232,-0.01127307116985321,1.502072811126709,-5.892173767089844,,comida,
191.266,-0.0599483847618103,1.5026836395263672,-5.880756855010986,,comida,
191.311,-0.1086236983537674,1.5032944679260254,-5.869339942932129,,comida,
191.332,-0.1572990119457245,1.5039052963256836,-5.8579230308532715,,comida,
191.365,-0.20597432553768158,1.5045161247253418,-5.846506118774414,,comida,
191.411,-0.25464963912963867,1.505126953125,-5.835089206695557,,comida,
191.434,-0.30334481596946716,1.5057377815246582,-5.823757648468018,,comida,
191.467,-0.35222920775413513,1.5064358711242676,-5.813277721405029,,comida,
191.512,-0.4013859033584595,1.5072212219238281,-5.8041672706604,,comida,
191.531,-0.45074906945228577,1.5080938339233398,-5.796260356903076,,comida,
191.567,-0.5002411603927612,1.5090537071228027,-5.7892165184021,,comida,
191.613,-0.5498785376548767,1.5101008415222168,-5.783297538757324,,comida,
191.633,-0.5996027588844299,1.5111479759216309,-5.778159141540527,,comida,
191.668,-0.6494289040565491,1.512282371520996,-5.774150371551514,,comida,
191.715,-0.699321448802948,1.5136784315109253,-5.771186351776123,,comida,
191.734,-0.7492555975914001,1.5151617527008057,-5.7690935134887695,,comida,
191.767,-0.7991999983787537,1.516645073890686,-5.767261981964111,,comida,
191.813,-0.849158525466919,1.5181283950805664,-5.765866279602051,,comida,
191.832,-0.8991193771362305,1.5196117162704468,-5.764557838439941,,comida,
191.865,-0.949080228805542,1.5210950374603271,-5.763249397277832,,comida,
191.912,-0.9990410804748535,1.5225783586502075,-5.761940956115723,,comida,
191.933,-1.0490041971206665,1.524061679840088,-5.7607197761535645,,comida,
191.965,-1.0989673137664795,1.5255450010299683,-5.759498596191406,,comida,
192.01,-1.1489304304122925,1.5270283222198486,-5.758277416229248,,comida,
192.031,-1.1988935470581055,1.528511643409729,-5.75705623626709,,comida,
192.064,-1.2488566637039185,1.5299949645996094,-5.755835056304932,,comida,
192.11,-1.2988197803497314,1.5314782857894897,-5.754613876342773,,comida,
192.131,-1.3487828969955444,1.5329616069793701,-5.753392696380615,,comida,
192.164,-1.3987460136413574,1.5344449281692505,-5.752171516418457,,comida,
192.211,-1.4487091302871704,1.5359282493591309,-5.750950336456299,,comida,
192.232,-1.4986722469329834,1.5374115705490112,-5.749729156494141,,comida,
192.265,-1.5486353635787964,1.5388948917388916,-5.748507976531982,,comida,
192.31,-1.5985984802246094,1.540378212928772,-5.747286796569824,,comida,
192.332,-1.6485615968704224,1.5418615341186523,-5.746065616607666,,comida,
192.365,-1.6985247135162354,1.5433448553085327,-5.744844436645508,,comida,
192.411,-1.7484878301620483,1.544828176498413,-5.74362325668335,,comida,
192.431,-1.7984509468078613,1.5463114976882935,-5.742402076721191,,comida,
192.465,-1.8484140634536743,1.5477948188781738,-5.741180896759033,,comida,
192.512,-1.8983771800994873,1.5492781400680542,-5.739959716796875,,comida,
192.531,-1.9483402967453003,1.5507614612579346,-5.738738536834717,,comida,
192.565,-1.9983034133911133,1.552244782447815,-5.737517356872559,,comida,
192.612,-2.0482664108276367,1.5537281036376953,-5.7362961769104,,comida,
192.632,-2.09822940826416,1.5552114248275757,-5.735074996948242,,comida,
192.665,-2.1481924057006836,1.556694746017456,-5.733853816986084,,comida,
192.712,-2.198155403137207,1.5581780672073364,-5.732632637023926,,comida,
192.731,-2.2481184005737305,1.5596613883972168,-5.731411457061768,,comida,
192.765,-2.298081398010254,1.5611447095870972,-5.730190277099609,,comida,
192.812,-2.3480443954467773,1.5626280307769775,-5.728969097137451,,comida,
192.831,-2.398007392883301,1.564111351966858,-5.727747917175293,,comida,
192.864,-2.447970390319824,1.5655946731567383,-5.726526737213135,,comida,
192.912,-2.4979333877563477,1.5670779943466187,-5.725305557250977,,comida,
192.931,-2.547896385192871,1.568561315536499,-5.724084377288818,,comida,
192.964,-2.5978593826293945,1.5700446367263794,-5.72286319732666,,comida,
193.01,-2.647822380065918,1.5715279579162598,-5.721642017364502,,comida,
193.031,-2.6977853775024414,1.5730112791061401,-5.720420837402344,,comida,
193.064,-2.747748374938965,1.5744946002960205,-5.7191996574401855,,comida,
193.109,-2.7977113723754883,1.5759779214859009,-5.717978477478027,,comida,
193.13,-2.8476743698120117,1.5774612426757812,-5.716757297515869,,comida,
193.162,-2.897637367248535,1.5789445638656616,-5.715536117553711,,comida,
193.209,-2.9476003646850586,1.580427885055542,-5.714314937591553,,comida,
193.228,-2.997563362121582,1.5819112062454224,-5.7130937576293945,,comida,
193.261,-3.0475263595581055,1.5833945274353027,-5.711872577667236,,comida,
193.308,-3.097489356994629,1.584877848625183,-5.710651397705078,,comida,
193.327,-3.1474523544311523,1.5863611698150635,-5.70943021774292,,comida,
193.36,-3.197415351867676,1.5878444910049438,-5.708209037780762,,comida,
193.407,-3.247378349304199,1.5893278121948242,-5.7069878578186035,,comida,
193.427,-3.2973413467407227,1.5908111333847046,-5.705766677856445,,comida,
193.461,-3.347304344177246,1.592294454574585,-5.704545497894287,,comida,
193.508,-3.3972673416137695,1.5937777757644653,-5.703324317932129,,comida,
193.527,-3.447230339050293,1.5952610969543457,-5.702103137969971,,comida,
193.561,-3.4971933364868164,1.596744418144226,-5.7008819580078125,,comida,
193.607,-3.54715633392334,1.5982277393341064,-5.699660778045654,,comida,
193.627,-3.5971193313598633,1.5997110605239868,-5.698439598083496,,comida,
193.663,-3.6470823287963867,1.6011943817138672,-5.697218418121338,,comida,
193.709,-3.69704532623291,1.6026777029037476,-5.69599723815918,,comida,
193.729,-3.7470083236694336,1.604161024093628,-5.6947760581970215,,comida,
193.762,-3.796971321105957,1.6056443452835083,-5.693554878234863,,comida,
193.809,-3.8469343185424805,1.6071276664733887,-5.692333698272705,,comida,
193.829,-3.896897315979004,1.608610987663269,-5.691112518310547,,comida,
193.862,-3.9468603134155273,1.6100943088531494,-5.689891338348389,,comida,
193.91,-3.996823310852051,1.6115776300430298,-5.6886701583862305,,comida,
193.931,-4.046786308288574,1.6130609512329102,-5.687448978424072,,comida,
193.965,-4.096749305725098,1.6145442724227905,-5.686227798461914,,comida,
194.013,-4.146712303161621,1.616027593612671,-5.685006618499756,,comida,
194.031,-4.1966753005981445,1.6175109148025513,-5.683785438537598,,comida,
194.064,-4.246638298034668,1.6189942359924316,-5.6825642585754395,,comida,
194.11,-4.296601295471191,1.620477557182312,-5.681343078613281,,comida,
194.13,-4.346564292907715,1.6219608783721924,-5.680121898651123,,comida,
194.162,-4.396527290344238,1.6234441995620728,-5.678900718688965,,comida,
194.209,-4.446490287780762,1.6249275207519531,-5.677679538726807,,comida,
194.229,-4.496453285217285,1.6264108419418335,-5.676458358764648,,comida,
194.262,-4.546416282653809,1.6278941631317139,-5.67523717880249,,comida,
194.31,-4.596379280090332,1.6293774843215942,-5.674015998840332,,comida,
194.329,-4.6463422775268555,1.6308608055114746,-5.672794818878174,,comida,
194.361,-4.696305274963379,1.632344126701355,-5.671573638916016,,comida,
194.407,-4.746268272399902,1.6338274478912354,-5.670352458953857,,comida,
194.427,-4.796231269836426,1.6353107690811157,-5.669131278991699,,comida,
194.46,-4.846194267272949,1.636794090270996,-5.667910099029541,,comida,
194.507,-4.896157264709473,1.6382774114608765,-5.666688919067383,,comida,
194.526,-4.946120262145996,1.6397607326507568,-5.665467739105225,,comida,
194.56,-4.9960832595825195,1.6412440538406372,-5.664246559143066,,comida,
194.606,-5.046046257019043,1.6427273750305176,-5.663025379180908,,comida,
194.625,-5.096009254455566,1.644210696220398,-5.66180419921875,,comida,
194.659,-5.14597225189209,1.6456940174102783,-5.660583019256592,,comida,
194.706,-5.195935249328613,1.6471773386001587,-5.659361839294434,,comida,
194.725,-5.245898246765137,1.648660659790039,-5.658140659332275,,comida,
194.759,-5.29586124420166,1.6501439809799194,-5.656919479370117,,comida,
194.804,-5.345824241638184,1.6516273021697998,-5.655698299407959,,comida,
194.825,-5.395787239074707,1.6531106233596802,-5.654477119445801,,comida,
194.857,-5.4457502365112305,1.6545939445495605,-5.653255939483643,,comida,
194.903,-5.495713233947754,1.656077265739441,-5.652034759521484,,comida,
194.924,-5.545676231384277,1.6575605869293213,-5.650813579559326,,comida,
194.957,-5.595639228820801,1.6590439081192017,-5.649592399597168,,comida,
195.003,-5.645602226257324,1.660527229309082,-5.64837121963501,,comida,
195.023,-5.695565223693848,1.6620105504989624,-5.647150039672852,,comida,
195.056,-5.745528221130371,1.6634938716888428,-5.645928859710693,,comida,
195.103,-5.7954912185668945,1.6649771928787231,-5.644707679748535,,comida,
195.122,-5.845454216003418,1.6664605140686035,-5.643486499786377,,comida,
195.155,-5.895417213439941,1.6679438352584839,-5.642265319824219,,comida,
195.203,-5.945380210876465,1.6694271564483643,-5.6410441398620605,,comida,
195.222,-5.995343208312988,1.6709104776382446,-5.639822959899902,,comida,
195.255,-6.045306205749512,1.672393798828125,-5.638601779937744,,comida,
195.302,-6.095269203186035,1.6738771200180054,-5.637380599975586,,comida,
195.322,-6.145232200622559,1.6753604412078857,-5.636159420013428,,comida,
195.354,-6.195195198059082,1.6768437623977661,-5.6349382400512695,,comida,
195.4,-6.2451581954956055,1.6783270835876465,-5.633717060089111,,comida,
195.42,-6.295121192932129,1.6798104047775269,-5.632495880126953,,comida,
195.453,-6.345084190368652,1.6812937259674072,-5.631274700164795,,comida,
195.5,-6.395047187805176,1.6827770471572876,-5.630053520202637,,comida,
195.52,-6.445010185241699,1.684260368347168,-5.6288323402404785,,comida,
195.552,-6.494973182678223,1.6857436895370483,-5.62761116027832,,comida,
195.6,-6.544936180114746,1.6872270107269287,-5.626389980316162,,comida,
195.619,-6.5948991775512695,1.688710331916809,-5.625168800354004,,comida,
195.652,-6.644862174987793,1.6901936531066895,-5.623947620391846,,comida,
195.7,-6.694825172424316,1.6916769742965698,-5.6227264404296875,,comida,
195.719,-6.74478816986084,1.6931602954864502,-5.621505260467529,,comida,
195.752,-6.794751167297363,1.6946436166763306,-5.620284080505371,,comida,
195.799,-6.844714164733887,1.696126937866211,-5.619062900543213,,comida,
195.819,-6.89467716217041,1.6976102590560913,-5.617841720581055,,comida,
195.852,-6.944640159606934,1.6990935802459717,-5.6166205406188965,,comida,
195.898,-6.994603157043457,1.700576901435852,-5.615399360656738,,comida,
195.918,-7.0445661544799805,1.7020602226257324,-5.61417818069458,,comida,
195.951,-7.094529151916504,1.7035435438156128,-5.612957000732422,,comida,
195.998,-7.144492149353027,1.7050268650054932,-5.611735820770264,,comida,
196.018,-7.194455146789551,1.7065101861953735,-5.6105146408081055,,comida,
196.052,-7.244418144226074,1.707993507385254,-5.609293460845947,,comida,
196.098,-7.294381141662598,1.7094768285751343,-5.608072280883789,,comida,
196.118,-7.344344139099121,1.7109601497650146,-5.606851100921631,,comida,
196.151,-7.3943071365356445,1.712443470954895,-5.605629920959473,,comida,
196.198,-7.444270133972168,1.7139267921447754,-5.6044087409973145,,comida,
196.218,-7.494233131408691,1.7154101133346558,-5.603187561035156,,comida,
196.251,-7.544196128845215,1.7168934345245361,-5.601966381072998,,comida,
196.298,-7.594159126281738,1.7183767557144165,-5.60074520111084,,comida,
196.318,-7.644122123718262,1.7198600769042969,-5.599524021148682,,comida,
196.352,-7.694085121154785,1.7213433980941772,-5.598302841186523,,comida,
196.397,-7.744048118591309,1.7228267192840576,-5.597081661224365,,comida,
196.416,-7.794011116027832,1.724310040473938,-5.595860481262207,,comida,
196.45,-7.8439741134643555,1.7257933616638184,-5.594639301300049,,comida,
196.497,-7.893937110900879,1.7272766828536987,-5.593418121337891,,comida,
196.516,-7.943900108337402,1.728760004043579,-5.592196941375732,,comida,
196.548,-7.993863105773926,1.7302433252334595,-5.590975761413574,,comida,
196.596,-8.04382610321045,1.7317266464233398,-5.589754581451416,,otros,
196.615,-8.093789100646973,1.7332099676132202,-5.588533401489258,,otros,
196.648,-8.143752098083496,1.7346932888031006,-5.5873122215271,,otros,
196.695,-8.19371509552002,1.736176609992981,-5.586091041564941,,otros,
196.716,-8.243678092956543,1.7376599311828613,-5.584869861602783,,otros,
196.752,-8.293641090393066,1.7391432523727417,-5.583648681640625,,otros,
196.799,-8.293641090393066,1.7391432523727417,-5.583648681640625,,otros,
196.821,-8.293641090393066,1.7391432523727417,-5.583648681640625,,otros,
196.853,-8.293641090393066,1.7391432523727417,-5.583648681640625,,otros,
196.899,-8.293641090393066,1.7391432523727417,-5.583648681640625,,otros,
196.918,-8.293641090393066,1.7391432523727417,-5.583648681640625,,otros,
196.952,-8.293641090393066,1.7391432523727417,-5.583648681640625,,otros,
196.998,-8.293641090393066,1.7391432523727417,-5.583648681640625,,otros,
197.019,-8.293641090393066,1.7391432523727417,-5.583648681640625,,otros,
197.053,-8.293641090393066,1.7391432523727417,-5.583648681640625,,otros,
197.098,-8.293641090393066,1.7391432523727417,-5.583648681640625,,otros,
197.117,-8.293641090393066,1.7391432523727417,-5.583648681640625,,otros,
197.15,-8.293641090393066,1.7391432523727417,-5.583648681640625,,otros,
197.196,-8.293641090393066,1.7391432523727417,-5.583648681640625,,otros,
197.216,-8.293641090393066,1.7391432523727417,-5.583648681640625,,otros,
197.249,-8.293641090393066,1.7391432523727417,-5.583648681640625,,otros,
197.295,-8.293641090393066,1.7391432523727417,-5.583648681640625,,otros,
197.315,-8.293641090393066,1.7391432523727417,-5.583648681640625,,otros,
197.348,-8.293641090393066,1.7391432523727417,-5.583648681640625,,otros,
197.394,-8.293641090393066,1.7391432523727417,-5.583648681640625,,otros,
197.414,-8.293641090393066,1.7391432523727417,-5.583648681640625,,otros,
197.447,-8.293641090393066,1.7391432523727417,-5.583648681640625,,otros,
197.494,-8.293641090393066,1.7391432523727417,-5.583648681640625,,otros,
197.513,-8.293641090393066,1.7391432523727417,-5.583648681640625,,otros,
197.546,-8.293641090393066,1.7391432523727417,-5.583648681640625,,otros,
197.593,-8.293641090393066,1.7391432523727417,-5.583648681640625,,otros,
197.612,-8.293641090393066,1.7391432523727417,-5.583648681640625,,otros,
197.645,-8.293641090393066,1.7391432523727417,-5.583648681640625,,otros,
197.691,-8.293641090393066,1.7391432523727417,-5.583648681640625,,otros,
197.711,-8.293641090393066,1.7391432523727417,-5.583648681640625,,otros,
197.745,-8.293641090393066,1.7391432523727417,-5.583648681640625,,otros,
197.793,-8.293641090393066,1.7391432523727417,-5.583648681640625,,otros,
197.811,-8.293641090393066,1.7391432523727417,-5.583648681640625,,otros,
197.844,-8.293641090393066,1.7391432523727417,-5.583648681640625,,otros,
197.89,-8.293641090393066,1.7391432523727417,-5.583648681640625,,otros,
197.911,-8.293641090393066,1.7391432523727417,-5.583648681640625,,otros,
197.944,-8.293641090393066,1.7391432523727417,-5.583648681640625,,otros,
197.991,-8.293641090393066,1.7391432523727417,-5.583648681640625,,otros,
198.011,-8.293641090393066,1.7391432523727417,-5.583648681640625,,otros,
198.044,-8.293641090393066,1.7391432523727417,-5.583648681640625,,otros,
198.091,-8.293641090393066,1.7391432523727417,-5.583648681640625,,otros,
198.11,-8.293641090393066,1.7391432523727417,-5.583648681640625,,otros,
198.143,-8.293641090393066,1.7391432523727417,-5.583648681640625,,otros,
198.189,-8.293641090393066,1.7391432523727417,-5.583648681640625,,otros,
198.209,-8.293641090393066,1.7391432523727417,-5.583648681640625,,otros,
198.242,-8.293641090393066,1.7391432523727417,-5.583648681640625,,otros,
198.29,-8.293641090393066,1.7391432523727417,-5.583648681640625,,otros,
198.308,-8.293641090393066,1.7391432523727417,-5.583648681640625,,otros,
198.341,-8.293641090393066,1.7391432523727417,-5.583648681640625,,otros,
198.388,-8.293641090393066,1.7391432523727417,-5.583648681640625,,otros,
198.408,-8.293641090393066,1.7391432523727417,-5.583648681640625,,otros,
198.44,-8.293641090393066,1.7391432523727417,-5.583648681640625,,otros,
198.486,-8.293641090393066,1.7391432523727417,-5.583648681640625,,otros,
198.506,-8.293641090393066,1.7391432523727417,-5.583648681640625,,otros,
198.54,-8.293641090393066,1.7391432523727417,-5.583648681640625,,otros,
198.586,-8.293641090393066,1.7391432523727417,-5.583648681640625,,otros,
198.606,-8.293641090393066,1.7391432523727417,-5.583648681640625,,otros,
198.639,-8.293641090393066,1.7391432523727417,-5.583648681640625,,otros,
198.692,-8.293641090393066,1.7391432523727417,-5.583648681640625,,otros,
198.71,-8.293641090393066,1.7391432523727417,-5.583648681640625,,otros,
198.743,-8.293641090393066,1.7391432523727417,-5.583648681640625,,otros,
198.79,-8.293641090393066,1.7391432523727417,-5.583648681640625,,otros,
198.81,-8.293641090393066,1.7391432523727417,-5.583648681640625,,otros,
198.843,-8.293641090393066,1.7391432523727417,-5.583648681640625,,otros,
198.889,-8.293641090393066,1.7391432523727417,-5.583648681640625,,otros,
198.91,-8.293641090393066,1.7391432523727417,-5.583648681640625,,otros,
198.942,-8.293641090393066,1.7391432523727417,-5.583648681640625,,otros,
198.992,-8.293641090393066,1.7391432523727417,-5.583648681640625,,otros,
199.01,-8.293641090393066,1.7391432523727417,-5.583648681640625,,otros,
199.042,-8.293641090393066,1.7391432523727417,-5.583648681640625,,otros,
199.091,-8.293641090393066,1.7391432523727417,-5.583648681640625,,otros,
199.11,-8.293641090393066,1.7391432523727417,-5.583648681640625,,otros,
199.143,-8.293641090393066,1.7391432523727417,-5.583648681640625,,otros,
199.189,-8.293641090393066,1.7391432523727417,-5.583648681640625,,otros,
199.209,-8.293641090393066,1.7391432523727417,-5.583648681640625,,otros,
199.242,-8.293641090393066,1.7391432523727417,-5.583648681640625,,otros,
199.288,-8.293641090393066,1.7391432523727417,-5.583648681640625,,otros,
199.308,-8.293641090393066,1.7391432523727417,-5.583648681640625,,otros,
199.341,-8.293641090393066,1.7391432523727417,-5.583648681640625,,otros,
199.388,-8.293641090393066,1.7391432523727417,-5.583648681640625,,otros,
199.408,-8.293641090393066,1.7391432523727417,-5.583648681640625,,otros,
199.44,-8.293641090393066,1.7391432523727417,-5.583648681640625,,otros,
199.488,-8.293641090393066,1.7391432523727417,-5.583648681640625,,otros,
199.507,-8.293641090393066,1.7391432523727417,-5.583648681640625,,otros,
199.541,-8.293641090393066,1.7391432523727417,-5.583648681640625,,otros,
199.588,-8.293641090393066,1.7391432523727417,-5.583648681640625,,otros,
199.607,-8.293641090393066,1.7391432523727417,-5.583648681640625,,otros,
199.641,-8.293641090393066,1.7391432523727417,-5.583648681640625,,otros,
199.687,-8.293641090393066,1.7391432523727417,-5.583648681640625,,otros,
199.707,-8.293641090393066,1.7391432523727417,-5.583648681640625,,otros,
199.741,-8.293641090393066,1.7391432523727417,-5.583648681640625,,otros,
199.787,-8.293641090393066,1.7391432523727417,-5.583648681640625,,otros,
199.807,-8.293641090393066,1.7391432523727417,-5.583648681640625,,otros,
199.841,-8.293641090393066,1.7391432523727417,-5.583648681640625,,otros,
199.888,-8.293641090393066,1.7391432523727417,-5.583648681640625,,otros,
199.908,-8.293641090393066,1.7391432523727417,-5.583648681640625,,otros,
199.941,-8.293641090393066,1.7391432523727417,-5.583648681640625,,otros,
199.989,-8.293641090393066,1.7391432523727417,-5.583648681640625,,otros,
200.007,-8.293641090393066,1.7391432523727417,-5.583648681640625,,otros,
200.041,-8.293641090393066,1.7391432523727417,-5.583648681640625,,otros,
200.088,-8.293641090393066,1.7391432523727417,-5.583648681640625,,otros,
200.107,-8.293641090393066,1.7391432523727417,-5.583648681640625,,otros,
200.14,-8.293641090393066,1.7391432523727417,-5.583648681640625,,otros,
200.197,-8.293641090393066,1.7391432523727417,-5.583648681640625,,otros,
200.21,-8.293641090393066,1.7391432523727417,-5.583648681640625,,otros,
200.247,-8.293641090393066,1.7391432523727417,-5.583648681640625,,otros,
200.298,-8.293641090393066,1.7391432523727417,-5.583648681640625,,otros,
200.318,-8.293641090393066,1.7391432523727417,-5.583648681640625,,otros,
200.351,-8.293641090393066,1.7391432523727417,-5.583648681640625,,otros,
200.398,-8.293641090393066,1.7391432523727417,-5.583648681640625,,otros,
200.418,-8.293641090393066,1.7391432523727417,-5.583648681640625,,otros,
200.451,-8.293641090393066,1.7391432523727417,-5.583648681640625,,otros,
200.497,-8.293641090393066,1.7391432523727417,-5.583648681640625,,otros,
200.516,-8.293641090393066,1.7391432523727417,-5.583648681640625,,otros,
200.551,-8.293641090393066,1.7391432523727417,-5.583648681640625,,otros,
200.598,-8.293641090393066,1.7391432523727417,-5.583648681640625,,otros,
200.616,-8.293641090393066,1.7391432523727417,-5.583648681640625,,otros,
200.65,-8.293641090393066,1.7391432523727417,-5.583648681640625,,otros,
200.696,-8.293641090393066,1.7391432523727417,-5.583648681640625,,otros,
200.716,-8.293641090393066,1.7391432523727417,-5.583648681640625,,otros,
200.749,-8.293641090393066,1.7391432523727417,-5.583648681640625,,otros,
200.797,-8.293641090393066,1.7391432523727417,-5.583648681640625,,otros,
200.816,-8.293641090393066,1.7391432523727417,-5.583648681640625,,otros,
200.847,-8.293641090393066,1.7391432523727417,-5.583648681640625,,otros,
200.894,-8.293641090393066,1.7391432523727417,-5.583648681640625,,otros,
200.913,-8.293641090393066,1.7391432523727417,-5.583648681640625,,otros,
200.946,-8.293641090393066,1.7391432523727417,-5.583648681640625,,otros,
200.994,-8.293641090393066,1.7391432523727417,-5.583648681640625,,otros,
201.012,-8.293641090393066,1.7391432523727417,-5.583648681640625,,otros,
201.045,-8.293641090393066,1.7391432523727417,-5.583648681640625,,otros,
201.092,-8.293641090393066,1.7391432523727417,-5.583648681640625,,otros,
201.11,-8.293641090393066,1.7391432523727417,-5.583648681640625,,otros,
201.143,-8.293641090393066,1.7391432523727417,-5.583648681640625,,otros,
201.191,-8.293641090393066,1.7391432523727417,-5.583648681640625,,otros,
201.21,-8.293641090393066,1.7391432523727417,-5.583648681640625,,otros,
201.243,-8.293641090393066,1.7391432523727417,-5.583648681640625,,otros,
201.29,-8.293641090393066,1.7391432523727417,-5.583648681640625,,otros,
201.309,-8.293641090393066,1.7391432523727417,-5.583648681640625,,otros,
201.342,-8.293641090393066,1.7391432523727417,-5.583648681640625,,otros,
201.388,-8.293641090393066,1.7391432523727417,-5.583648681640625,,otros,
201.408,-8.293641090393066,1.7391432523727417,-5.583648681640625,,otros,
201.441,-8.293641090393066,1.7391432523727417,-5.583648681640625,,otros,
201.488,-8.293641090393066,1.7391432523727417,-5.583648681640625,,otros,
201.507,-8.293641090393066,1.7391432523727417,-5.583648681640625,,otros,
201.54,-8.293641090393066,1.7391432523727417,-5.583648681640625,,otros,
201.586,-8.293641090393066,1.7391432523727417,-5.583648681640625,,otros,
201.606,-8.293641090393066,1.7391432523727417,-5.583648681640625,,otros,
201.639,-8.293641090393066,1.7391432523727417,-5.583648681640625,,otros,
201.685,-8.293641090393066,1.7391432523727417,-5.583648681640625,,otros,
201.706,-8.293641090393066,1.7391432523727417,-5.583648681640625,,otros,
201.74,-8.293641090393066,1.7391432523727417,-5.583648681640625,,otros,
201.787,-8.293641090393066,1.7391432523727417,-5.583648681640625,,otros,
201.807,-8.293641090393066,1.7391432523727417,-5.583648681640625,,otros,
201.84,-8.293641090393066,1.7391432523727417,-5.583648681640625,,otros,
201.888,-8.293641090393066,1.7391432523727417,-5.583648681640625,,otros,
201.908,-8.293641090393066,1.7391432523727417,-5.583648681640625,,otros,
201.941,-8.293641090393066,1.7391432523727417,-5.583648681640625,,otros,
201.987,-8.293641090393066,1.7391432523727417,-5.583648681640625,,otros,
202.008,-8.293641090393066,1.7391432523727417,-5.583648681640625,,otros,
202.041,-8.293641090393066,1.7391432523727417,-5.583648681640625,,otros,
202.089,-8.293641090393066,1.7391432523727417,-5.583648681640625,,otros,
202.108,-8.293641090393066,1.7391432523727417,-5.583648681640625,,otros,
202.141,-8.293641090393066,1.7391432523727417,-5.583648681640625,,otros,
202.187,-8.293641090393066,1.7391432523727417,-5.583648681640625,,otros,
202.207,-8.293641090393066,1.7391432523727417,-5.583648681640625,,otros,
202.24,-8.293641090393066,1.7391432523727417,-5.583648681640625,,otros,
202.286,-8.293641090393066,1.7391432523727417,-5.583648681640625,,otros,
202.307,-8.293641090393066,1.7391432523727417,-5.583648681640625,,otros,
202.341,-8.293641090393066,1.7391432523727417,-5.583648681640625,,otros,
202.387,-8.293641090393066,1.7391432523727417,-5.583648681640625,,otros,
202.407,-8.293641090393066,1.7391432523727417,-5.583648681640625,,otros,
202.441,-8.293641090393066,1.7391432523727417,-5.583648681640625,,otros,
202.487,-8.293641090393066,1.7391432523727417,-5.583648681640625,,otros,
202.508,-8.293641090393066,1.7391432523727417,-5.583648681640625,,otros,
202.545,-8.293641090393066,1.7391432523727417,-5.583648681640625,,otros,
202.593,-8.293641090393066,1.7391432523727417,-5.583648681640625,,otros,
202.612,-8.293641090393066,1.7391432523727417,-5.583648681640625,,otros,
202.645,-8.293641090393066,1.7391432523727417,-5.583648681640625,,otros,
202.691,-8.293641090393066,1.7391432523727417,-5.583648681640625,,otros,
202.711,-8.293641090393066,1.7391432523727417,-5.583648681640625,,otros,
202.745,-8.293641090393066,1.7391432523727417,-5.583648681640625,,otros,
202.792,-8.293641090393066,1.7391432523727417,-5.583648681640625,,otros,
202.812,-8.293641090393066,1.7391432523727417,-5.583648681640625,,otros,
202.845,-8.293641090393066,1.7391432523727417,-5.583648681640625,,otros,
202.892,-8.293641090393066,1.7391432523727417,-5.583648681640625,,otros,
202.912,-8.293641090393066,1.7391432523727417,-5.583648681640625,,otros,
202.945,-8.293641090393066,1.7391432523727417,-5.583648681640625,,otros,
202.992,-8.293641090393066,1.7391432523727417,-5.583648681640625,,otros,
203.011,-8.293641090393066,1.7391432523727417,-5.583648681640625,,otros,
203.045,-8.293641090393066,1.7391432523727417,-5.583648681640625,,otros,
203.092,-8.293641090393066,1.7391432523727417,-5.583648681640625,,otros,
203.113,-8.293641090393066,1.7391432523727417,-5.583648681640625,,otros,
203.147,-8.293641090393066,1.7391432523727417,-5.583648681640625,,otros,
203.194,-8.293641090393066,1.7391432523727417,-5.583648681640625,,otros,
203.212,-8.293641090393066,1.7391432523727417,-5.583648681640625,,otros,
203.246,-8.293641090393066,1.7391432523727417,-5.583648681640625,,otros,
203.293,-8.293641090393066,1.7391432523727417,-5.583648681640625,,otros,
203.312,-8.293641090393066,1.7391432523727417,-5.583648681640625,,otros,
203.347,-8.293641090393066,1.7391432523727417,-5.583648681640625,,otros,
203.393,-8.293641090393066,1.7391432523727417,-5.583648681640625,,otros,
203.414,-8.293641090393066,1.7391432523727417,-5.583648681640625,,otros,
203.447,-8.293641090393066,1.7391432523727417,-5.583648681640625,,otros,
203.495,-8.293641090393066,1.7391432523727417,-5.583648681640625,,otros,
203.514,-8.293641090393066,1.7391432523727417,-5.583648681640625,,otros,
203.547,-8.293641090393066,1.7391432523727417,-5.583648681640625,,otros,
203.594,-8.293641090393066,1.7391432523727417,-5.583648681640625,,otros,
203.614,-8.293641090393066,1.7391432523727417,-5.583648681640625,,otros,
203.648,-8.293641090393066,1.7391432523727417,-5.583648681640625,,otros,
203.695,-8.293641090393066,1.7391432523727417,-5.583648681640625,,otros,
203.716,-8.293641090393066,1.7391432523727417,-5.583648681640625,,otros,
203.749,-8.293641090393066,1.7391432523727417,-5.583648681640625,,otros,
203.798,-8.293641090393066,1.7391432523727417,-5.583648681640625,,otros,
203.816,-8.293641090393066,1.7391432523727417,-5.583648681640625,,otros,
203.849,-8.293641090393066,1.7391432523727417,-5.583648681640625,,otros,
203.897,-8.293641090393066,1.7391432523727417,-5.583648681640625,,otros,
203.916,-8.293641090393066,1.7391432523727417,-5.583648681640625,,otros,
203.95,-8.293641090393066,1.7391432523727417,-5.583648681640625,,otros,
203.998,-8.293641090393066,1.7391432523727417,-5.583648681640625,,otros,
204.017,-8.293641090393066,1.7391432523727417,-5.583648681640625,,otros,
204.05,-8.293641090393066,1.7391432523727417,-5.583648681640625,,otros,
204.098,-8.293641090393066,1.7391432523727417,-5.583648681640625,,otros,
204.116,-8.293641090393066,1.7391432523727417,-5.583648681640625,,otros,
204.149,-8.293641090393066,1.7391432523727417,-5.583648681640625,,otros,
204.2,-8.293641090393066,1.7391432523727417,-5.583648681640625,,otros,
204.217,-8.293641090393066,1.7391432523727417,-5.583648681640625,,otros,
204.25,-8.293641090393066,1.7391432523727417,-5.583648681640625,,otros,
204.297,-8.293641090393066,1.7391432523727417,-5.583648681640625,,otros,
204.317,-8.293641090393066,1.7391432523727417,-5.583648681640625,,otros,
204.35,-8.293641090393066,1.7391432523727417,-5.583648681640625,,otros,
204.399,-8.293641090393066,1.7391432523727417,-5.583648681640625,,otros,
204.418,-8.293641090393066,1.7391432523727417,-5.583648681640625,,otros,
204.452,-8.293641090393066,1.7391432523727417,-5.583648681640625,,otros,
204.5,-8.293641090393066,1.7391432523727417,-5.583648681640625,,otros,
204.519,-8.293641090393066,1.7391432523727417,-5.583648681640625,,otros,
204.552,-8.293641090393066,1.7391432523727417,-5.583648681640625,,otros,
204.601,-8.293641090393066,1.7391432523727417,-5.583648681640625,,otros,
204.618,-8.293641090393066,1.7391432523727417,-5.583648681640625,,otros,
204.651,-8.293641090393066,1.7391432523727417,-5.583648681640625,,otros,
204.7,-8.293641090393066,1.7391432523727417,-5.583648681640625,,otros,
204.718,-8.293641090393066,1.7391432523727417,-5.583648681640625,,otros,
204.751,-8.293641090393066,1.7391432523727417,-5.583648681640625,,otros,
204.799,-8.293641090393066,1.7391432523727417,-5.583648681640625,,otros,
204.818,-8.293641090393066,1.7391432523727417,-5.583648681640625,,otros,
204.851,-8.293641090393066,1.7391432523727417,-5.583648681640625,,otros,
204.899,-8.293641090393066,1.7391432523727417,-5.583648681640625,,otros,
204.917,-8.293641090393066,1.7391432523727417,-5.583648681640625,,otros,
204.95,-8.293641090393066,1.7391432523727417,-5.583648681640625,,otros,
204.999,-8.293641090393066,1.7391432523727417,-5.583648681640625,,otros,
205.015,-8.293641090393066,1.7391432523727417,-5.583648681640625,,otros,
205.048,-8.293641090393066,1.7391432523727417,-5.583648681640625,,otros,
205.099,-8.293641090393066,1.7391432523727417,-5.583648681640625,,otros,
205.117,-8.293641090393066,1.7391432523727417,-5.583648681640625,,otros,
205.15,-8.293641090393066,1.7391432523727417,-5.583648681640625,,otros,
205.198,-8.293641090393066,1.7391432523727417,-5.583648681640625,,otros,
205.216,-8.293641090393066,1.7391432523727417,-5.583648681640625,,otros,
205.248,-8.293641090393066,1.7391432523727417,-5.583648681640625,,otros,
205.296,-8.293641090393066,1.7391432523727417,-5.583648681640625,,otros,
205.316,-8.293641090393066,1.7391432523727417,-5.583648681640625,,otros,
205.349,-8.293641090393066,1.7391432523727417,-5.583648681640625,,otros,
205.399,-8.293641090393066,1.7391432523727417,-5.583648681640625,,otros,
205.415,-8.293641090393066,1.7391432523727417,-5.583648681640625,,otros,
205.447,-8.293641090393066,1.7391432523727417,-5.583648681640625,,otros,
205.497,-8.293641090393066,1.7391432523727417,-5.583648681640625,,otros,
205.514,-8.293641090393066,1.7391432523727417,-5.583648681640625,,otros,
205.546,-8.293641090393066,1.7391432523727417,-5.583648681640625,,otros,
205.595,-8.293641090393066,1.7391432523727417,-5.583648681640625,,otros,
205.614,-8.293641090393066,1.7391432523727417,-5.583648681640625,,otros,
205.647,-8.293641090393066,1.7391432523727417,-5.583648681640625,,otros,
205.694,-8.293641090393066,1.7391432523727417,-5.583648681640625,,otros,
205.713,-8.293641090393066,1.7391432523727417,-5.583648681640625,,otros,
205.747,-8.293641090393066,1.7391432523727417,-5.583648681640625,,otros,
205.795,-8.293641090393066,1.7391432523727417,-5.583648681640625,,otros,
205.813,-8.293641090393066,1.7391432523727417,-5.583648681640625,,otros,
205.846,-8.293641090393066,1.7391432523727417,-5.583648681640625,,otros,
205.895,-8.293641090393066,1.7391432523727417,-5.583648681640625,,otros,
205.912,-8.293641090393066,1.7391432523727417,-5.583648681640625,,otros,
205.946,-8.293641090393066,1.7391432523727417,-5.583648681640625,,otros,
205.994,-8.293641090393066,1.7391432523727417,-5.583648681640625,,otros,
206.012,-8.293641090393066,1.7391432523727417,-5.583648681640625,,otros,
206.045,-8.293641090393066,1.7391432523727417,-5.583648681640625,,otros,
206.094,-8.293641090393066,1.7391432523727417,-5.583648681640625,,otros,
206.112,-8.293641090393066,1.7391432523727417,-5.583648681640625,,otros,
206.145,-8.293641090393066,1.7391432523727417,-5.583648681640625,,otros,
206.193,-8.293641090393066,1.7391432523727417,-5.583648681640625,,otros,
206.211,-8.293641090393066,1.7391432523727417,-5.583648681640625,,otros,
206.244,-8.293641090393066,1.7391432523727417,-5.583648681640625,,otros,
206.293,-8.293641090393066,1.7391432523727417,-5.583648681640625,,otros,
206.311,-8.293641090393066,1.7391432523727417,-5.583648681640625,,otros,
206.343,-8.293641090393066,1.7391432523727417,-5.583648681640625,,otros,
206.391,-8.293641090393066,1.7391432523727417,-5.583648681640625,,otros,
206.409,-8.293641090393066,1.7391432523727417,-5.583648681640625,,otros,
206.443,-8.293641090393066,1.7391432523727417,-5.583648681640625,,otros,
206.492,-8.293641090393066,1.7391432523727417,-5.583648681640625,,otros,
206.51,-8.293641090393066,1.7391432523727417,-5.583648681640625,,otros,
206.542,-8.293641090393066,1.7391432523727417,-5.583648681640625,,otros,
206.591,-8.293641090393066,1.7391432523727417,-5.583648681640625,,otros,
206.609,-8.293641090393066,1.7391432523727417,-5.583648681640625,,otros,
206.641,-8.293641090393066,1.7391432523727417,-5.583648681640625,,otros,
206.689,-8.293641090393066,1.7391432523727417,-5.583648681640625,,otros,
206.708,-8.293641090393066,1.7391432523727417,-5.583648681640625,,otros,
206.741,-8.293641090393066,1.7391432523727417,-5.583648681640625,,otros,
206.789,-8.293641090393066,1.7391432523727417,-5.583648681640625,,otros,
206.807,-8.293641090393066,1.7391432523727417,-5.583648681640625,,otros,
206.84,-8.293641090393066,1.7391432523727417,-5.583648681640625,,otros,
206.889,-8.293641090393066,1.7391432523727417,-5.583648681640625,,otros,
206.908,-8.293641090393066,1.7391432523727417,-5.583648681640625,,otros,
206.941,-8.293641090393066,1.7391432523727417,-5.583648681640625,,otros,
206.988,-8.293641090393066,1.7391432523727417,-5.583648681640625,,otros,
207.008,-8.293641090393066,1.7391432523727417,-5.583648681640625,,otros,
207.04,-8.293641090393066,1.7391432523727417,-5.583648681640625,,otros,
207.088,-8.293641090393066,1.7391432523727417,-5.583648681640625,,otros,
207.107,-8.293641090393066,1.7391432523727417,-5.583648681640625,,otros,
207.14,-8.293641090393066,1.7391432523727417,-5.583648681640625,,otros,
207.187,-8.293641090393066,1.7391432523727417,-5.583648681640625,,otros,
207.206,-8.293641090393066,1.7391432523727417,-5.583648681640625,,otros,
207.239,-8.293641090393066,1.7391432523727417,-5.583648681640625,,otros,
207.287,-8.293641090393066,1.7391432523727417,-5.583648681640625,,otros,
207.305,-8.293641090393066,1.7391432523727417,-5.583648681640625,,otros,
207.338,-8.293641090393066,1.7391432523727417,-5.583648681640625,,otros,
207.385,-8.293641090393066,1.7391432523727417,-5.583648681640625,,otros,
207.404,-8.293641090393066,1.7391432523727417,-5.583648681640625,,otros,
207.438,-8.293641090393066,1.7391432523727417,-5.583648681640625,,otros,
207.488,-8.293641090393066,1.7391432523727417,-5.583648681640625,,otros,
207.505,-8.293641090393066,1.7391432523727417,-5.583648681640625,,otros,
207.538,-8.293641090393066,1.7391432523727417,-5.583648681640625,,otros,
207.585,-8.293641090393066,1.7391432523727417,-5.583648681640625,,otros,
207.604,-8.293641090393066,1.7391432523727417,-5.583648681640625,,otros,
207.638,-8.293641090393066,1.7391432523727417,-5.583648681640625,,otros,
207.686,-8.293641090393066,1.7391432523727417,-5.583648681640625,,otros,
207.704,-8.293641090393066,1.7391432523727417,-5.583648681640625,,otros,
207.737,-8.293641090393066,1.7391432523727417,-5.583648681640625,,otros,
207.786,-8.293641090393066,1.7391432523727417,-5.583648681640625,,otros,
207.804,-8.293641090393066,1.7391432523727417,-5.583648681640625,,otros,
207.839,-8.293641090393066,1.7391432523727417,-5.583648681640625,,otros,
207.893,-8.293641090393066,1.7391432523727417,-5.583648681640625,,otros,
207.907,-8.293641090393066,1.7391432523727417,-5.583648681640625,,otros,
207.942,-8.293641090393066,1.7391432523727417,-5.583648681640625,,otros,
207.992,-8.293641090393066,1.7391432523727417,-5.583648681640625,,otros,
208.01,-8.293641090393066,1.7391432523727417,-5.583648681640625,,otros,
208.044,-8.293641090393066,1.7391432523727417,-5.583648681640625,,otros,
208.097,-8.293641090393066,1.7391432523727417,-5.583648681640625,,otros,
208.111,-8.293641090393066,1.7391432523727417,-5.583648681640625,,otros,
208.144,-8.293641090393066,1.7391432523727417,-5.583648681640625,,otros,
208.197,-8.293641090393066,1.7391432523727417,-5.583648681640625,,otros,
208.211,-8.293641090393066,1.7391432523727417,-5.583648681640625,,otros,
208.246,-8.293641090393066,1.7391432523727417,-5.583648681640625,,otros,
208.299,-8.293641090393066,1.7391432523727417,-5.583648681640625,,otros,
208.313,-8.293641090393066,1.7391432523727417,-5.583648681640625,,otros,
208.346,-8.293641090393066,1.7391432523727417,-5.583648681640625,,otros,
208.397,-8.293641090393066,1.7391432523727417,-5.583648681640625,,otros,
208.414,-8.293641090393066,1.7391432523727417,-5.583648681640625,,otros,
208.448,-8.293641090393066,1.7391432523727417,-5.583648681640625,,otros,
208.495,-8.293641090393066,1.7391432523727417,-5.583648681640625,,otros,
208.514,-8.293641090393066,1.7391432523727417,-5.583648681640625,,otros,
208.549,-8.293641090393066,1.7391432523727417,-5.583648681640625,,otros,
208.6,-8.293641090393066,1.7391432523727417,-5.583648681640625,,otros,
208.642,-8.293641090393066,1.7391432523727417,-5.583648681640625,,otros,
208.676,-8.293641090393066,1.7391432523727417,-5.583648681640625,,otros,
208.707,-8.293641090393066,1.7391432523727417,-5.583648681640625,,otros,
208.724,-8.293641090393066,1.7391432523727417,-5.583648681640625,,otros,
208.77,-8.293641090393066,1.7391432523727417,-5.583648681640625,,otros,
208.821,-8.293641090393066,1.7391432523727417,-5.583648681640625,,otros,
208.837,-8.293641090393066,1.7391432523727417,-5.583648681640625,,otros,
208.87,-8.293641090393066,1.7391432523727417,-5.583648681640625,,otros,
208.917,-8.293641090393066,1.7391432523727417,-5.583648681640625,,otros,
208.939,-8.293641090393066,1.7391432523727417,-5.583648681640625,,otros,
208.974,-8.293641090393066,1.7391432523727417,-5.583648681640625,,otros,
209.021,-8.293641090393066,1.7391432523727417,-5.583648681640625,,otros,
209.042,-8.293641090393066,1.7391432523727417,-5.583648681640625,,otros,
209.076,-8.293641090393066,1.7391432523727417,-5.583648681640625,,otros,
209.122,-8.293641090393066,1.7391432523727417,-5.583648681640625,,otros,
209.145,-8.293641090393066,1.7391432523727417,-5.583648681640625,,otros,
209.179,-8.293641090393066,1.7391432523727417,-5.583648681640625,,otros,
209.232,-8.293641090393066,1.7391432523727417,-5.583648681640625,,otros,
209.248,-8.293641090393066,1.7391432523727417,-5.583648681640625,,otros,
209.284,-8.293641090393066,1.7391432523727417,-5.583648681640625,,otros,
209.33,-8.293641090393066,1.7391432523727417,-5.583648681640625,,otros,
209.352,-8.293641090393066,1.7391432523727417,-5.583648681640625,,otros,
209.387,-8.293641090393066,1.7391432523727417,-5.583648681640625,,otros,
209.435,-8.293641090393066,1.7391432523727417,-5.583648681640625,,otros,
209.454,-8.293641090393066,1.7391432523727417,-5.583648681640625,,otros,
209.487,-8.293641090393066,1.7391432523727417,-5.583648681640625,,otros,
209.532,-8.293641090393066,1.7391432523727417,-5.583648681640625,,otros,
209.553,-8.293641090393066,1.7391432523727417,-5.583648681640625,,otros,
209.587,-8.293641090393066,1.7391432523727417,-5.583648681640625,,otros,
209.63,-8.293641090393066,1.7391432523727417,-5.583648681640625,,otros,
209.653,-8.293641090393066,1.7391432523727417,-5.583648681640625,,otros,
209.686,-8.293641090393066,1.7391432523727417,-5.583648681640625,,otros,
209.731,-8.293641090393066,1.7391432523727417,-5.583648681640625,,otros,
209.752,-8.293641090393066,1.7391432523727417,-5.583648681640625,,otros,
209.785,-8.293641090393066,1.7391432523727417,-5.583648681640625,,otros,
209.83,-8.293641090393066,1.7391432523727417,-5.583648681640625,,otros,
209.851,-8.293641090393066,1.7391432523727417,-5.583648681640625,,otros,
209.884,-8.293641090393066,1.7391432523727417,-5.583648681640625,,otros,
209.93,-8.293641090393066,1.7391432523727417,-5.583648681640625,,otros,
209.95,-8.293641090393066,1.7391432523727417,-5.583648681640625,,otros,
209.983,-8.293641090393066,1.7391432523727417,-5.583648681640625,,otros,
210.028,-8.293641090393066,1.7391432523727417,-5.583648681640625,,otros,
210.048,-8.293641090393066,1.7391432523727417,-5.583648681640625,,otros,
210.082,-8.293641090393066,1.7391432523727417,-5.583648681640625,,otros,
210.129,-8.293641090393066,1.7391432523727417,-5.583648681640625,,otros,
210.148,-8.293641090393066,1.7391432523727417,-5.583648681640625,,otros,
210.18,-8.293641090393066,1.7391432523727417,-5.583648681640625,,otros,
210.227,-8.293641090393066,1.7391432523727417,-5.583648681640625,,otros,
210.247,-8.293641090393066,1.7391432523727417,-5.583648681640625,,otros,
210.279,-8.293641090393066,1.7391432523727417,-5.583648681640625,,otros,
210.328,-8.293641090393066,1.7391432523727417,-5.583648681640625,,otros,
210.348,-8.293641090393066,1.7391432523727417,-5.583648681640625,,otros,
210.381,-8.293641090393066,1.7391432523727417,-5.583648681640625,,otros,
210.428,-8.293641090393066,1.7391432523727417,-5.583648681640625,,otros,
210.448,-8.293641090393066,1.7391432523727417,-5.583648681640625,,otros,
210.482,-8.293641090393066,1.7391432523727417,-5.583648681640625,,otros,
210.531,-8.293641090393066,1.7391432523727417,-5.583648681640625,,otros,
210.548,-8.293641090393066,1.7391432523727417,-5.583648681640625,,otros,
210.582,-8.293641090393066,1.7391432523727417,-5.583648681640625,,otros,
210.628,-8.293641090393066,1.7391432523727417,-5.583648681640625,,otros,
210.648,-8.293641090393066,1.7391432523727417,-5.583648681640625,,otros,
210.683,-8.293641090393066,1.7391432523727417,-5.583648681640625,,otros,
210.733,-8.293641090393066,1.7391432523727417,-5.583648681640625,,otros,
210.753,-8.293641090393066,1.7391432523727417,-5.583648681640625,,otros,
210.788,-8.293641090393066,1.7391432523727417,-5.583648681640625,,otros,
210.838,-8.293641090393066,1.7391432523727417,-5.583648681640625,,otros,
210.857,-8.293641090393066,1.7391432523727417,-5.583648681640625,,otros,
210.891,-8.293641090393066,1.7391432523727417,-5.583648681640625,,otros,
210.937,-8.293641090393066,1.7391432523727417,-5.583648681640625,,otros,
210.958,-8.293641090393066,1.7391432523727417,-5.583648681640625,,otros,
210.991,-8.293641090393066,1.7391432523727417,-5.583648681640625,,otros,
211.038,-8.293641090393066,1.7391432523727417,-5.583648681640625,,otros,
211.06,-8.293641090393066,1.7391432523727417,-5.583648681640625,,otros,
211.093,-8.293641090393066,1.7391432523727417,-5.583648681640625,,otros,
211.139,-8.293641090393066,1.7391432523727417,-5.583648681640625,,otros,
211.16,-8.293641090393066,1.7391432523727417,-5.583648681640625,,otros,
211.193,-8.293641090393066,1.7391432523727417,-5.583648681640625,,otros,
211.241,-8.293641090393066,1.7391432523727417,-5.583648681640625,,otros,
211.261,-8.293641090393066,1.7391432523727417,-5.583648681640625,,otros,
211.295,-8.293641090393066,1.7391432523727417,-5.583648681640625,,otros,
211.341,-8.293641090393066,1.7391432523727417,-5.583648681640625,,otros,
211.361,-8.293641090393066,1.7391432523727417,-5.583648681640625,,otros,
211.395,-8.293641090393066,1.7391432523727417,-5.583648681640625,,otros,
211.441,-8.293641090393066,1.7391432523727417,-5.583648681640625,,otros,
211.462,-8.293641090393066,1.7391432523727417,-5.583648681640625,,otros,
211.496,-8.293641090393066,1.7391432523727417,-5.583648681640625,,otros,
211.542,-8.293641090393066,1.7391432523727417,-5.583648681640625,,otros,
211.563,-8.293641090393066,1.7391432523727417,-5.583648681640625,,otros,
211.596,-8.293641090393066,1.7391432523727417,-5.583648681640625,,otros,
211.643,-8.293641090393066,1.7391432523727417,-5.583648681640625,,otros,
211.662,-8.293641090393066,1.7391432523727417,-5.583648681640625,,otros,
211.695,-8.293641090393066,1.7391432523727417,-5.583648681640625,,otros,
211.744,-8.293641090393066,1.7391432523727417,-5.583648681640625,,otros,
211.761,-8.293641090393066,1.7391432523727417,-5.583648681640625,,otros,
211.795,-8.293641090393066,1.7391432523727417,-5.583648681640625,,otros,
211.843,-8.293641090393066,1.7391432523727417,-5.583648681640625,,otros,
211.862,-8.293641090393066,1.7391432523727417,-5.583648681640625,,otros,
211.896,-8.293641090393066,1.7391432523727417,-5.583648681640625,,otros,
211.944,-8.293641090393066,1.7391432523727417,-5.583648681640625,,otros,
211.961,-8.293641090393066,1.7391432523727417,-5.583648681640625,,otros,
211.994,-8.293641090393066,1.7391432523727417,-5.583648681640625,,otros,
212.043,-8.293641090393066,1.7391432523727417,-5.583648681640625,,otros,
212.06,-8.293641090393066,1.7391432523727417,-5.583648681640625,,otros,
212.093,-8.293641090393066,1.7391432523727417,-5.583648681640625,,otros,
212.141,-8.293641090393066,1.7391432523727417,-5.583648681640625,,otros,
212.159,-8.293641090393066,1.7391432523727417,-5.583648681640625,,otros,
212.193,-8.293641090393066,1.7391432523727417,-5.583648681640625,,otros,
212.241,-8.293641090393066,1.7391432523727417,-5.583648681640625,,otros,
212.26,-8.293641090393066,1.7391432523727417,-5.583648681640625,,otros,
212.294,-8.293641090393066,1.7391432523727417,-5.583648681640625,,otros,
212.341,-8.293641090393066,1.7391432523727417,-5.583648681640625,,otros,
212.36,-8.293641090393066,1.7391432523727417,-5.583648681640625,,otros,
212.393,-8.293641090393066,1.7391432523727417,-5.583648681640625,,otros,
212.442,-8.293641090393066,1.7391432523727417,-5.583648681640625,,otros,
212.461,-8.293641090393066,1.7391432523727417,-5.583648681640625,,otros,
212.494,-8.293641090393066,1.7391432523727417,-5.583648681640625,,otros,
212.542,-8.293641090393066,1.7391432523727417,-5.583648681640625,,otros,
212.561,-8.293641090393066,1.7391432523727417,-5.583648681640625,,otros,
212.594,-8.293641090393066,1.7391432523727417,-5.583648681640625,,otros,
212.647,-8.293641090393066,1.7391432523727417,-5.583648681640625,,otros,
212.664,-8.293641090393066,1.7391432523727417,-5.583648681640625,,otros,
212.697,-8.293641090393066,1.7391432523727417,-5.583648681640625,,otros,
212.747,-8.293641090393066,1.7391432523727417,-5.583648681640625,,otros,
212.766,-8.293641090393066,1.7391432523727417,-5.583648681640625,,otros,
212.799,-8.293641090393066,1.7391432523727417,-5.583648681640625,,otros,
212.844,-8.293641090393066,1.7391432523727417,-5.583648681640625,,otros,
212.867,-8.293641090393066,1.7391432523727417,-5.583648681640625,,otros,
212.901,-8.293641090393066,1.7391432523727417,-5.583648681640625,,otros,
212.948,-8.293641090393066,1.7391432523727417,-5.583648681640625,,otros,
212.968,-8.293641090393066,1.7391432523727417,-5.583648681640625,,otros,
213.002,-8.293641090393066,1.7391432523727417,-5.583648681640625,,otros,
213.051,-8.293641090393066,1.7391432523727417,-5.583648681640625,,otros,
213.069,-8.293641090393066,1.7391432523727417,-5.583648681640625,,otros,
213.102,-8.293641090393066,1.7391432523727417,-5.583648681640625,,otros,
213.15,-8.293641090393066,1.7391432523727417,-5.583648681640625,,otros,
213.169,-8.293641090393066,1.7391432523727417,-5.583648681640625,,otros,
213.202,-8.293641090393066,1.7391432523727417,-5.583648681640625,,otros,
213.249,-8.293641090393066,1.7391432523727417,-5.583648681640625,,otros,
213.269,-8.293641090393066,1.7391432523727417,-5.583648681640625,,otros,
213.302,-8.293641090393066,1.7391432523727417,-5.583648681640625,,otros,
213.35,-8.293641090393066,1.7391432523727417,-5.583648681640625,,otros,
213.37,-8.293641090393066,1.7391432523727417,-5.583648681640625,,otros,
213.403,-8.293641090393066,1.7391432523727417,-5.583648681640625,,otros,
213.453,-8.293641090393066,1.7391432523727417,-5.583648681640625,,otros,
213.47,-8.293641090393066,1.7391432523727417,-5.583648681640625,,otros,
213.503,-8.293641090393066,1.7391432523727417,-5.583648681640625,,otros,
213.552,-8.293641090393066,1.7391432523727417,-5.583648681640625,,otros,
213.569,-8.293641090393066,1.7391432523727417,-5.583648681640625,,otros,
213.603,-8.293641090393066,1.7391432523727417,-5.583648681640625,,otros,
213.653,-8.293641090393066,1.7391432523727417,-5.583648681640625,,otros,
213.675,-8.293641090393066,1.7391432523727417,-5.583648681640625,,otros,
213.706,-8.293641090393066,1.7391432523727417,-5.583648681640625,,otros,
213.757,-8.293641090393066,1.7391432523727417,-5.583648681640625,,otros,
213.774,-8.293641090393066,1.7391432523727417,-5.583648681640625,,otros,
213.809,-8.293641090393066,1.7391432523727417,-5.583648681640625,,otros,
213.86,-8.293641090393066,1.7391432523727417,-5.583648681640625,,otros,
213.878,-8.293641090393066,1.7391432523727417,-5.583648681640625,,otros,
213.911,-8.293641090393066,1.7391432523727417,-5.583648681640625,,otros,
213.957,-8.293641090393066,1.7391432523727417,-5.583648681640625,,otros,
213.98,-8.293641090393066,1.7391432523727417,-5.583648681640625,,otros,
214.014,-8.293641090393066,1.7391432523727417,-5.583648681640625,,otros,
214.061,-8.293641090393066,1.7391432523727417,-5.583648681640625,,otros,
214.081,-8.293641090393066,1.7391432523727417,-5.583648681640625,,otros,
214.115,-8.293641090393066,1.7391432523727417,-5.583648681640625,,otros,
214.162,-8.293641090393066,1.7391432523727417,-5.583648681640625,,otros,
214.182,-8.293641090393066,1.7391432523727417,-5.583648681640625,,otros,
214.215,-8.293641090393066,1.7391432523727417,-5.583648681640625,,otros,
214.264,-8.293641090393066,1.7391432523727417,-5.583648681640625,,otros,
214.283,-8.293641090393066,1.7391432523727417,-5.583648681640625,,otros,
214.317,-8.293641090393066,1.7391432523727417,-5.583648681640625,,otros,
214.365,-8.293641090393066,1.7391432523727417,-5.583648681640625,,otros,
214.385,-8.293641090393066,1.7391432523727417,-5.583648681640625,,otros,
214.418,-8.293641090393066,1.7391432523727417,-5.583648681640625,,otros,
214.466,-8.293641090393066,1.7391432523727417,-5.583648681640625,,otros,
214.486,-8.293641090393066,1.7391432523727417,-5.583648681640625,,otros,
214.521,-8.293641090393066,1.7391432523727417,-5.583648681640625,,otros,
214.568,-8.293641090393066,1.7391432523727417,-5.583648681640625,,otros,
214.589,-8.293641090393066,1.7391432523727417,-5.583648681640625,,otros,
214.623,-8.293641090393066,1.7391432523727417,-5.583648681640625,,otros,
214.67,-8.293641090393066,1.7391432523727417,-5.583648681640625,,otros,
214.691,-8.293641090393066,1.7391432523727417,-5.583648681640625,,otros,
214.724,-8.293641090393066,1.7391432523727417,-5.583648681640625,,otros,
214.773,-8.293641090393066,1.7391432523727417,-5.583648681640625,,otros,
214.791,-8.293641090393066,1.7391432523727417,-5.583648681640625,,otros,
214.825,-8.293641090393066,1.7391432523727417,-5.583648681640625,,otros,
214.873,-8.293641090393066,1.7391432523727417,-5.583648681640625,,otros,
214.891,-8.293641090393066,1.7391432523727417,-5.583648681640625,,otros,
214.925,-8.293641090393066,1.7391432523727417,-5.583648681640625,,otros,
214.972,-8.293641090393066,1.7391432523727417,-5.583648681640625,,otros,
214.992,-8.293641090393066,1.7391432523727417,-5.583648681640625,,otros,
215.025,-8.293641090393066,1.7391432523727417,-5.583648681640625,,otros,
215.072,-8.293641090393066,1.7391432523727417,-5.583648681640625,,otros,
215.092,-8.293641090393066,1.7391432523727417,-5.583648681640625,,otros,
215.126,-8.293641090393066,1.7391432523727417,-5.583648681640625,,otros,
215.174,-8.293641090393066,1.7391432523727417,-5.583648681640625,,otros,
215.194,-8.293641090393066,1.7391432523727417,-5.583648681640625,,otros,
215.227,-8.293641090393066,1.7391432523727417,-5.583648681640625,,otros,
215.274,-8.293641090393066,1.7391432523727417,-5.583648681640625,,otros,
215.295,-8.293641090393066,1.7391432523727417,-5.583648681640625,,otros,
215.329,-8.293641090393066,1.7391432523727417,-5.583648681640625,,otros,
215.374,-8.293641090393066,1.7391432523727417,-5.583648681640625,,otros,
215.396,-8.293641090393066,1.7391432523727417,-5.583648681640625,,otros,
215.429,-8.293641090393066,1.7391432523727417,-5.583648681640625,,otros,
215.475,-8.293641090393066,1.7391432523727417,-5.583648681640625,,otros,
215.497,-8.293641090393066,1.7391432523727417,-5.583648681640625,,otros,
215.53,-8.293641090393066,1.7391432523727417,-5.583648681640625,,otros,
215.576,-8.293641090393066,1.7391432523727417,-5.583648681640625,,otros,
215.598,-8.293641090393066,1.7391432523727417,-5.583648681640625,,otros,
215.631,-8.293641090393066,1.7391432523727417,-5.583648681640625,,otros,
215.679,-8.293641090393066,1.7391432523727417,-5.583648681640625,,otros,
215.699,-8.293641090393066,1.7391432523727417,-5.583648681640625,,otros,
215.731,-8.293641090393066,1.7391432523727417,-5.583648681640625,,otros,
215.778,-8.293641090393066,1.7391432523727417,-5.583648681640625,,otros,
215.798,-8.293641090393066,1.7391432523727417,-5.583648681640625,,otros,
215.831,-8.293641090393066,1.7391432523727417,-5.583648681640625,,otros,
215.879,-8.293641090393066,1.7391432523727417,-5.583648681640625,,otros,
215.899,-8.293641090393066,1.7391432523727417,-5.583648681640625,,otros,
215.932,-8.293641090393066,1.7391432523727417,-5.583648681640625,,otros,
215.979,-8.293641090393066,1.7391432523727417,-5.583648681640625,,otros,
216.0,-8.293641090393066,1.7391432523727417,-5.583648681640625,,otros,
216.032,-8.293641090393066,1.7391432523727417,-5.583648681640625,,otros,
216.078,-8.293641090393066,1.7391432523727417,-5.583648681640625,,otros,
216.099,-8.293641090393066,1.7391432523727417,-5.583648681640625,,otros,
216.133,-8.293641090393066,1.7391432523727417,-5.583648681640625,,otros,
216.18,-8.293641090393066,1.7391432523727417,-5.583648681640625,,otros,
216.2,-8.293641090393066,1.7391432523727417,-5.583648681640625,,otros,
216.233,-8.293641090393066,1.7391432523727417,-5.583648681640625,,otros,
216.281,-8.293641090393066,1.7391432523727417,-5.583648681640625,,otros,
216.301,-8.293641090393066,1.7391432523727417,-5.583648681640625,,otros,
216.335,-8.293641090393066,1.7391432523727417,-5.583648681640625,,otros,
216.381,-8.293641090393066,1.7391432523727417,-5.583648681640625,,otros,
216.402,-8.293641090393066,1.7391432523727417,-5.583648681640625,,otros,
216.435,-8.293641090393066,1.7391432523727417,-5.583648681640625,,otros,
216.482,-8.293641090393066,1.7391432523727417,-5.583648681640625,,otros,
216.502,-8.293641090393066,1.7391432523727417,-5.583648681640625,,otros,
216.536,-8.293641090393066,1.7391432523727417,-5.583648681640625,,otros,
216.584,-8.293641090393066,1.7391432523727417,-5.583648681640625,,otros,
216.603,-8.293641090393066,1.7391432523727417,-5.583648681640625,,otros,
216.637,-8.293641090393066,1.7391432523727417,-5.583648681640625,,otros,
216.683,-8.293641090393066,1.7391432523727417,-5.583648681640625,,otros,
216.704,-8.293641090393066,1.7391432523727417,-5.583648681640625,,otros,
216.737,-8.293641090393066,1.7391432523727417,-5.583648681640625,,otros,
216.786,-8.293641090393066,1.7391432523727417,-5.583648681640625,,otros,
216.804,-8.293641090393066,1.7391432523727417,-5.583648681640625,,otros,
216.837,-8.293641090393066,1.7391432523727417,-5.583648681640625,,otros,
216.885,-8.293641090393066,1.7391432523727417,-5.583648681640625,,otros,
216.905,-8.293641090393066,1.7391432523727417,-5.583648681640625,,otros,
216.938,-8.293641090393066,1.7391432523727417,-5.583648681640625,,otros,
216.984,-8.293641090393066,1.7391432523727417,-5.583648681640625,,otros,
217.005,-8.293641090393066,1.7391432523727417,-5.583648681640625,,otros,
217.039,-8.293641090393066,1.7391432523727417,-5.583648681640625,,otros,
217.085,-8.293641090393066,1.7391432523727417,-5.583648681640625,,otros,
217.106,-8.293641090393066,1.7391432523727417,-5.583648681640625,,otros,
217.139,-8.293641090393066,1.7391432523727417,-5.583648681640625,,otros,
217.187,-8.293641090393066,1.7391432523727417,-5.583648681640625,,otros,
217.207,-8.293641090393066,1.7391432523727417,-5.583648681640625,,otros,
217.24,-8.293641090393066,1.7391432523727417,-5.583648681640625,,otros,
217.288,-8.293641090393066,1.7391432523727417,-5.583648681640625,,otros,
217.308,-8.293641090393066,1.7391432523727417,-5.583648681640625,,otros,
217.341,-8.293641090393066,1.7391432523727417,-5.583648681640625,,otros,
217.389,-8.293641090393066,1.7391432523727417,-5.583648681640625,,otros,
217.409,-8.293641090393066,1.7391432523727417,-5.583648681640625,,otros,
217.442,-8.293641090393066,1.7391432523727417,-5.583648681640625,,otros,
217.49,-8.293641090393066,1.7391432523727417,-5.583648681640625,,otros,
217.509,-8.293641090393066,1.7391432523727417,-5.583648681640625,,otros,
217.542,-8.293641090393066,1.7391432523727417,-5.583648681640625,,otros,
217.59,-8.293641090393066,1.7391432523727417,-5.583648681640625,,otros,
217.609,-8.293641090393066,1.7391432523727417,-5.583648681640625,,otros,
217.642,-8.293641090393066,1.7391432523727417,-5.583648681640625,,otros,
217.689,-8.293641090393066,1.7391432523727417,-5.583648681640625,,otros,
217.709,-8.293641090393066,1.7391432523727417,-5.583648681640625,,otros,
217.741,-8.293641090393066,1.7391432523727417,-5.583648681640625,,otros,
217.79,-8.293641090393066,1.7391432523727417,-5.583648681640625,,otros,
217.808,-8.293641090393066,1.7391432523727417,-5.583648681640625,,otros,
217.84,-8.293641090393066,1.7391432523727417,-5.583648681640625,,otros,
217.89,-8.293641090393066,1.7391432523727417,-5.583648681640625,,otros,
217.908,-8.293641090393066,1.7391432523727417,-5.583648681640625,,otros,
217.941,-8.293641090393066,1.7391432523727417,-5.583648681640625,,otros,
217.99,-8.293641090393066,1.7391432523727417,-5.583648681640625,,otros,
218.007,-8.293641090393066,1.7391432523727417,-5.583648681640625,,otros,
218.04,-8.293641090393066,1.7391432523727417,-5.583648681640625,,otros,
218.09,-8.293641090393066,1.7391432523727417,-5.583648681640625,,otros,
218.107,-8.293641090393066,1.7391432523727417,-5.583648681640625,,otros,
218.141,-8.293641090393066,1.7391432523727417,-5.583648681640625,,otros,
218.19,-8.293641090393066,1.7391432523727417,-5.583648681640625,,otros,
218.208,-8.293641090393066,1.7391432523727417,-5.583648681640625,,otros,
218.241,-8.293641090393066,1.7391432523727417,-5.583648681640625,,otros,
218.29,-8.293641090393066,1.7391432523727417,-5.583648681640625,,otros,
218.31,-8.293641090393066,1.7391432523727417,-5.583648681640625,,otros,
218.343,-8.293641090393066,1.7391432523727417,-5.583648681640625,,otros,
218.391,-8.293641090393066,1.7391432523727417,-5.583648681640625,,otros,
218.41,-8.293641090393066,1.7391432523727417,-5.583648681640625,,otros,
218.443,-8.293641090393066,1.7391432523727417,-5.583648681640625,,otros,
218.493,-8.293641090393066,1.7391432523727417,-5.583648681640625,,otros,
218.511,-8.293641090393066,1.7391432523727417,-5.583648681640625,,otros,
218.545,-8.293641090393066,1.7391432523727417,-5.583648681640625,,otros,
218.592,-8.293641090393066,1.7391432523727417,-5.583648681640625,,otros,
218.611,-8.293641090393066,1.7391432523727417,-5.583648681640625,,otros,
218.645,-8.293641090393066,1.7391432523727417,-5.583648681640625,,otros,
218.694,-8.293641090393066,1.7391432523727417,-5.583648681640625,,otros,
218.713,-8.293641090393066,1.7391432523727417,-5.583648681640625,,otros,
218.745,-8.293641090393066,1.7391432523727417,-5.583648681640625,,otros,
218.795,-8.293641090393066,1.7391432523727417,-5.583648681640625,,otros,
218.811,-8.293641090393066,1.7391432523727417,-5.583648681640625,,otros,
218.844,-8.293641090393066,1.7391432523727417,-5.583648681640625,,otros,
218.894,-8.293641090393066,1.7391432523727417,-5.583648681640625,,otros,
218.912,-8.293641090393066,1.7391432523727417,-5.583648681640625,,otros,
218.944,-8.293641090393066,1.7391432523727417,-5.583648681640625,,otros,
218.994,-8.293641090393066,1.7391432523727417,-5.583648681640625,,otros,
219.012,-8.293641090393066,1.7391432523727417,-5.583648681640625,,otros,
219.045,-8.293641090393066,1.7391432523727417,-5.583648681640625,,otros,
219.094,-8.293641090393066,1.7391432523727417,-5.583648681640625,,otros,
219.112,-8.293641090393066,1.7391432523727417,-5.583648681640625,,otros,
219.146,-8.293641090393066,1.7391432523727417,-5.583648681640625,,otros,
219.196,-8.293641090393066,1.7391432523727417,-5.583648681640625,,otros,
219.213,-8.293641090393066,1.7391432523727417,-5.583648681640625,,otros,
219.246,-8.293641090393066,1.7391432523727417,-5.583648681640625,,otros,
219.294,-8.293641090393066,1.7391432523727417,-5.583648681640625,,otros,
219.313,-8.293641090393066,1.7391432523727417,-5.583648681640625,,otros,
219.347,-8.293641090393066,1.7391432523727417,-5.583648681640625,,otros,
219.395,-8.293641090393066,1.7391432523727417,-5.583648681640625,,otros,
219.414,-8.293641090393066,1.7391432523727417,-5.583648681640625,,otros,
219.448,-8.293641090393066,1.7391432523727417,-5.583648681640625,,otros,
219.495,-8.293641090393066,1.7391432523727417,-5.583648681640625,,otros,
219.514,-8.293641090393066,1.7391432523727417,-5.583648681640625,,otros,
219.548,-8.293641090393066,1.7391432523727417,-5.583648681640625,,otros,
219.596,-8.293641090393066,1.7391432523727417,-5.583648681640625,,otros,
219.615,-8.293641090393066,1.7391432523727417,-5.583648681640625,,otros,
219.648,-8.293641090393066,1.7391432523727417,-5.583648681640625,,otros,
219.696,-8.293641090393066,1.7391432523727417,-5.583648681640625,,otros,
219.715,-8.293641090393066,1.7391432523727417,-5.583648681640625,,otros,
219.748,-8.293641090393066,1.7391432523727417,-5.583648681640625,,otros,
219.796,-8.293641090393066,1.7391432523727417,-5.583648681640625,,otros,
219.816,-8.293641090393066,1.7391432523727417,-5.583648681640625,,otros,
219.849,-8.293641090393066,1.7391432523727417,-5.583648681640625,,otros,
219.897,-8.293641090393066,1.7391432523727417,-5.583648681640625,,otros,
219.915,-8.293641090393066,1.7391432523727417,-5.583648681640625,,otros,
219.949,-8.293641090393066,1.7391432523727417,-5.583648681640625,,otros,
219.997,-8.293641090393066,1.7391432523727417,-5.583648681640625,,otros,
220.016,-8.293641090393066,1.7391432523727417,-5.583648681640625,,otros,
220.049,-8.293641090393066,1.7391432523727417,-5.583648681640625,,otros,
220.099,-8.293641090393066,1.7391432523727417,-5.583648681640625,,otros,
220.116,-8.293641090393066,1.7391432523727417,-5.583648681640625,,otros,
220.149,-8.293641090393066,1.7391432523727417,-5.583648681640625,,otros,
220.198,-8.293641090393066,1.7391432523727417,-5.583648681640625,,otros,
220.216,-8.293641090393066,1.7391432523727417,-5.583648681640625,,otros,
220.249,-8.293641090393066,1.7391432523727417,-5.583648681640625,,otros,
220.296,-8.293641090393066,1.7391432523727417,-5.583648681640625,,otros,
220.316,-8.293641090393066,1.7391432523727417,-5.583648681640625,,otros,
220.35,-8.293641090393066,1.7391432523727417,-5.583648681640625,,otros,
220.398,-8.293641090393066,1.7391432523727417,-5.583648681640625,,otros,
220.417,-8.293641090393066,1.7391432523727417,-5.583648681640625,,otros,
220.45,-8.293641090393066,1.7391432523727417,-5.583648681640625,,otros,
220.499,-8.293641090393066,1.7391432523727417,-5.583648681640625,,otros,
220.518,-8.293641090393066,1.7391432523727417,-5.583648681640625,,otros,
220.551,-8.293641090393066,1.7391432523727417,-5.583648681640625,,otros,
220.6,-8.293641090393066,1.7391432523727417,-5.583648681640625,,otros,
220.618,-8.293641090393066,1.7391432523727417,-5.583648681640625,,otros,
220.651,-8.293641090393066,1.7391432523727417,-5.583648681640625,,otros,
220.699,-8.293641090393066,1.7391432523727417,-5.583648681640625,,otros,
220.719,-8.293641090393066,1.7391432523727417,-5.583648681640625,,otros,
220.752,-8.293641090393066,1.7391432523727417,-5.583648681640625,,otros,
220.8,-8.293641090393066,1.7391432523727417,-5.583648681640625,,otros,
220.819,-8.293641090393066,1.7391432523727417,-5.583648681640625,,otros,
220.851,-8.293641090393066,1.7391432523727417,-5.583648681640625,,otros,
220.899,-8.293641090393066,1.7391432523727417,-5.583648681640625,,otros,
220.919,-8.293641090393066,1.7391432523727417,-5.583648681640625,,otros,
220.952,-8.293641090393066,1.7391432523727417,-5.583648681640625,,otros,
221.002,-8.293641090393066,1.7391432523727417,-5.583648681640625,,otros,
221.02,-8.293641090393066,1.7391432523727417,-5.583648681640625,,otros,
221.054,-8.293641090393066,1.7391432523727417,-5.583648681640625,,otros,
221.102,-8.293641090393066,1.7391432523727417,-5.583648681640625,,otros,
221.121,-8.293641090393066,1.7391432523727417,-5.583648681640625,,otros,
221.155,-8.293641090393066,1.7391432523727417,-5.583648681640625,,otros,
221.203,-8.293641090393066,1.7391432523727417,-5.583648681640625,,otros,
221.224,-8.293641090393066,1.7391432523727417,-5.583648681640625,,otros,
221.256,-8.293641090393066,1.7391432523727417,-5.583648681640625,,otros,
221.304,-8.293641090393066,1.7391432523727417,-5.583648681640625,,otros,
221.324,-8.293641090393066,1.7391432523727417,-5.583648681640625,,otros,
221.356,-8.293641090393066,1.7391432523727417,-5.583648681640625,,otros,
221.405,-8.293641090393066,1.7391432523727417,-5.583648681640625,,otros,
221.422,-8.293641090393066,1.7391432523727417,-5.583648681640625,,otros,
221.455,-8.293641090393066,1.7391432523727417,-5.583648681640625,,otros,
221.506,-8.293641090393066,1.7391432523727417,-5.583648681640625,,otros,
221.523,-8.293641090393066,1.7391432523727417,-5.583648681640625,,otros,
221.556,-8.293641090393066,1.7391432523727417,-5.583648681640625,,otros,
221.605,-8.293641090393066,1.7391432523727417,-5.583648681640625,,otros,
221.622,-8.293641090393066,1.7391432523727417,-5.583648681640625,,otros,
221.655,-8.293641090393066,1.7391432523727417,-5.583648681640625,,otros,
221.705,-8.293641090393066,1.7391432523727417,-5.583648681640625,,otros,
221.724,-8.293641090393066,1.7391432523727417,-5.583648681640625,,otros,
221.759,-8.293641090393066,1.7391432523727417,-5.583648681640625,,otros,
221.806,-8.293641090393066,1.7391432523727417,-5.583648681640625,,otros,
221.825,-8.293641090393066,1.7391432523727417,-5.583648681640625,,otros,
221.857,-8.293641090393066,1.7391432523727417,-5.583648681640625,,otros,
221.906,-8.293641090393066,1.7391432523727417,-5.583648681640625,,otros,
221.924,-8.293641090393066,1.7391432523727417,-5.583648681640625,,otros,
221.957,-8.293641090393066,1.7391432523727417,-5.583648681640625,,otros,
222.006,-8.293641090393066,1.7391432523727417,-5.583648681640625,,otros,
222.023,-8.293641090393066,1.7391432523727417,-5.583648681640625,,otros,
222.057,-8.293641090393066,1.7391432523727417,-5.583648681640625,,otros,
222.105,-8.293641090393066,1.7391432523727417,-5.583648681640625,,otros,
222.124,-8.293641090393066,1.7391432523727417,-5.583648681640625,,otros,
222.157,-8.293641090393066,1.7391432523727417,-5.583648681640625,,otros,
222.205,-8.293641090393066,1.7391432523727417,-5.583648681640625,,otros,
222.226,-8.293641090393066,1.7391432523727417,-5.583648681640625,,otros,
222.26,-8.293641090393066,1.7391432523727417,-5.583648681640625,,otros,
222.31,-8.293641090393066,1.7391432523727417,-5.583648681640625,,otros,
222.33,-8.293641090393066,1.7391432523727417,-5.583648681640625,,otros,
222.367,-8.293641090393066,1.7391432523727417,-5.583648681640625,,otros,
222.414,-8.293641090393066,1.7391432523727417,-5.583648681640625,,otros,
222.434,-8.293641090393066,1.7391432523727417,-5.583648681640625,,otros,
222.466,-8.293641090393066,1.7391432523727417,-5.583648681640625,,otros,
222.515,-8.293641090393066,1.7391432523727417,-5.583648681640625,,otros,
222.532,-8.293641090393066,1.7391432523727417,-5.583648681640625,,otros,
222.566,-8.293641090393066,1.7391432523727417,-5.583648681640625,,otros,
222.616,-8.293641090393066,1.7391432523727417,-5.583648681640625,,otros,
222.632,-8.293641090393066,1.7391432523727417,-5.583648681640625,,otros,
222.665,-8.293641090393066,1.7391432523727417,-5.583648681640625,,otros,
222.715,-8.293641090393066,1.7391432523727417,-5.583648681640625,,otros,
222.732,-8.293641090393066,1.7391432523727417,-5.583648681640625,,otros,
222.765,-8.293641090393066,1.7391432523727417,-5.583648681640625,,otros,
222.818,-8.293641090393066,1.7391432523727417,-5.583648681640625,,otros,
222.831,-8.293641090393066,1.7391432523727417,-5.583648681640625,,otros,
222.864,-8.293641090393066,1.7391432523727417,-5.583648681640625,,otros,
222.916,-8.293641090393066,1.7391432523727417,-5.583648681640625,,otros,
222.932,-8.293641090393066,1.7391432523727417,-5.583648681640625,,otros,
222.965,-8.293641090393066,1.7391432523727417,-5.583648681640625,,otros,
223.014,-8.293641090393066,1.7391432523727417,-5.583648681640625,,otros,
223.031,-8.293641090393066,1.7391432523727417,-5.583648681640625,,otros,
223.064,-8.293641090393066,1.7391432523727417,-5.583648681640625,,otros,
223.114,-8.293641090393066,1.7391432523727417,-5.583648681640625,,otros,
223.132,-8.293641090393066,1.7391432523727417,-5.583648681640625,,otros,
223.166,-8.293641090393066,1.7391432523727417,-5.583648681640625,,otros,
223.215,-8.293641090393066,1.7391432523727417,-5.583648681640625,,otros,
223.233,-8.293641090393066,1.7391432523727417,-5.583648681640625,,otros,
223.267,-8.293641090393066,1.7391432523727417,-5.583648681640625,,otros,
223.314,-8.293641090393066,1.7391432523727417,-5.583648681640625,,otros,
223.334,-8.293641090393066,1.7391432523727417,-5.583648681640625,,otros,
223.368,-8.293641090393066,1.7391432523727417,-5.583648681640625,,otros,
223.417,-8.293641090393066,1.7391432523727417,-5.583648681640625,,otros,
223.435,-8.293641090393066,1.7391432523727417,-5.583648681640625,,otros,
223.469,-8.293641090393066,1.7391432523727417,-5.583648681640625,,otros,
223.516,-8.293641090393066,1.7391432523727417,-5.583648681640625,,otros,
223.535,-8.293641090393066,1.7391432523727417,-5.583648681640625,,otros,
223.569,-8.293641090393066,1.7391432523727417,-5.583648681640625,,otros,
223.613,-8.293641090393066,1.7391432523727417,-5.583648681640625,,otros,
223.636,-8.293641090393066,1.7391432523727417,-5.583648681640625,,otros,
223.669,-8.293641090393066,1.7391432523727417,-5.583648681640625,,otros,
223.716,-8.293641090393066,1.7391432523727417,-5.583648681640625,,otros,
223.735,-8.293641090393066,1.7391432523727417,-5.583648681640625,,otros,
223.768,-8.293641090393066,1.7391432523727417,-5.583648681640625,,otros,
223.817,-8.293641090393066,1.7391432523727417,-5.583648681640625,,otros,
223.835,-8.293641090393066,1.7391432523727417,-5.583648681640625,,otros,
223.868,-8.293641090393066,1.7391432523727417,-5.583648681640625,,otros,
223.918,-8.293641090393066,1.7391432523727417,-5.583648681640625,,otros,
223.935,-8.293641090393066,1.7391432523727417,-5.583648681640625,,otros,
223.967,-8.293641090393066,1.7391432523727417,-5.583648681640625,,otros,
224.016,-8.293641090393066,1.7391432523727417,-5.583648681640625,,otros,
224.034,-8.293641090393066,1.7391432523727417,-5.583648681640625,,otros,
224.067,-8.293641090393066,1.7391432523727417,-5.583648681640625,,otros,
224.116,-8.293641090393066,1.7391432523727417,-5.583648681640625,,otros,
224.135,-8.293641090393066,1.7391432523727417,-5.583648681640625,,otros,
224.168,-8.293641090393066,1.7391432523727417,-5.583648681640625,,otros,
224.218,-8.293641090393066,1.7391432523727417,-5.583648681640625,,otros,
224.237,-8.293641090393066,1.7391432523727417,-5.583648681640625,,otros,
224.271,-8.293641090393066,1.7391432523727417,-5.583648681640625,,otros,
224.32,-8.293641090393066,1.7391432523727417,-5.583648681640625,,otros,
224.339,-8.293641090393066,1.7391432523727417,-5.583648681640625,,otros,
224.373,-8.293641090393066,1.7391432523727417,-5.583648681640625,,otros,
224.418,-8.293641090393066,1.7391432523727417,-5.583648681640625,,otros,
224.44,-8.293641090393066,1.7391432523727417,-5.583648681640625,,otros,
224.475,-8.293641090393066,1.7391432523727417,-5.583648681640625,,otros,
224.521,-8.293641090393066,1.7391432523727417,-5.583648681640625,,otros,
224.542,-8.293641090393066,1.7391432523727417,-5.583648681640625,,otros,
224.576,-8.293641090393066,1.7391432523727417,-5.583648681640625,,otros,
224.625,-8.293641090393066,1.7391432523727417,-5.583648681640625,,otros,
224.643,-8.293641090393066,1.7391432523727417,-5.583648681640625,,otros,
224.678,-8.293641090393066,1.7391432523727417,-5.583648681640625,,otros,
224.725,-8.293641090393066,1.7391432523727417,-5.583648681640625,,otros,
224.746,-8.293641090393066,1.7391432523727417,-5.583648681640625,,otros,
224.779,-8.293641090393066,1.7391432523727417,-5.583648681640625,,otros,
224.827,-8.293641090393066,1.7391432523727417,-5.583648681640625,,otros,
224.845,-8.293641090393066,1.7391432523727417,-5.583648681640625,,otros,
224.879,-8.293641090393066,1.7391432523727417,-5.583648681640625,,otros,
224.926,-8.293641090393066,1.7391432523727417,-5.583648681640625,,otros,
224.946,-8.293641090393066,1.7391432523727417,-5.583648681640625,,otros,
224.98,-8.293641090393066,1.7391432523727417,-5.583648681640625,,otros,
225.027,-8.293641090393066,1.7391432523727417,-5.583648681640625,,otros,
225.045,-8.293641090393066,1.7391432523727417,-5.583648681640625,,otros,
225.079,-8.293641090393066,1.7391432523727417,-5.583648681640625,,otros,
225.127,-8.293641090393066,1.7391432523727417,-5.583648681640625,,otros,
225.144,-8.293641090393066,1.7391432523727417,-5.583648681640625,,otros,
225.177,-8.293641090393066,1.7391432523727417,-5.583648681640625,,otros,
225.225,-8.293641090393066,1.7391432523727417,-5.583648681640625,,otros,
225.243,-8.293641090393066,1.7391432523727417,-5.583648681640625,,otros,
225.276,-8.293641090393066,1.7391432523727417,-5.583648681640625,,otros,
225.325,-8.293641090393066,1.7391432523727417,-5.583648681640625,,otros,
225.342,-8.293641090393066,1.7391432523727417,-5.583648681640625,,otros,
225.375,-8.293641090393066,1.7391432523727417,-5.583648681640625,,otros,
225.424,-8.293641090393066,1.7391432523727417,-5.583648681640625,,otros,
225.441,-8.293641090393066,1.7391432523727417,-5.583648681640625,,otros,
225.474,-8.293641090393066,1.7391432523727417,-5.583648681640625,,otros,
225.524,-8.293641090393066,1.7391432523727417,-5.583648681640625,,otros,
225.541,-8.293641090393066,1.7391432523727417,-5.583648681640625,,otros,
225.574,-8.293641090393066,1.7391432523727417,-5.583648681640625,,otros,
225.624,-8.293641090393066,1.7391432523727417,-5.583648681640625,,otros,
225.64,-8.293641090393066,1.7391432523727417,-5.583648681640625,,otros,
225.673,-8.293641090393066,1.7391432523727417,-5.583648681640625,,otros,
225.721,-8.293641090393066,1.7391432523727417,-5.583648681640625,,otros,
225.739,-8.293641090393066,1.7391432523727417,-5.583648681640625,,otros,
225.773,-8.293641090393066,1.7391432523727417,-5.583648681640625,,otros,
225.823,-8.293641090393066,1.7391432523727417,-5.583648681640625,,otros,
225.839,-8.293641090393066,1.7391432523727417,-5.583648681640625,,otros,
225.873,-8.293641090393066,1.7391432523727417,-5.583648681640625,,otros,
225.922,-8.293641090393066,1.7391432523727417,-5.583648681640625,,otros,
225.941,-8.293641090393066,1.7391432523727417,-5.583648681640625,,otros,
225.974,-8.293641090393066,1.7391432523727417,-5.583648681640625,,otros,
226.026,-8.293641090393066,1.7391432523727417,-5.583648681640625,,otros,
226.056,-8.293641090393066,1.7391432523727417,-5.583648681640625,,otros,
226.082,-8.293641090393066,1.7391432523727417,-5.583648681640625,,otros,
226.13,-8.293641090393066,1.7391432523727417,-5.583648681640625,,otros,
226.159,-8.293641090393066,1.7391432523727417,-5.583648681640625,,otros,
226.187,-8.293641090393066,1.7391432523727417,-5.583648681640625,,otros,
226.237,-8.293641090393066,1.7391432523727417,-5.583648681640625,,otros,
226.256,-8.293641090393066,1.7391432523727417,-5.583648681640625,,otros,
226.291,-8.293641090393066,1.7391432523727417,-5.583648681640625,,otros,
226.34,-8.293641090393066,1.7391432523727417,-5.583648681640625,,otros,
226.358,-8.293641090393066,1.7391432523727417,-5.583648681640625,,otros,
226.392,-8.293641090393066,1.7391432523727417,-5.583648681640625,,otros,
226.441,-8.293641090393066,1.7391432523727417,-5.583648681640625,,otros,
226.46,-8.293641090393066,1.7391432523727417,-5.583648681640625,,otros,
226.494,-8.293641090393066,1.7391432523727417,-5.583648681640625,,otros,
226.543,-8.293641090393066,1.7391432523727417,-5.583648681640625,,otros,
226.562,-8.293641090393066,1.7391432523727417,-5.583648681640625,,otros,
226.596,-8.293641090393066,1.7391432523727417,-5.583648681640625,,otros,
226.645,-8.293641090393066,1.7391432523727417,-5.583648681640625,,otros,
226.664,-8.293641090393066,1.7391432523727417,-5.583648681640625,,otros,
226.698,-8.293641090393066,1.7391432523727417,-5.583648681640625,,otros,
226.747,-8.293641090393066,1.7391432523727417,-5.583648681640625,,otros,
226.765,-8.293641090393066,1.7391432523727417,-5.583648681640625,,otros,
226.798,-8.293641090393066,1.7391432523727417,-5.583648681640625,,otros,
226.848,-8.293641090393066,1.7391432523727417,-5.583648681640625,,otros,
226.866,-8.293641090393066,1.7391432523727417,-5.583648681640625,,otros,
226.901,-8.293641090393066,1.7391432523727417,-5.583648681640625,,otros,
226.95,-8.293641090393066,1.7391432523727417,-5.583648681640625,,otros,
226.968,-8.293641090393066,1.7391432523727417,-5.583648681640625,,otros,
227.0,-8.293641090393066,1.7391432523727417,-5.583648681640625,,otros,
227.048,-8.293641090393066,1.7391432523727417,-5.583648681640625,,otros,
227.068,-8.293641090393066,1.7391432523727417,-5.583648681640625,,otros,
227.101,-8.293641090393066,1.7391432523727417,-5.583648681640625,,otros,
227.152,-8.293641090393066,1.7391432523727417,-5.583648681640625,,otros,
227.168,-8.293641090393066,1.7391432523727417,-5.583648681640625,,otros,
227.201,-8.293641090393066,1.7391432523727417,-5.583648681640625,,otros,
227.25,-8.293641090393066,1.7391432523727417,-5.583648681640625,,otros,
227.268,-8.293641090393066,1.7391432523727417,-5.583648681640625,,otros,
227.302,-8.293641090393066,1.7391432523727417,-5.583648681640625,,otros,
227.353,-8.293641090393066,1.7391432523727417,-5.583648681640625,,otros,
227.37,-8.293641090393066,1.7391432523727417,-5.583648681640625,,otros,
227.405,-8.293641090393066,1.7391432523727417,-5.583648681640625,,otros,
227.453,-8.293641090393066,1.7391432523727417,-5.583648681640625,,otros,
227.471,-8.293641090393066,1.7391432523727417,-5.583648681640625,,otros,
227.503,-8.293641090393066,1.7391432523727417,-5.583648681640625,,otros,
227.551,-8.293641090393066,1.7391432523727417,-5.583648681640625,,otros,
227.569,-8.293641090393066,1.7391432523727417,-5.583648681640625,,otros,
227.602,-8.293641090393066,1.7391432523727417,-5.583648681640625,,otros,
227.65,-8.293641090393066,1.7391432523727417,-5.583648681640625,,otros,
227.668,-8.293641090393066,1.7391432523727417,-5.583648681640625,,otros,
227.701,-8.293641090393066,1.7391432523727417,-5.583648681640625,,otros,
227.749,-8.293641090393066,1.7391432523727417,-5.583648681640625,,otros,
227.768,-8.293641090393066,1.7391432523727417,-5.583648681640625,,otros,
227.801,-8.293641090393066,1.7391432523727417,-5.583648681640625,,otros,
227.849,-8.293641090393066,1.7391432523727417,-5.583648681640625,,otros,
227.868,-8.293641090393066,1.7391432523727417,-5.583648681640625,,otros,
227.9,-8.293641090393066,1.7391432523727417,-5.583648681640625,,otros,
227.95,-8.293641090393066,1.7391432523727417,-5.583648681640625,,otros,
227.968,-8.293641090393066,1.7391432523727417,-5.583648681640625,,otros,
228.0,-8.293641090393066,1.7391432523727417,-5.583648681640625,,otros,
228.05,-8.293641090393066,1.7391432523727417,-5.583648681640625,,otros,
228.068,-8.293641090393066,1.7391432523727417,-5.583648681640625,,otros,
228.101,-8.293641090393066,1.7391432523727417,-5.583648681640625,,otros,
228.149,-8.293641090393066,1.7391432523727417,-5.583648681640625,,otros,
228.167,-8.293641090393066,1.7391432523727417,-5.583648681640625,,otros,
228.202,-8.293641090393066,1.7391432523727417,-5.583648681640625,,otros,
228.252,-8.293641090393066,1.7391432523727417,-5.583648681640625,,otros,
228.272,-8.293641090393066,1.7391432523727417,-5.583648681640625,,otros,
228.305,-8.293641090393066,1.7391432523727417,-5.583648681640625,,otros,
228.357,-8.293641090393066,1.7391432523727417,-5.583648681640625,,otros,
228.375,-8.293641090393066,1.7391432523727417,-5.583648681640625,,otros,
228.408,-8.293641090393066,1.7391432523727417,-5.583648681640625,,otros,
228.459,-8.293641090393066,1.7391432523727417,-5.583648681640625,,otros,
228.476,-8.293641090393066,1.7391432523727417,-5.583648681640625,,otros,
228.51,-8.293641090393066,1.7391432523727417,-5.583648681640625,,otros,
228.558,-8.293641090393066,1.7391432523727417,-5.583648681640625,,otros,
228.576,-8.293641090393066,1.7391432523727417,-5.583648681640625,,otros,
228.61,-8.293641090393066,1.7391432523727417,-5.583648681640625,,otros,
228.658,-8.293641090393066,1.7391432523727417,-5.583648681640625,,otros,
228.676,-8.293641090393066,1.7391432523727417,-5.583648681640625,,otros,
228.71,-8.293641090393066,1.7391432523727417,-5.583648681640625,,otros,
228.759,-8.293641090393066,1.7391432523727417,-5.583648681640625,,otros,
228.777,-8.293641090393066,1.7391432523727417,-5.583648681640625,,otros,
228.811,-8.293641090393066,1.7391432523727417,-5.583648681640625,,otros,
228.861,-8.293641090393066,1.7391432523727417,-5.583648681640625,,otros,
228.878,-8.293641090393066,1.7391432523727417,-5.583648681640625,,otros,
228.911,-8.293641090393066,1.7391432523727417,-5.583648681640625,,otros,
228.959,-8.293641090393066,1.7391432523727417,-5.583648681640625,,otros,
228.979,-8.293641090393066,1.7391432523727417,-5.583648681640625,,otros,
229.012,-8.293641090393066,1.7391432523727417,-5.583648681640625,,otros,
229.06,-8.293641090393066,1.7391432523727417,-5.583648681640625,,otros,
229.078,-8.293641090393066,1.7391432523727417,-5.583648681640625,,otros,
229.111,-8.293641090393066,1.7391432523727417,-5.583648681640625,,otros,
229.16,-8.293641090393066,1.7391432523727417,-5.583648681640625,,otros,
229.178,-8.293641090393066,1.7391432523727417,-5.583648681640625,,otros,
229.212,-8.293641090393066,1.7391432523727417,-5.583648681640625,,otros,
229.26,-8.293641090393066,1.7391432523727417,-5.583648681640625,,otros,
229.28,-8.293641090393066,1.7391432523727417,-5.583648681640625,,otros,
229.314,-8.293641090393066,1.7391432523727417,-5.583648681640625,,otros,
229.363,-8.293641090393066,1.7391432523727417,-5.583648681640625,,otros,
229.387,-8.293641090393066,1.7391432523727417,-5.583648681640625,,otros,
229.417,-8.293641090393066,1.7391432523727417,-5.583648681640625,,otros,
229.466,-8.293641090393066,1.7391432523727417,-5.583648681640625,,otros,
229.486,-8.293641090393066,1.7391432523727417,-5.583648681640625,,otros,
229.517,-8.293641090393066,1.7391432523727417,-5.583648681640625,,otros,
229.57,-8.293641090393066,1.7391432523727417,-5.583648681640625,,otros,
229.587,-8.293641090393066,1.7391432523727417,-5.583648681640625,,otros,
229.62,-8.293641090393066,1.7391432523727417,-5.583648681640625,,otros,
229.673,-8.293641090393066,1.7391432523727417,-5.583648681640625,,otros,
229.689,-8.293641090393066,1.7391432523727417,-5.583648681640625,,otros,
229.721,-8.293641090393066,1.7391432523727417,-5.583648681640625,,otros,
229.774,-8.293641090393066,1.7391432523727417,-5.583648681640625,,otros,
229.788,-8.293641090393066,1.7391432523727417,-5.583648681640625,,otros,
229.822,-8.293641090393066,1.7391432523727417,-5.583648681640625,,otros,
229.871,-8.293641090393066,1.7391432523727417,-5.583648681640625,,otros,
229.89,-8.293641090393066,1.7391432523727417,-5.583648681640625,,otros,
229.925,-8.293641090393066,1.7391432523727417,-5.583648681640625,,otros,
229.974,-8.293641090393066,1.7391432523727417,-5.583648681640625,,otros,
229.992,-8.293641090393066,1.7391432523727417,-5.583648681640625,,otros,
230.028,-8.293641090393066,1.7391432523727417,-5.583648681640625,,otros,
230.079,-8.293641090393066,1.7391432523727417,-5.583648681640625,,otros,
230.098,-8.293641090393066,1.7391432523727417,-5.583648681640625,,otros,
230.132,-8.293641090393066,1.7391432523727417,-5.583648681640625,,otros,
230.185,-8.293641090393066,1.7391432523727417,-5.583648681640625,,otros,
230.202,-8.293641090393066,1.7391432523727417,-5.583648681640625,,otros,
230.236,-8.293641090393066,1.7391432523727417,-5.583648681640625,,otros,
230.29,-8.293641090393066,1.7391432523727417,-5.583648681640625,,otros,
230.303,-8.293641090393066,1.7391432523727417,-5.583648681640625,,otros,
230.338,-8.293641090393066,1.7391432523727417,-5.583648681640625,,otros,
230.387,-8.293641090393066,1.7391432523727417,-5.583648681640625,,otros,
230.408,-8.293641090393066,1.7391432523727417,-5.583648681640625,,otros,
230.442,-8.293641090393066,1.7391432523727417,-5.583648681640625,,otros,
230.496,-8.293641090393066,1.7391432523727417,-5.583648681640625,,otros,
230.51,-8.293641090393066,1.7391432523727417,-5.583648681640625,,otros,
230.544,-8.293641090393066,1.7391432523727417,-5.583648681640625,,otros,
230.594,-8.293641090393066,1.7391432523727417,-5.583648681640625,,otros,
230.612,-8.293641090393066,1.7391432523727417,-5.583648681640625,,otros,
230.647,-8.293641090393066,1.7391432523727417,-5.583648681640625,,otros,
230.693,-8.293641090393066,1.7391432523727417,-5.583648681640625,,otros,
230.714,-8.293641090393066,1.7391432523727417,-5.583648681640625,,otros,
230.746,-8.293641090393066,1.7391432523727417,-5.583648681640625,,otros,
230.797,-8.293641090393066,1.7391432523727417,-5.583648681640625,,otros,
230.818,-8.293641090393066,1.7391432523727417,-5.583648681640625,,otros,
230.853,-8.293641090393066,1.7391432523727417,-5.583648681640625,,otros,
230.903,-8.293641090393066,1.7391432523727417,-5.583648681640625,,otros,
230.925,-8.293641090393066,1.7391432523727417,-5.583648681640625,,otros,
230.962,-8.293641090393066,1.7391432523727417,-5.583648681640625,,otros,
231.011,-8.293641090393066,1.7391432523727417,-5.583648681640625,,otros,
231.032,-8.293641090393066,1.7391432523727417,-5.583648681640625,,otros,
231.067,-8.293641090393066,1.7391432523727417,-5.583648681640625,,otros,
231.115,-8.293641090393066,1.7391432523727417,-5.583648681640625,,otros,
231.136,-8.293641090393066,1.7391432523727417,-5.583648681640625,,otros,
231.171,-8.293641090393066,1.7391432523727417,-5.583648681640625,,otros,
231.22,-8.293641090393066,1.7391432523727417,-5.583648681640625,,otros,
231.241,-8.293641090393066,1.7391432523727417,-5.583648681640625,,otros,
231.276,-8.293641090393066,1.7391432523727417,-5.583648681640625,,otros,
231.323,-8.293641090393066,1.7391432523727417,-5.583648681640625,,otros,
231.346,-8.293641090393066,1.7391432523727417,-5.583648681640625,,otros,
231.38,-8.293641090393066,1.7391432523727417,-5.583648681640625,,otros,
231.428,-8.293641090393066,1.7391432523727417,-5.583648681640625,,otros,
231.45,-8.293641090393066,1.7391432523727417,-5.583648681640625,,otros,
231.484,-8.293641090393066,1.7391432523727417,-5.583648681640625,,otros,
231.534,-8.293641090393066,1.7391432523727417,-5.583648681640625,,otros,
231.554,-8.293641090393066,1.7391432523727417,-5.583648681640625,,otros,
231.589,-8.293641090393066,1.7391432523727417,-5.583648681640625,,otros,
231.637,-8.293641090393066,1.7391432523727417,-5.583648681640625,,otros,
231.658,-8.293641090393066,1.7391432523727417,-5.583648681640625,,otros,
231.692,-8.293641090393066,1.7391432523727417,-5.583648681640625,,otros,
231.744,-8.293641090393066,1.7391432523727417,-5.583648681640625,,otros,
231.766,-8.293641090393066,1.7391432523727417,-5.583648681640625,,otros,
231.798,-8.293641090393066,1.7391432523727417,-5.583648681640625,,otros,
231.848,-8.293641090393066,1.7391432523727417,-5.583648681640625,,otros,
231.869,-8.293641090393066,1.7391432523727417,-5.583648681640625,,otros,
231.903,-8.293641090393066,1.7391432523727417,-5.583648681640625,,otros,
231.953,-8.293641090393066,1.7391432523727417,-5.583648681640625,,otros,
231.972,-8.293641090393066,1.7391432523727417,-5.583648681640625,,otros,
232.007,-8.293641090393066,1.7391432523727417,-5.583648681640625,,otros,
232.055,-8.293641090393066,1.7391432523727417,-5.583648681640625,,otros,
232.076,-8.293641090393066,1.7391432523727417,-5.583648681640625,,otros,
232.111,-8.293641090393066,1.7391432523727417,-5.583648681640625,,otros,
232.16,-8.293641090393066,1.7391432523727417,-5.583648681640625,,otros,
232.181,-8.293641090393066,1.7391432523727417,-5.583648681640625,,otros,
232.215,-8.293641090393066,1.7391432523727417,-5.583648681640625,,otros,
232.267,-8.293641090393066,1.7391432523727417,-5.583648681640625,,otros,
232.286,-8.293641090393066,1.7391432523727417,-5.583648681640625,,otros,
232.322,-8.293641090393066,1.7391432523727417,-5.583648681640625,,otros,
232.371,-8.293641090393066,1.7391432523727417,-5.583648681640625,,otros,
232.391,-8.293641090393066,1.7391432523727417,-5.583648681640625,,otros,
232.426,-8.293641090393066,1.7391432523727417,-5.583648681640625,,otros,
232.476,-8.293641090393066,1.7391432523727417,-5.583648681640625,,otros,
232.495,-8.293641090393066,1.7391432523727417,-5.583648681640625,,otros,
232.529,-8.293641090393066,1.7391432523727417,-5.583648681640625,,otros,
232.579,-8.293641090393066,1.7391432523727417,-5.583648681640625,,otros,
232.599,-8.293641090393066,1.7391432523727417,-5.583648681640625,,otros,
232.636,-8.293641090393066,1.7391432523727417,-5.583648681640625,,otros,
232.683,-8.293641090393066,1.7391432523727417,-5.583648681640625,,otros,
232.705,-8.293641090393066,1.7391432523727417,-5.583648681640625,,otros,
232.74,-8.293641090393066,1.7391432523727417,-5.583648681640625,,otros,
232.789,-8.293641090393066,1.7391432523727417,-5.583648681640625,,otros,
232.81,-8.293641090393066,1.7391432523727417,-5.583648681640625,,otros,
232.844,-8.293641090393066,1.7391432523727417,-5.583648681640625,,otros,
232.894,-8.293641090393066,1.7391432523727417,-5.583648681640625,,otros,
232.914,-8.293641090393066,1.7391432523727417,-5.583648681640625,,otros,
232.949,-8.293641090393066,1.7391432523727417,-5.583648681640625,,otros,
232.999,-8.293641090393066,1.7391432523727417,-5.583648681640625,,otros,
233.02,-8.293641090393066,1.7391432523727417,-5.583648681640625,,otros,
233.055,-8.293641090393066,1.7391432523727417,-5.583648681640625,,otros,
233.104,-8.293641090393066,1.7391432523727417,-5.583648681640625,,otros,
233.126,-8.293641090393066,1.7391432523727417,-5.583648681640625,,otros,
233.16,-8.293641090393066,1.7391432523727417,-5.583648681640625,,otros,
233.21,-8.293641090393066,1.7391432523727417,-5.583648681640625,,otros,
233.23,-8.293641090393066,1.7391432523727417,-5.583648681640625,,otros,
233.266,-8.293641090393066,1.7391432523727417,-5.583648681640625,,otros,
233.316,-8.293641090393066,1.7391432523727417,-5.583648681640625,,otros,
233.336,-8.293641090393066,1.7391432523727417,-5.583648681640625,,otros,
233.371,-8.293641090393066,1.7391432523727417,-5.583648681640625,,otros,
233.42,-8.293641090393066,1.7391432523727417,-5.583648681640625,,otros,
233.441,-8.293641090393066,1.7391432523727417,-5.583648681640625,,otros,
233.475,-8.293641090393066,1.7391432523727417,-5.583648681640625,,otros,
233.524,-8.293641090393066,1.7391432523727417,-5.583648681640625,,otros,
233.545,-8.293641090393066,1.7391432523727417,-5.583648681640625,,otros,
233.579,-8.293641090393066,1.7391432523727417,-5.583648681640625,,otros,
233.632,-8.293641090393066,1.7391432523727417,-5.583648681640625,,otros,
233.651,-8.293641090393066,1.7391432523727417,-5.583648681640625,,otros,
233.688,-8.293641090393066,1.7391432523727417,-5.583648681640625,,otros,
233.735,-8.293641090393066,1.7391432523727417,-5.583648681640625,,otros,
233.758,-8.293641090393066,1.7391432523727417,-5.583648681640625,,otros,
233.794,-8.293641090393066,1.7391432523727417,-5.583648681640625,,otros,
233.841,-8.293641090393066,1.7391432523727417,-5.583648681640625,,otros,
233.861,-8.293641090393066,1.7391432523727417,-5.583648681640625,,otros,
233.908,-8.293641090393066,1.7391432523727417,-5.583648681640625,,otros,
233.946,-8.293641090393066,1.7391432523727417,-5.583648681640625,,otros,
233.968,-8.293641090393066,1.7391432523727417,-5.583648681640625,,otros,
234.003,-8.293641090393066,1.7391432523727417,-5.583648681640625,,otros,
234.052,-8.293641090393066,1.7391432523727417,-5.583648681640625,,otros,
234.075,-8.293641090393066,1.7391432523727417,-5.583648681640625,,otros,
234.111,-8.293641090393066,1.7391432523727417,-5.583648681640625,,otros,
234.159,-8.293641090393066,1.7391432523727417,-5.583648681640625,,otros,
234.182,-8.293641090393066,1.7391432523727417,-5.583648681640625,,otros,
234.215,-8.293641090393066,1.7391432523727417,-5.583648681640625,,otros,
234.265,-8.293641090393066,1.7391432523727417,-5.583648681640625,,otros,
234.284,-8.293641090393066,1.7391432523727417,-5.583648681640625,,otros,
234.318,-8.293641090393066,1.7391432523727417,-5.583648681640625,,otros,
234.368,-8.293641090393066,1.7391432523727417,-5.583648681640625,,otros,
234.389,-8.293641090393066,1.7391432523727417,-5.583648681640625,,otros,
234.424,-8.293641090393066,1.7391432523727417,-5.583648681640625,,otros,
234.471,-8.293641090393066,1.7391432523727417,-5.583648681640625,,otros,
234.492,-8.293641090393066,1.7391432523727417,-5.583648681640625,,otros,
234.529,-8.293641090393066,1.7391432523727417,-5.583648681640625,,otros,
234.579,-8.293641090393066,1.7391432523727417,-5.583648681640625,,otros,
234.6,-8.293641090393066,1.7391432523727417,-5.583648681640625,,otros,
234.635,-8.293641090393066,1.7391432523727417,-5.583648681640625,,otros,
234.686,-8.293641090393066,1.7391432523727417,-5.583648681640625,,otros,
234.704,-8.293641090393066,1.7391432523727417,-5.583648681640625,,otros,
234.74,-8.293641090393066,1.7391432523727417,-5.583648681640625,,otros,
234.791,-8.293641090393066,1.7391432523727417,-5.583648681640625,,otros,
234.81,-8.293641090393066,1.7391432523727417,-5.583648681640625,,otros,
234.853,-8.293641090393066,1.7391432523727417,-5.583648681640625,,otros,
234.902,-8.293641090393066,1.7391432523727417,-5.583648681640625,,otros,
234.926,-8.293641090393066,1.7391432523727417,-5.583648681640625,,otros,
234.96,-8.293641090393066,1.7391432523727417,-5.583648681640625,,otros,
235.009,-8.293641090393066,1.7391432523727417,-5.583648681640625,,otros,
235.029,-8.293641090393066,1.7391432523727417,-5.583648681640625,,otros,
235.065,-8.293641090393066,1.7391432523727417,-5.583648681640625,,otros,
235.115,-8.293641090393066,1.7391432523727417,-5.583648681640625,,otros,
235.137,-8.293641090393066,1.7391432523727417,-5.583648681640625,,otros,
235.172,-8.293641090393066,1.7391432523727417,-5.583648681640625,,otros,
235.22,-8.293641090393066,1.7391432523727417,-5.583648681640625,,otros,
235.24,-8.293641090393066,1.7391432523727417,-5.583648681640625,,otros,
235.277,-8.293641090393066,1.7391432523727417,-5.583648681640625,,otros,
235.324,-8.293641090393066,1.7391432523727417,-5.583648681640625,,otros,
235.347,-8.293641090393066,1.7391432523727417,-5.583648681640625,,otros,
235.382,-8.293641090393066,1.7391432523727417,-5.583648681640625,,otros,
235.429,-8.293641090393066,1.7391432523727417,-5.583648681640625,,otros,
235.45,-8.293641090393066,1.7391432523727417,-5.583648681640625,,otros,
235.485,-8.293641090393066,1.7391432523727417,-5.583648681640625,,otros,
235.533,-8.293641090393066,1.7391432523727417,-5.583648681640625,,otros,
235.553,-8.293641090393066,1.7391432523727417,-5.583648681640625,,otros,
235.589,-8.293641090393066,1.7391432523727417,-5.583648681640625,,otros,
235.638,-8.293641090393066,1.7391432523727417,-5.583648681640625,,otros,
235.657,-8.293641090393066,1.7391432523727417,-5.583648681640625,,otros,
235.692,-8.293641090393066,1.7391432523727417,-5.583648681640625,,otros,
235.738,-8.293641090393066,1.7391432523727417,-5.583648681640625,,otros,
235.759,-8.293641090393066,1.7391432523727417,-5.583648681640625,,otros,
235.796,-8.293641090393066,1.7391432523727417,-5.583648681640625,,otros,
235.845,-8.293641090393066,1.7391432523727417,-5.583648681640625,,otros,
235.864,-8.293641090393066,1.7391432523727417,-5.583648681640625,,otros,
235.899,-8.293641090393066,1.7391432523727417,-5.583648681640625,,otros,
235.948,-8.293641090393066,1.7391432523727417,-5.583648681640625,,otros,
235.972,-8.293641090393066,1.7391432523727417,-5.583648681640625,,otros,
236.004,-8.293641090393066,1.7391432523727417,-5.583648681640625,,otros,
236.055,-8.293641090393066,1.7391432523727417,-5.583648681640625,,otros,
236.078,-8.293641090393066,1.7391432523727417,-5.583648681640625,,otros,
236.113,-8.293641090393066,1.7391432523727417,-5.583648681640625,,otros,
236.164,-8.293641090393066,1.7391432523727417,-5.583648681640625,,otros,
236.186,-8.293641090393066,1.7391432523727417,-5.583648681640625,,otros,
236.218,-8.293641090393066,1.7391432523727417,-5.583648681640625,,otros,
236.268,-8.293641090393066,1.7391432523727417,-5.583648681640625,,otros,
236.29,-8.293641090393066,1.7391432523727417,-5.583648681640625,,otros,
236.325,-8.293641090393066,1.7391432523727417,-5.583648681640625,,otros,
236.374,-8.293641090393066,1.7391432523727417,-5.583648681640625,,otros,
236.396,-8.293641090393066,1.7391432523727417,-5.583648681640625,,otros,
236.432,-8.293641090393066,1.7391432523727417,-5.583648681640625,,otros,
236.48,-8.293641090393066,1.7391432523727417,-5.583648681640625,,otros,
236.5,-8.293641090393066,1.7391432523727417,-5.583648681640625,,otros,
236.534,-8.293641090393066,1.7391432523727417,-5.583648681640625,,otros,
236.585,-8.293641090393066,1.7391432523727417,-5.583648681640625,,otros,
236.606,-8.293641090393066,1.7391432523727417,-5.583648681640625,,otros,
236.64,-8.293641090393066,1.7391432523727417,-5.583648681640625,,otros,
236.689,-8.293641090393066,1.7391432523727417,-5.583648681640625,,otros,
236.711,-8.293641090393066,1.7391432523727417,-5.583648681640625,,otros,
236.745,-8.293641090393066,1.7391432523727417,-5.583648681640625,,otros,
236.793,-8.293641090393066,1.7391432523727417,-5.583648681640625,,otros,
236.814,-8.293641090393066,1.7391432523727417,-5.583648681640625,,otros,
236.849,-8.293641090393066,1.7391432523727417,-5.583648681640625,,otros,
236.897,-8.293641090393066,1.7391432523727417,-5.583648681640625,,otros,
236.919,-8.293641090393066,1.7391432523727417,-5.583648681640625,,otros,
236.954,-8.293641090393066,1.7391432523727417,-5.583648681640625,,otros,
237.001,-8.293641090393066,1.7391432523727417,-5.583648681640625,,otros,
237.022,-8.293641090393066,1.7391432523727417,-5.583648681640625,,otros,
237.057,-8.293641090393066,1.7391432523727417,-5.583648681640625,,otros,
237.106,-8.293641090393066,1.7391432523727417,-5.583648681640625,,otros,
237.124,-8.293641090393066,1.7391432523727417,-5.583648681640625,,otros,
237.159,-8.293641090393066,1.7391432523727417,-5.583648681640625,,otros,
237.207,-8.293641090393066,1.7391432523727417,-5.583648681640625,,otros,
237.226,-8.293641090393066,1.7391432523727417,-5.583648681640625,,otros,
237.26,-8.293641090393066,1.7391432523727417,-5.583648681640625,,otros,
237.309,-8.293641090393066,1.7391432523727417,-5.583648681640625,,otros,
237.331,-8.293641090393066,1.7391432523727417,-5.583648681640625,,otros,
237.365,-8.293641090393066,1.7391432523727417,-5.583648681640625,,otros,
237.412,-8.293641090393066,1.7391432523727417,-5.583648681640625,,otros,
237.436,-8.293641090393066,1.7391432523727417,-5.583648681640625,,otros,
237.469,-8.293641090393066,1.7391432523727417,-5.583648681640625,,otros,
237.519,-8.293641090393066,1.7391432523727417,-5.583648681640625,,otros,
237.539,-8.293641090393066,1.7391432523727417,-5.583648681640625,,otros,
237.575,-8.293641090393066,1.7391432523727417,-5.583648681640625,,otros,
237.623,-8.293641090393066,1.7391432523727417,-5.583648681640625,,otros,
237.644,-8.293641090393066,1.7391432523727417,-5.583648681640625,,otros,
237.679,-8.293641090393066,1.7391432523727417,-5.583648681640625,,otros,
237.727,-8.293641090393066,1.7391432523727417,-5.583648681640625,,otros,
237.748,-8.293641090393066,1.7391432523727417,-5.583648681640625,,otros,
237.781,-8.293641090393066,1.7391432523727417,-5.583648681640625,,otros,
237.833,-8.293641090393066,1.7391432523727417,-5.583648681640625,,otros,
237.851,-8.293641090393066,1.7391432523727417,-5.583648681640625,,otros,
237.883,-8.293641090393066,1.7391432523727417,-5.583648681640625,,otros,
237.934,-8.293641090393066,1.7391432523727417,-5.583648681640625,,otros,
237.952,-8.293641090393066,1.7391432523727417,-5.583648681640625,,otros,
237.986,-8.293641090393066,1.7391432523727417,-5.583648681640625,,otros,
238.036,-8.285819053649902,1.7391432523727417,-5.534264087677002,,otros,
238.055,-8.277997016906738,1.7391432523727417,-5.484879493713379,,otros,
238.089,-8.270174980163574,1.7391432523727417,-5.435494899749756,,otros,
238.137,-8.213019371032715,1.7414114475250244,-5.393923759460449,,otros,
238.159,-8.155863761901855,1.7436796426773071,-5.352352619171143,,otros,
238.193,-8.098708152770996,1.7459478378295898,-5.310781478881836,,otros,
238.244,-8.041552543640137,1.7482160329818726,-5.269210338592529,,otros,
238.261,-7.992218971252441,1.7504842281341553,-5.277023792266846,,comida,
238.297,-7.942885398864746,1.752752423286438,-5.284837245941162,,comida,
238.345,-7.901373386383057,1.7550206184387207,-5.342035293579102,,comida,
238.366,-7.859861373901367,1.7572888135910034,-5.399233341217041,,comida,
238.4,-7.818349361419678,1.7595570087432861,-5.4564313888549805,,comida,
238.452,-7.826170921325684,1.7595570087432861,-5.5058159828186035,,comida,
238.472,-7.8339924812316895,1.7595570087432861,-5.555200576782227,,comida,
238.507,-7.841814041137695,1.7595570087432861,-5.60458517074585,,comida,
238.556,-7.841814041137695,1.7595570087432861,-5.60458517074585,,comida,
238.578,-7.841814041137695,1.7595570087432861,-5.60458517074585,,comida,
238.612,-7.841814041137695,1.7595570087432861,-5.60458517074585,,comida,
238.659,-7.841814041137695,1.7595570087432861,-5.60458517074585,,comida,
238.682,-7.841814041137695,1.7595570087432861,-5.60458517074585,,comida,
238.715,-7.841814041137695,1.7595570087432861,-5.60458517074585,,comida,
238.763,-7.841814041137695,1.7595570087432861,-5.60458517074585,,comida,
238.784,-7.841814041137695,1.7595570087432861,-5.60458517074585,,comida,
238.819,-7.8339924812316895,1.7595570087432861,-5.555200576782227,,comida,
238.867,-7.826170921325684,1.7595570087432861,-5.5058159828186035,,comida,
238.889,-7.818349361419678,1.7595570087432861,-5.4564313888549805,,comida,
238.926,-7.810527801513672,1.7595570087432861,-5.407046794891357,,comida,
238.975,-7.802706241607666,1.7595570087432861,-5.357662200927734,,comida,
238.997,-7.79488468170166,1.7595570087432861,-5.308277606964111,,comida,
239.031,-7.737729549407959,1.7618252038955688,-5.266706466674805,,comida,
239.081,-7.680574417114258,1.7640933990478516,-5.225135326385498,,comida,
239.103,-7.623419284820557,1.7663615942001343,-5.183564186096191,,comida,
239.138,-7.5662641525268555,1.768629789352417,-5.141993045806885,,comida,
239.185,-7.509109020233154,1.7708979845046997,-5.100421905517578,,comida,
239.209,-7.451953887939453,1.7731661796569824,-5.0588507652282715,,comida,
239.245,-7.402620315551758,1.7754343748092651,-5.066664218902588,,comida,
239.289,-7.3532867431640625,1.7777025699615479,-5.074477672576904,,comida,
239.312,-7.303953170776367,1.7799707651138306,-5.082291126251221,,comida,
239.346,-7.262441158294678,1.7822389602661133,-5.13948917388916,,comida,
239.393,-7.220929145812988,1.784507155418396,-5.1966872215271,,comida,
239.416,-7.179417133331299,1.7867753505706787,-5.253885269165039,,comida,
239.45,-7.137905120849609,1.7890435457229614,-5.3110833168029785,,comida,
239.499,-7.09639310836792,1.7913117408752441,-5.368281364440918,,comida,
239.521,-7.0548810958862305,1.7935799360275269,-5.425479412078857,,comida,
239.557,-7.005547523498535,1.7958481311798096,-5.433292865753174,,comida,
239.602,-6.95621395111084,1.7981163263320923,-5.44110631942749,,comida,
239.624,-6.95621395111084,1.7981163263320923,-5.44110631942749,,comida,
239.658,-6.95621395111084,1.7981163263320923,-5.44110631942749,,comida,
239.705,-6.95621395111084,1.7981163263320923,-5.44110631942749,,comida,
239.728,-6.948392391204834,1.7981163263320923,-5.391721725463867,,comida,
239.763,-6.940570831298828,1.7981163263320923,-5.342337131500244,,comida,
239.81,-6.883415699005127,1.800384521484375,-5.3007659912109375,,comida,
239.832,-6.826260566711426,1.8026527166366577,-5.259194850921631,,comida,
239.867,-6.769105434417725,1.8049209117889404,-5.217623710632324,,comida,
239.914,-6.711950302124023,1.8071891069412231,-5.176052570343018,,comida,
239.936,-6.654795169830322,1.8094573020935059,-5.134481430053711,,comida,
239.971,-6.605461597442627,1.8117254972457886,-5.142294883728027,,comida,
240.02,-6.556128025054932,1.8139936923980713,-5.150108337402344,,comida,
240.038,-6.506794452667236,1.816261887550354,-5.15792179107666,,comida,
240.074,-6.457460880279541,1.8185300827026367,-5.165735244750977,,comida,
240.12,-6.408127307891846,1.8207982778549194,-5.173548698425293,,comida,
240.143,-6.35879373550415,1.8230664730072021,-5.181362152099609,,comida,
240.176,-6.309460163116455,1.8253346681594849,-5.189175605773926,,comida,
240.225,-6.317281723022461,1.8253346681594849,-5.238560199737549,,comida,
240.246,-6.325103282928467,1.8253346681594849,-5.287944793701172,,comida,
240.279,-6.332924842834473,1.8253346681594849,-5.337329387664795,,comida,
240.327,-6.332924842834473,1.8253346681594849,-5.337329387664795,,comida,
240.348,-6.332924842834473,1.8253346681594849,-5.337329387664795,,comida,
240.383,-6.332924842834473,1.8253346681594849,-5.337329387664795,,comida,
240.43,-6.332924842834473,1.8253346681594849,-5.337329387664795,,comida,
240.452,-6.335165023803711,1.8752832412719727,-5.336974620819092,,comida,
240.487,-6.337405204772949,1.9252318143844604,-5.336619853973389,,comida,
240.533,-6.388978958129883,1.9729121923446655,-5.328451633453369,,comida,
240.554,-6.440552711486816,2.020592451095581,-5.32028341293335,,comida,
240.589,-6.49212646484375,2.068272829055786,-5.31211519241333,,comida,
240.636,-6.543700218200684,2.115953207015991,-5.3039469718933105,,comida,
240.661,-6.593033790588379,2.113685131072998,-5.296133518218994,,comida,
240.696,-6.642367362976074,2.111417055130005,-5.288320064544678,,comida,
240.742,-6.6917009353637695,2.1091489791870117,-5.280506610870361,,comida,
240.765,-6.741034507751465,2.1068809032440186,-5.272693157196045,,comida,
240.798,-6.79036808013916,2.1046128273010254,-5.2648797035217285,,comida,
240.847,-6.8397016525268555,2.1023447513580322,-5.257066249847412,,comida,
240.868,-6.889035224914551,2.100076675415039,-5.249252796173096,,comida,
240.902,-6.938368797302246,2.097808599472046,-5.241439342498779,,comida,
240.951,-6.987702369689941,2.0955405235290527,-5.233625888824463,,comida,
240.972,-6.987702369689941,2.0955405235290527,-5.233625888824463,,comida,
241.004,-6.987702369689941,2.0955405235290527,-5.233625888824463,,comida,
241.054,-6.987702369689941,2.0955405235290527,-5.233625888824463,,comida,
241.074,-6.987702369689941,2.0955405235290527,-5.233625888824463,,comida,
241.108,-6.987702369689941,2.0955405235290527,-5.233625888824463,,comida,
241.157,-7.037035942077637,2.0932724475860596,-5.2258124351501465,,comida,
241.178,-7.08860969543457,2.1409528255462646,-5.217644214630127,,comida,
241.21,-7.140183448791504,2.1886332035064697,-5.209475994110107,,comida,
241.259,-7.189517021179199,2.1863651275634766,-5.201662540435791,,comida,
241.281,-7.2388505935668945,2.1840970516204834,-5.193849086761475,,comida,
241.314,-7.28818416595459,2.1818289756774902,-5.186035633087158,,comida,
241.36,-7.337517738342285,2.179560899734497,-5.178222179412842,,comida,
241.382,-7.3868513107299805,2.177292823791504,-5.170408725738525,,comida,
241.417,-7.436184883117676,2.1750247478485107,-5.162595272064209,,comida,
241.466,-7.485518455505371,2.1727566719055176,-5.154781818389893,,comida,
241.487,-7.534852027893066,2.1704885959625244,-5.146968364715576,,comida,
241.522,-7.581945419311523,2.118272066116333,-5.139509677886963,,comida,
241.568,-7.6290388107299805,2.0660555362701416,-5.13205099105835,,comida,
241.59,-7.6761322021484375,2.01383900642395,-5.124592304229736,,comida,
241.625,-7.7232255935668945,1.9616223573684692,-5.117133617401123,,comida,
241.673,-7.770318984985352,1.9094055891036987,-5.10967493057251,,comida,
241.694,-7.817412376403809,1.8571888208389282,-5.1022162437438965,,comida,
241.729,-7.866745948791504,1.8549206256866455,-5.09440279006958,,comida,
241.78,-7.916079521179199,1.8526524305343628,-5.086589336395264,,comida,
241.797,-7.9654130935668945,1.85038423538208,-5.078775882720947,,comida,
241.833,-8.016986846923828,1.8980646133422852,-5.070607662200928,,otros,
241.881,-8.068560600280762,1.9457449913024902,-5.062439441680908,,otros,
241.901,-8.07080078125,1.995693564414978,-5.062084674835205,,otros,
241.935,-8.073040962219238,2.045642137527466,-5.061729907989502,,otros,
241.984,-8.075281143188477,2.095590591430664,-5.061375141143799,,otros,
242.003,-8.077521324157715,2.1455390453338623,-5.061020374298096,,otros,
242.04,-8.077521324157715,2.1455390453338623,-5.061020374298096,,otros,
242.088,-8.077521324157715,2.1455390453338623,-5.061020374298096,,otros,
242.107,-8.077521324157715,2.1455390453338623,-5.061020374298096,,otros,
242.141,-8.077521324157715,2.1455390453338623,-5.061020374298096,,otros,
242.189,-8.06969928741455,2.1455390453338623,-5.011635780334473,,otros,
242.209,-8.061877250671387,2.1455390453338623,-4.96225118637085,,otros,
242.244,-8.004721641540527,2.1478071212768555,-4.920680046081543,,otros,
242.295,-7.947566509246826,2.1500751972198486,-4.879108905792236,,comida,
242.314,-7.890411376953125,2.152343273162842,-4.83753776550293,,comida,
242.348,-7.833256244659424,2.154611349105835,-4.795966625213623,,comida,
242.401,-7.776101112365723,2.156879425048828,-4.754395484924316,,comida,
242.418,-7.726767539978027,2.1591475009918213,-4.762208938598633,,comida,
242.451,-7.677433967590332,2.1614155769348145,-4.770022392272949,,comida,
242.5,-7.628100395202637,2.1636836528778076,-4.777835845947266,,comida,
242.521,-7.578766822814941,2.165951728820801,-4.785649299621582,,comida,
242.556,-7.529433250427246,2.168219804763794,-4.793462753295898,,comida,
242.605,-7.480099678039551,2.170487880706787,-4.801276206970215,,comida,
242.625,-7.4307661056518555,2.1727559566497803,-4.809089660644531,,comida,
242.66,-7.38143253326416,2.1750240325927734,-4.816903114318848,,comida,
242.714,-7.332098960876465,2.1772921085357666,-4.824716567993164,,comida,
242.733,-7.2827653884887695,2.1795601844787598,-4.8325300216674805,,comida,
242.768,-7.233431816101074,2.181828260421753,-4.840343475341797,,comida,
242.817,-7.184098243713379,2.184096336364746,-4.848156929016113,,comida,
242.836,-7.134764671325684,2.1863644123077393,-4.85597038269043,,comida,
242.871,-7.077609539031982,2.1886324882507324,-4.814399242401123,,comida,
242.921,-7.020454406738281,2.1909005641937256,-4.772828102111816,,comida,
242.941,-6.978942394256592,2.1931686401367188,-4.830026149749756,,comida,
242.975,-6.937430381774902,2.195436716079712,-4.887224197387695,,comida,
243.025,-6.945251941680908,2.195436716079712,-4.936608791351318,,comida,
243.045,-6.953073501586914,2.195436716079712,-4.985993385314941,,comida,
243.079,-6.96089506149292,2.195436716079712,-5.0353779792785645,,comida,
243.128,-6.968716621398926,2.195436716079712,-5.0847625732421875,,comida,
243.147,-6.976538181304932,2.195436716079712,-5.1341471672058105,,comida,
243.18,-6.9843597412109375,2.195436716079712,-5.183531761169434,,comida,
243.23,-6.992181301116943,2.195436716079712,-5.232916355133057,,comida,
243.25,-7.000002861022949,2.195436716079712,-5.28230094909668,,comida,
243.285,-7.007824420928955,2.195436716079712,-5.331685543060303,,comida,
243.335,-7.015645980834961,2.195436716079712,-5.381070137023926,,comida,
243.353,-7.023467540740967,2.195436716079712,-5.430454730987549,,comida,
243.388,-7.023467540740967,2.195436716079712,-5.430454730987549,,comida,
243.438,-7.023467540740967,2.195436716079712,-5.430454730987549,,comida,
243.456,-7.023467540740967,2.195436716079712,-5.430454730987549,,comida,
243.489,-7.023467540740967,2.195436716079712,-5.430454730987549,,comida,
243.541,-7.023467540740967,2.195436716079712,-5.430454730987549,,comida,
243.559,-7.023467540740967,2.195436716079712,-5.430454730987549,,comida,
243.593,-7.023467540740967,2.195436716079712,-5.430454730987549,,comida,
243.647,-7.023467540740967,2.195436716079712,-5.430454730987549,,comida,
243.665,-7.023467540740967,2.195436716079712,-5.430454730987549,,comida,
243.698,-7.023467540740967,2.195436716079712,-5.430454730987549,,comida,
243.748,-7.023467540740967,2.195436716079712,-5.430454730987549,,comida,
243.771,-7.023467540740967,2.195436716079712,-5.430454730987549,,comida,
243.805,-7.023467540740967,2.195436716079712,-5.430454730987549,,comida,
243.854,-7.023467540740967,2.195436716079712,-5.430454730987549,,comida,
243.874,-7.023467540740967,2.195436716079712,-5.430454730987549,,comida,
243.909,-7.023467540740967,2.195436716079712,-5.430454730987549,,comida,
243.968,-7.023467540740967,2.195436716079712,-5.430454730987549,,comida,
243.987,-7.023467540740967,2.195436716079712,-5.430454730987549,,comida,
244.02,-7.023467540740967,2.195436716079712,-5.430454730987549,,comida,
244.071,-7.023467540740967,2.195436716079712,-5.430454730987549,,comida,
244.091,-7.023467540740967,2.195436716079712,-5.430454730987549,,comida,
244.125,-7.023467540740967,2.195436716079712,-5.430454730987549,,comida,
244.175,-7.023467540740967,2.195436716079712,-5.430454730987549,,comida,
244.193,-7.023467540740967,2.195436716079712,-5.430454730987549,,comida,
244.238,-7.023467540740967,2.195436716079712,-5.430454730987549,,comida,
244.266,-7.023467540740967,2.195436716079712,-5.430454730987549,,comida,
244.3,-7.023467540740967,2.195436716079712,-5.430454730987549,,comida,
244.333,-7.023467540740967,2.195436716079712,-5.430454730987549,,comida,
244.367,-7.023467540740967,2.195436716079712,-5.430454730987549,,comida,
244.404,-7.023467540740967,2.195436716079712,-5.430454730987549,,comida,
244.437,-7.023467540740967,2.195436716079712,-5.430454730987549,,comida,
244.471,-7.023467540740967,2.195436716079712,-5.430454730987549,,comida,
244.508,-7.023467540740967,2.195436716079712,-5.430454730987549,,comida,
244.541,-7.023467540740967,2.195436716079712,-5.430454730987549,,comida,
244.576,-7.023467540740967,2.195436716079712,-5.430454730987549,,comida,
244.609,-7.023467540740967,2.195436716079712,-5.430454730987549,,comida,
244.644,-7.023467540740967,2.195436716079712,-5.430454730987549,,comida,
244.68,-7.023467540740967,2.195436716079712,-5.430454730987549,,comida,
244.716,-7.023467540740967,2.195436716079712,-5.430454730987549,,comida,
244.752,-7.023467540740967,2.195436716079712,-5.430454730987549,,comida,
244.789,-7.023467540740967,2.195436716079712,-5.430454730987549,,comida,
244.825,-7.023467540740967,2.195436716079712,-5.430454730987549,,comida,
244.861,-7.023467540740967,2.195436716079712,-5.430454730987549,,comida,
244.895,-7.023467540740967,2.195436716079712,-5.430454730987549,,comida,
244.932,-7.023467540740967,2.195436716079712,-5.430454730987549,,comida,
244.968,-7.023467540740967,2.195436716079712,-5.430454730987549,,comida,
245.003,-7.023467540740967,2.195436716079712,-5.430454730987549,,comida,
245.038,-7.023467540740967,2.195436716079712,-5.430454730987549,,comida,
245.078,-7.023467540740967,2.195436716079712,-5.430454730987549,,comida,
245.126,-7.023467540740967,2.195436716079712,-5.430454730987549,,comida,
245.149,-7.023467540740967,2.195436716079712,-5.430454730987549,,comida,
245.181,-7.023467540740967,2.195436716079712,-5.430454730987549,,comida,
245.233,-7.023467540740967,2.195436716079712,-5.430454730987549,,comida,
245.253,-7.023467540740967,2.195436716079712,-5.430454730987549,,comida,
245.289,-7.023467540740967,2.195436716079712,-5.430454730987549,,comida,
245.339,-7.023467540740967,2.195436716079712,-5.430454730987549,,comida,
245.363,-7.023467540740967,2.195436716079712,-5.430454730987549,,comida,
245.398,-7.023467540740967,2.195436716079712,-5.430454730987549,,comida,
245.448,-7.023467540740967,2.195436716079712,-5.430454730987549,,comida,
245.474,-7.023467540740967,2.195436716079712,-5.430454730987549,,comida,
245.511,-7.023467540740967,2.195436716079712,-5.430454730987549,,comida,
245.558,-7.023467540740967,2.195436716079712,-5.430454730987549,,comida,
245.581,-7.023467540740967,2.195436716079712,-5.430454730987549,,comida,
245.618,-7.023467540740967,2.195436716079712,-5.430454730987549,,comida,
245.668,-7.023467540740967,2.195436716079712,-5.430454730987549,,comida,
245.69,-7.023467540740967,2.195436716079712,-5.430454730987549,,comida,
245.725,-7.023467540740967,2.195436716079712,-5.430454730987549,,comida,
245.773,-7.023467540740967,2.195436716079712,-5.430454730987549,,comida,
245.795,-7.023467540740967,2.195436716079712,-5.430454730987549,,comida,
245.832,-7.023467540740967,2.195436716079712,-5.430454730987549,,comida,
245.88,-7.023467540740967,2.195436716079712,-5.430454730987549,,comida,
245.903,-7.023467540740967,2.195436716079712,-5.430454730987549,,comida,
245.938,-7.023467540740967,2.195436716079712,-5.430454730987549,,comida,
245.984,-7.023467540740967,2.195436716079712,-5.430454730987549,,comida,
246.006,-7.023467540740967,2.195436716079712,-5.430454730987549,,comida,
246.042,-7.023467540740967,2.195436716079712,-5.430454730987549,,comida,
246.092,-7.023467540740967,2.195436716079712,-5.430454730987549,,comida,
246.116,-7.023467540740967,2.195436716079712,-5.430454730987549,,comida,
246.151,-7.023467540740967,2.195436716079712,-5.430454730987549,,comida,
246.197,-7.023467540740967,2.195436716079712,-5.430454730987549,,comida,
246.222,-7.023467540740967,2.195436716079712,-5.430454730987549,,comida,
246.258,-7.023467540740967,2.195436716079712,-5.430454730987549,,comida,
246.304,-7.023467540740967,2.195436716079712,-5.430454730987549,,comida,
246.327,-7.023467540740967,2.195436716079712,-5.430454730987549,,comida,
246.367,-7.023467540740967,2.195436716079712,-5.430454730987549,,comida,
246.414,-7.023467540740967,2.195436716079712,-5.430454730987549,,comida,
246.438,-7.023467540740967,2.195436716079712,-5.430454730987549,,comida,
246.474,-7.023467540740967,2.195436716079712,-5.430454730987549,,comida,
246.519,-7.023467540740967,2.195436716079712,-5.430454730987549,,comida,
246.543,-7.023467540740967,2.195436716079712,-5.430454730987549,,comida,
246.578,-7.023467540740967,2.195436716079712,-5.430454730987549,,comida,
246.624,-7.023467540740967,2.195436716079712,-5.430454730987549,,comida,
246.65,-7.023467540740967,2.195436716079712,-5.430454730987549,,comida,
246.686,-7.023467540740967,2.195436716079712,-5.430454730987549,,comida,
246.733,-7.023467540740967,2.195436716079712,-5.430454730987549,,comida,
246.756,-7.023467540740967,2.195436716079712,-5.430454730987549,,comida,
246.793,-7.023467540740967,2.195436716079712,-5.430454730987549,,comida,
246.84,-7.023467540740967,2.195436716079712,-5.430454730987549,,comida,
246.863,-7.023467540740967,2.195436716079712,-5.430454730987549,,comida,
246.901,-7.023467540740967,2.195436716079712,-5.430454730987549,,comida,
246.947,-7.023467540740967,2.195436716079712,-5.430454730987549,,comida,
246.97,-7.023467540740967,2.195436716079712,-5.430454730987549,,comida,
247.006,-7.023467540740967,2.195436716079712,-5.430454730987549,,comida,
247.053,-7.023467540740967,2.195436716079712,-5.430454730987549,,comida,
247.076,-7.023467540740967,2.195436716079712,-5.430454730987549,,comida,
247.111,-7.023467540740967,2.195436716079712,-5.430454730987549,,comida,
247.158,-7.023467540740967,2.195436716079712,-5.430454730987549,,comida,
247.181,-7.023467540740967,2.195436716079712,-5.430454730987549,,comida,
247.215,-7.023467540740967,2.195436716079712,-5.430454730987549,,comida,
247.263,-7.023467540740967,2.195436716079712,-5.430454730987549,,comida,
247.288,-7.023467540740967,2.195436716079712,-5.430454730987549,,comida,
247.326,-7.023467540740967,2.195436716079712,-5.430454730987549,,comida,
247.377,-7.023467540740967,2.195436716079712,-5.430454730987549,,comida,
247.4,-7.023467540740967,2.195436716079712,-5.430454730987549,,comida,
247.434,-7.023467540740967,2.195436716079712,-5.430454730987549,,comida,
247.496,-7.023467540740967,2.195436716079712,-5.430454730987549,,comida,
247.521,-7.023467540740967,2.195436716079712,-5.430454730987549,,comida,
247.553,-7.023467540740967,2.195436716079712,-5.430454730987549,,comida,
247.599,-7.023467540740967,2.195436716079712,-5.430454730987549,,comida,
247.623,-7.023467540740967,2.195436716079712,-5.430454730987549,,comida,
247.658,-7.023467540740967,2.195436716079712,-5.430454730987549,,comida,
247.704,-7.023467540740967,2.195436716079712,-5.430454730987549,,comida,
247.727,-7.023467540740967,2.195436716079712,-5.430454730987549,,comida,
247.762,-7.023467540740967,2.195436716079712,-5.430454730987549,,comida,
247.81,-7.023467540740967,2.195436716079712,-5.430454730987549,,comida,
247.831,-7.023467540740967,2.195436716079712,-5.430454730987549,,comida,
247.866,-7.023467540740967,2.195436716079712,-5.430454730987549,,comida,
247.912,-7.023467540740967,2.195436716079712,-5.430454730987549,,comida,
247.934,-7.023467540740967,2.195436716079712,-5.430454730987549,,comida,
247.969,-7.023467540740967,2.195436716079712,-5.430454730987549,,comida,
248.016,-7.023467540740967,2.195436716079712,-5.430454730987549,,comida,
248.037,-7.023467540740967,2.195436716079712,-5.430454730987549,,comida,
248.075,-7.023467540740967,2.195436716079712,-5.430454730987549,,comida,
248.122,-7.023467540740967,2.195436716079712,-5.430454730987549,,comida,
248.145,-7.023467540740967,2.195436716079712,-5.430454730987549,,comida,
248.181,-7.023467540740967,2.195436716079712,-5.430454730987549,,comida,
248.227,-7.023467540740967,2.195436716079712,-5.430454730987549,,comida,
248.25,-7.023467540740967,2.195436716079712,-5.430454730987549,,comida,
248.283,-7.023467540740967,2.195436716079712,-5.430454730987549,,comida,
248.329,-7.023467540740967,2.195436716079712,-5.430454730987549,,comida,
248.358,-7.023467540740967,2.195436716079712,-5.430454730987549,,comida,
248.396,-7.023467540740967,2.195436716079712,-5.430454730987549,,comida,
248.449,-7.023467540740967,2.195436716079712,-5.430454730987549,,comida,
248.472,-7.023467540740967,2.195436716079712,-5.430454730987549,,comida,
248.511,-7.023467540740967,2.195436716079712,-5.430454730987549,,comida,
248.561,-7.023467540740967,2.195436716079712,-5.430454730987549,,comida,
248.588,-7.023467540740967,2.195436716079712,-5.430454730987549,,comida,
248.621,-7.023467540740967,2.195436716079712,-5.430454730987549,,comida,
248.688,-7.023467540740967,2.195436716079712,-5.430454730987549,,comida,
248.711,-7.023467540740967,2.195436716079712,-5.430454730987549,,comida,
248.746,-7.023467540740967,2.195436716079712,-5.430454730987549,,comida,
248.794,-7.023467540740967,2.195436716079712,-5.430454730987549,,comida,
248.82,-7.023467540740967,2.195436716079712,-5.430454730987549,,comida,
248.86,-7.023467540740967,2.195436716079712,-5.430454730987549,,comida,
248.909,-7.023467540740967,2.195436716079712,-5.430454730987549,,comida,
248.939,-7.023467540740967,2.195436716079712,-5.430454730987549,,comida,
248.98,-7.023467540740967,2.195436716079712,-5.430454730987549,,comida,
249.032,-7.023467540740967,2.195436716079712,-5.430454730987549,,comida,
249.052,-7.023467540740967,2.195436716079712,-5.430454730987549,,comida,
249.086,-7.023467540740967,2.195436716079712,-5.430454730987549,,comida,
249.157,-7.023467540740967,2.195436716079712,-5.430454730987549,,comida,
249.174,-7.023467540740967,2.195436716079712,-5.430454730987549,,comida,
249.207,-7.023467540740967,2.195436716079712,-5.430454730987549,,comida,
249.257,-7.023467540740967,2.195436716079712,-5.430454730987549,,comida,
249.279,-7.023467540740967,2.195436716079712,-5.430454730987549,,comida,
249.314,-7.023467540740967,2.195436716079712,-5.430454730987549,,comida,
249.361,-7.023467540740967,2.195436716079712,-5.430454730987549,,comida,
249.383,-7.023467540740967,2.195436716079712,-5.430454730987549,,comida,
249.419,-7.023467540740967,2.195436716079712,-5.430454730987549,,comida,
249.469,-7.023467540740967,2.195436716079712,-5.430454730987549,,comida,
249.486,-7.023467540740967,2.195436716079712,-5.430454730987549,,comida,
249.522,-7.023467540740967,2.195436716079712,-5.430454730987549,,comida,
249.568,-7.023467540740967,2.195436716079712,-5.430454730987549,,comida,
249.593,-7.023467540740967,2.195436716079712,-5.430454730987549,,comida,
249.629,-7.023467540740967,2.195436716079712,-5.430454730987549,,comida,
249.675,-7.023467540740967,2.195436716079712,-5.430454730987549,,comida,
249.699,-7.023467540740967,2.195436716079712,-5.430454730987549,,comida,
249.732,-7.023467540740967,2.195436716079712,-5.430454730987549,,comida,
249.781,-7.023467540740967,2.195436716079712,-5.430454730987549,,comida,
249.806,-7.023467540740967,2.195436716079712,-5.430454730987549,,comida,
249.839,-7.023467540740967,2.195436716079712,-5.430454730987549,,comida,
249.896,-7.023467540740967,2.195436716079712,-5.430454730987549,,comida,
249.92,-7.023467540740967,2.195436716079712,-5.430454730987549,,comida,
249.954,-7.023467540740967,2.195436716079712,-5.430454730987549,,comida,
250.001,-7.023467540740967,2.195436716079712,-5.430454730987549,,comida,
250.024,-7.023467540740967,2.195436716079712,-5.430454730987549,,comida,
250.057,-7.023467540740967,2.195436716079712,-5.430454730987549,,comida,
250.103,-7.023467540740967,2.195436716079712,-5.430454730987549,,comida,
250.125,-7.023467540740967,2.195436716079712,-5.430454730987549,,comida,
250.161,-7.023467540740967,2.195436716079712,-5.430454730987549,,comida,
250.208,-7.023467540740967,2.195436716079712,-5.430454730987549,,comida,
250.229,-7.023467540740967,2.195436716079712,-5.430454730987549,,comida,
250.268,-7.023467540740967,2.195436716079712,-5.430454730987549,,comida,
250.312,-7.023467540740967,2.195436716079712,-5.430454730987549,,comida,
250.337,-7.023467540740967,2.195436716079712,-5.430454730987549,,comida,
250.372,-7.023467540740967,2.195436716079712,-5.430454730987549,,comida,
250.416,-7.023467540740967,2.195436716079712,-5.430454730987549,,comida,
250.441,-7.023467540740967,2.195436716079712,-5.430454730987549,,comida,
250.475,-7.023467540740967,2.195436716079712,-5.430454730987549,,comida,
250.522,-7.023467540740967,2.195436716079712,-5.430454730987549,,comida,
250.544,-7.023467540740967,2.195436716079712,-5.430454730987549,,comida,
250.582,-7.023467540740967,2.195436716079712,-5.430454730987549,,comida,
250.629,-7.023467540740967,2.195436716079712,-5.430454730987549,,comida,
250.651,-7.023467540740967,2.195436716079712,-5.430454730987549,,comida,
250.689,-7.023467540740967,2.195436716079712,-5.430454730987549,,comida,
250.736,-7.023467540740967,2.195436716079712,-5.430454730987549,,comida,
250.76,-7.023467540740967,2.195436716079712,-5.430454730987549,,comida,
250.796,-7.023467540740967,2.195436716079712,-5.430454730987549,,comida,
250.841,-7.023467540740967,2.195436716079712,-5.430454730987549,,comida,
250.865,-7.023467540740967,2.195436716079712,-5.430454730987549,,comida,
250.899,-7.023467540740967,2.195436716079712,-5.430454730987549,,comida,
250.945,-7.023467540740967,2.195436716079712,-5.430454730987549,,comida,
250.969,-7.023467540740967,2.195436716079712,-5.430454730987549,,comida,
251.002,-7.023467540740967,2.195436716079712,-5.430454730987549,,comida,
251.047,-7.023467540740967,2.195436716079712,-5.430454730987549,,comida,
251.074,-7.023467540740967,2.195436716079712,-5.430454730987549,,comida,
251.109,-7.023467540740967,2.195436716079712,-5.430454730987549,,comida,
251.142,-7.023467540740967,2.195436716079712,-5.430454730987549,,comida,
251.175,-7.023467540740967,2.195436716079712,-5.430454730987549,,comida,
251.21,-7.023467540740967,2.195436716079712,-5.430454730987549,,comida,
251.244,-7.023467540740967,2.195436716079712,-5.430454730987549,,comida,
251.281,-7.023467540740967,2.195436716079712,-5.430454730987549,,comida,
251.316,-7.023467540740967,2.195436716079712,-5.430454730987549,,comida,
251.352,-7.023467540740967,2.195436716079712,-5.430454730987549,,comida,
251.386,-7.023467540740967,2.195436716079712,-5.430454730987549,,comida,
251.422,-7.023467540740967,2.195436716079712,-5.430454730987549,,comida,
251.457,9.0,1.7000000476837158,6.5,,entrada,
251.491,9.0,1.7000000476837158,6.5,,entrada,
251.524,9.0,1.7000000476837158,6.5,,entrada,
251.578,9.0,1.7000000476837158,6.5,,entrada,
251.6,9.0,1.7000000476837158,6.5,,entrada,
251.633,9.0,1.7000000476837158,6.5,,entrada,
251.679,9.0,1.7000000476837158,6.5,,entrada,
251.702,9.0,1.7000000476837158,6.5,,entrada,
251.738,9.0,1.7000000476837158,6.5,,entrada,
251.782,9.0,1.7000000476837158,6.5,,entrada,
251.806,9.0,1.7000000476837158,6.5,,entrada,
251.842,9.0,1.7000000476837158,6.5,,entrada,
251.89,9.0,1.7000000476837158,6.5,,entrada,
251.91,9.0,1.7000000476837158,6.5,,entrada,
251.944,9.0,1.7000000476837158,6.5,,entrada,
251.99,9.0,1.7000000476837158,6.5,,entrada,
252.013,9.0,1.7000000476837158,6.5,,entrada,
252.047,9.0,1.7000000476837158,6.5,,entrada,
252.093,9.0,1.7000000476837158,6.5,,entrada,
252.115,9.0,1.7000000476837158,6.5,,entrada,
252.149,9.0,1.7000000476837158,6.5,,entrada,
252.197,9.0,1.7000000476837158,6.5,,entrada,
252.222,9.0,1.7000000476837158,6.5,,entrada,
252.254,9.0,1.7000000476837158,6.5,,entrada,
252.3,9.0,1.7000000476837158,6.5,,entrada,
252.322,9.0,1.7000000476837158,6.5,,entrada,
252.357,9.0,1.7000000476837158,6.5,,entrada,
252.4,9.0,1.7000000476837158,6.5,,entrada,
252.426,9.0,1.7000000476837158,6.5,,entrada,
252.463,9.0,1.7000000476837158,6.5,,entrada,
252.512,9.0,1.7000000476837158,6.5,,entrada,
252.531,9.0,1.7000000476837158,6.5,,entrada,
252.564,9.0,1.7000000476837158,6.5,,entrada,
252.61,9.0,1.7000000476837158,6.5,,entrada,
252.631,9.0,1.7000000476837158,6.5,,entrada,
252.665,9.0,1.7000000476837158,6.5,,entrada,
252.711,9.0,1.7000000476837158,6.5,,entrada,
252.737,9.0,1.7000000476837158,6.5,,entrada,
252.772,9.0,1.7000000476837158,6.5,,entrada,
252.818,9.0,1.7000000476837158,6.5,,entrada,
252.843,9.0,1.7000000476837158,6.5,,entrada,
252.879,9.0,1.7000000476837158,6.5,,entrada,
252.924,9.0,1.7000000476837158,6.5,,entrada,
252.948,9.0,1.7000000476837158,6.5,,entrada,
252.982,9.0,1.7000000476837158,6.5,,entrada,
253.027,9.0,1.7000000476837158,6.5,,entrada,
253.051,9.0,1.7000000476837158,6.5,,entrada,
253.085,9.0,1.7000000476837158,6.5,,entrada,
253.13,9.0,1.7000000476837158,6.5,,entrada,
253.153,9.0,1.7000000476837158,6.5,,entrada,
253.188,9.0,1.7000000476837158,6.5,,entrada,
253.234,9.0,1.7000000476837158,6.5,,entrada,
253.257,9.0,1.7000000476837158,6.5,,entrada,
253.29,9.0,1.7000000476837158,6.5,,entrada,
253.335,9.0,1.7000000476837158,6.5,,entrada,
253.359,9.0,1.7000000476837158,6.5,,entrada,
253.395,9.0,1.7000000476837158,6.5,,entrada,
253.44,9.0,1.7000000476837158,6.5,,entrada,
253.462,9.0,1.7000000476837158,6.5,,entrada,
253.498,9.0,1.7000000476837158,6.5,,entrada,
253.544,9.0,1.7000000476837158,6.5,,entrada,
253.566,9.0,1.7000000476837158,6.5,,entrada,
253.601,9.0,1.7000000476837158,6.5,,entrada,
253.648,9.0,1.7000000476837158,6.5,,entrada,
253.669,9.0,1.7000000476837158,6.5,,entrada,
253.702,9.0,1.7000000476837158,6.5,,entrada,
253.748,9.0,1.7000000476837158,6.5,,entrada,
253.772,9.0,1.7000000476837158,6.5,,entrada,
253.807,9.0,1.7000000476837158,6.5,,entrada,
253.853,9.0,1.7000000476837158,6.5,,entrada,
253.876,9.0,1.7000000476837158,6.5,,entrada,
253.912,9.0,1.7000000476837158,6.5,,entrada,
253.961,9.0,1.7000000476837158,6.5,,entrada,
253.984,9.0,1.7000000476837158,6.5,,entrada,
254.025,9.0,1.7000000476837158,6.5,,entrada,
254.071,9.0,1.7000000476837158,6.5,,entrada,
254.093,9.0,1.7000000476837158,6.5,,entrada,
254.129,9.0,1.7000000476837158,6.5,,entrada,
254.175,9.0,1.7000000476837158,6.5,,entrada,
254.198,9.0,1.7000000476837158,6.5,,entrada,
254.238,9.0,1.7000000476837158,6.5,,entrada,
254.284,9.0,1.7000000476837158,6.5,,entrada,
254.306,9.0,1.7000000476837158,6.5,,entrada,
254.34,9.0,1.7000000476837158,6.5,,entrada,
254.396,9.0,1.7000000476837158,6.5,,entrada,
254.418,9.0,1.7000000476837158,6.5,,entrada,
254.452,9.0,1.7000000476837158,6.5,,entrada,
254.55,9.0,1.7000000476837158,6.5,,entrada,
254.558,9.0,1.7000000476837158,6.5,,entrada,
254.575,9.0,1.7000000476837158,6.5,,entrada,
254.619,9.0,1.7000000476837158,6.5,,entrada,
254.643,9.0,1.7000000476837158,6.5,,entrada,
254.678,9.0,1.7000000476837158,6.5,,entrada,
254.723,9.0,1.7000000476837158,6.5,,entrada,
254.747,9.0,1.7000000476837158,6.5,,entrada,
254.783,9.0,1.7000000476837158,6.5,,entrada,
254.831,9.0,1.7000000476837158,6.5,,entrada,
254.85,9.0,1.7000000476837158,6.5,,entrada,
254.886,9.0,1.7000000476837158,6.5,,entrada,
254.932,9.0,1.7000000476837158,6.5,,entrada,
254.953,9.0,1.7000000476837158,6.5,,entrada,
254.988,9.0,1.7000000476837158,6.5,,entrada,
255.035,9.0,1.7000000476837158,6.5,,entrada,
255.058,9.0,1.7000000476837158,6.5,,entrada,
255.094,9.0,1.7000000476837158,6.5,,entrada,
255.142,9.0,1.7000000476837158,6.5,,entrada,
255.165,9.0,1.7000000476837158,6.5,,entrada,
255.199,9.0,1.7000000476837158,6.5,,entrada,
255.247,9.0,1.7000000476837158,6.5,,entrada,
255.268,9.0,1.7000000476837158,6.5,,entrada,
255.3,9.0,1.7000000476837158,6.5,,entrada,
255.35,9.0,1.7000000476837158,6.5,,entrada,
255.37,9.0,1.7000000476837158,6.5,,entrada,
255.404,9.0,1.7000000476837158,6.5,,entrada,
255.449,9.0,1.7000000476837158,6.5,,entrada,
255.472,9.0,1.7000000476837158,6.5,,entrada,
255.508,9.0,1.7000000476837158,6.5,,entrada,
255.555,9.0,1.7000000476837158,6.5,,entrada,
255.579,9.0,1.7000000476837158,6.5,,entrada,
255.614,9.0,1.7000000476837158,6.5,,entrada,
255.662,9.0,1.7000000476837158,6.5,,entrada,
255.682,9.0,1.7000000476837158,6.5,,entrada,
255.719,9.0,1.7000000476837158,6.5,,entrada,
255.766,9.0,1.7000000476837158,6.5,,entrada,
255.787,9.0,1.7000000476837158,6.5,,entrada,
255.821,9.0,1.7000000476837158,6.5,,entrada,
255.87,9.0,1.7000000476837158,6.5,,entrada,
255.893,9.0,1.7000000476837158,6.5,,entrada,
255.927,9.0,1.7000000476837158,6.5,,entrada,
255.974,9.0,1.7000000476837158,6.5,,entrada,
255.998,9.0,1.7000000476837158,6.5,,entrada,
256.033,9.0,1.7000000476837158,6.5,,entrada,
256.079,9.0,1.7000000476837158,6.5,,entrada,
256.101,9.0,1.7000000476837158,6.5,,entrada,
256.135,9.0,1.7000000476837158,6.5,,entrada,
256.181,9.0,1.7000000476837158,6.5,,entrada,
256.203,9.0,1.7000000476837158,6.5,,entrada,
256.238,9.0,1.7000000476837158,6.5,,entrada,
256.29,9.0,1.7000000476837158,6.5,,entrada,
256.313,9.0,1.7000000476837158,6.5,,entrada,
256.347,9.0,1.7000000476837158,6.5,,entrada,
256.398,9.0,1.7000000476837158,6.5,,entrada,
256.418,9.0,1.7000000476837158,6.5,,entrada,
256.453,9.0,1.7000000476837158,6.5,,entrada,
256.498,9.0,1.7000000476837158,6.5,,entrada,
256.535,9.0,1.7000000476837158,6.5,,entrada,
256.569,9.0,1.7000000476837158,6.5,,entrada,
256.618,9.0,1.7000000476837158,6.5,,entrada,
256.639,9.0,1.7000000476837158,6.5,,entrada,
256.673,9.0,1.7000000476837158,6.5,,entrada,
256.737,9.0,1.7000000476837158,6.5,,entrada,
256.747,9.0,1.7000000476837158,6.5,,entrada,
256.78,9.0,1.7000000476837158,6.5,,entrada,
256.828,9.0,1.7000000476837158,6.5,,entrada,
256.86,9.0,1.7000000476837158,6.5,,entrada,
256.884,9.0,1.7000000476837158,6.5,,entrada,
256.932,9.0,1.7000000476837158,6.5,,entrada,
256.955,9.0,1.7000000476837158,6.5,,entrada,
256.99,9.0,1.7000000476837158,6.5,,entrada,
257.039,9.0,1.7000000476837158,6.5,,entrada,
257.06,9.0,1.7000000476837158,6.5,,entrada,
257.096,9.0,1.7000000476837158,6.5,,entrada,
257.139,9.0,1.7000000476837158,6.5,,entrada,
257.162,9.0,1.7000000476837158,6.5,,entrada,
257.2,9.0,1.7000000476837158,6.5,,entrada,
257.251,9.0,1.7000000476837158,6.5,,entrada,
257.27,9.0,1.7000000476837158,6.5,,entrada,
257.306,9.0,1.7000000476837158,6.5,,entrada,
257.35,9.0,1.7000000476837158,6.5,,entrada,
257.374,9.0,1.7000000476837158,6.5,,entrada,
257.409,9.0,1.7000000476837158,6.5,,entrada,
257.455,9.0,1.7000000476837158,6.5,,entrada,
257.478,9.0,1.7000000476837158,6.5,,entrada,
257.511,9.0,1.7000000476837158,6.5,,entrada,
257.558,9.0,1.7000000476837158,6.5,,entrada,
257.579,9.0,1.7000000476837158,6.5,,entrada,
257.612,9.0,1.7000000476837158,6.5,,entrada,
257.659,9.0,1.7000000476837158,6.5,,entrada,
257.679,9.0,1.7000000476837158,6.5,,entrada,
257.712,9.0,1.7000000476837158,6.5,,entrada,
257.758,9.0,1.7000000476837158,6.5,,entrada,
257.781,9.0,1.7000000476837158,6.5,,entrada,
257.815,9.0,1.7000000476837158,6.5,,entrada,
257.863,9.0,1.7000000476837158,6.5,,entrada,
257.882,9.0,1.7000000476837158,6.5,,entrada,
257.915,9.0,1.7000000476837158,6.5,,entrada,
257.962,9.0,1.7000000476837158,6.5,,entrada,
257.983,9.0,1.7000000476837158,6.5,,entrada,
258.019,9.0,1.7000000476837158,6.5,,entrada,
258.064,9.0,1.7000000476837158,6.5,,entrada,
258.087,9.0,1.7000000476837158,6.5,,entrada,
258.121,9.0,1.7000000476837158,6.5,,entrada,
258.166,9.0,1.7000000476837158,6.5,,entrada,
258.19,9.0,1.7000000476837158,6.5,,entrada,
258.224,9.0,1.7000000476837158,6.5,,entrada,
258.285,9.0,1.7000000476837158,6.5,,entrada,
258.298,9.0,1.7000000476837158,6.5,,entrada,
258.327,9.0,1.7000000476837158,6.5,,entrada,
258.374,9.0,1.7000000476837158,6.5,,entrada,
258.395,9.0,1.7000000476837158,6.5,,entrada,
258.429,9.0,1.7000000476837158,6.5,,entrada,
258.478,9.0,1.7000000476837158,6.5,,entrada,
258.496,9.0,1.7000000476837158,6.5,,entrada,
258.53,9.0,1.7000000476837158,6.5,,entrada,
258.576,9.0,1.7000000476837158,6.5,,entrada,
258.598,9.0,1.7000000476837158,6.5,,entrada,
258.633,9.0,1.7000000476837158,6.5,,entrada,
258.677,9.0,1.7000000476837158,6.5,,entrada,
258.701,9.0,1.7000000476837158,6.5,,entrada,
258.735,9.0,1.7000000476837158,6.5,,entrada,
258.781,9.0,1.7000000476837158,6.5,,entrada,
258.804,9.0,1.7000000476837158,6.5,,entrada,
258.837,9.0,1.7000000476837158,6.5,,entrada,
258.881,9.0,1.7000000476837158,6.5,,entrada,
258.906,9.0,1.7000000476837158,6.5,,entrada,
258.94,9.0,1.7000000476837158,6.5,,entrada,
258.987,9.0,1.7000000476837158,6.5,,entrada,
259.017,9.0,1.7000000476837158,6.5,,entrada,
259.052,9.0,1.7000000476837158,6.5,,entrada,
259.096,9.0,1.7000000476837158,6.5,,entrada,
259.12,9.0,1.7000000476837158,6.5,,entrada,
259.153,9.0,1.7000000476837158,6.5,,entrada,
259.198,9.0,1.7000000476837158,6.5,,entrada,
259.22,9.0,1.7000000476837158,6.5,,entrada,
259.252,9.0,1.7000000476837158,6.5,,entrada,
259.296,9.0,1.7000000476837158,6.5,,entrada,
259.318,9.0,1.7000000476837158,6.5,,entrada,
259.351,9.0,1.7000000476837158,6.5,,entrada,
259.396,9.0,1.7000000476837158,6.5,,entrada,
259.417,9.0,1.7000000476837158,6.5,,entrada,
259.45,9.0,1.7000000476837158,6.5,,entrada,
259.494,9.0,1.7000000476837158,6.5,,entrada,
259.516,9.0,1.7000000476837158,6.5,,entrada,
259.551,9.0,1.7000000476837158,6.5,,entrada,
259.596,9.0,1.7000000476837158,6.5,,entrada,
259.618,9.0,1.7000000476837158,6.5,,entrada,
259.65,9.0,1.7000000476837158,6.5,,entrada,
259.697,9.0,1.7000000476837158,6.5,,entrada,
259.716,9.0,1.7000000476837158,6.5,,entrada,
259.749,9.0,1.7000000476837158,6.5,,entrada,
259.793,9.0,1.7000000476837158,6.5,,entrada,
259.816,9.0,1.7000000476837158,6.5,,entrada,
259.85,9.0,1.7000000476837158,6.5,,entrada,
259.894,9.0,1.7000000476837158,6.5,,entrada,
259.917,9.0,1.7000000476837158,6.5,,entrada,
259.95,9.0,1.7000000476837158,6.5,,entrada,
259.994,9.0,1.7000000476837158,6.5,,entrada,
260.016,9.0,1.7000000476837158,6.5,,entrada,
260.048,9.0,1.7000000476837158,6.5,,entrada,
260.093,9.0,1.7000000476837158,6.5,,entrada,
260.115,9.0,1.7000000476837158,6.5,,entrada,
260.147,9.0,1.7000000476837158,6.5,,entrada,
260.193,9.0,1.7000000476837158,6.5,,entrada,
260.214,9.0,1.7000000476837158,6.5,,entrada,
260.248,9.0,1.7000000476837158,6.5,,entrada,
260.293,9.0,1.7000000476837158,6.5,,entrada,
260.315,9.0,1.7000000476837158,6.5,,entrada,
260.348,9.0,1.7000000476837158,6.5,,entrada,
260.392,9.0,1.7000000476837158,6.5,,entrada,
260.415,9.0,1.7000000476837158,6.5,,entrada,
260.448,9.0,1.7000000476837158,6.5,,entrada,
260.494,9.0,1.7000000476837158,6.5,,entrada,
260.515,9.0,1.7000000476837158,6.5,,entrada,
260.549,9.0,1.7000000476837158,6.5,,entrada,
260.593,9.0,1.7000000476837158,6.5,,entrada,
260.615,9.0,1.7000000476837158,6.5,,entrada,
260.65,9.0,1.7000000476837158,6.5,,entrada,
260.693,9.0,1.7000000476837158,6.5,,entrada,
260.717,9.0,1.7000000476837158,6.5,,entrada,
260.753,9.0,1.7000000476837158,6.5,,entrada,
260.799,9.0,1.7000000476837158,6.5,,entrada,
260.821,9.0,1.7000000476837158,6.5,,entrada,
260.854,9.0,1.7000000476837158,6.5,,entrada,
260.898,9.0,1.7000000476837158,6.5,,entrada,
260.921,9.0,1.7000000476837158,6.5,,entrada,
260.954,9.0,1.7000000476837158,6.5,,entrada,
260.999,9.0,1.7000000476837158,6.5,,entrada,
261.022,9.0,1.7000000476837158,6.5,,entrada,
261.056,9.0,1.7000000476837158,6.5,,entrada,
261.098,9.0,1.7000000476837158,6.5,,entrada,
261.122,9.0,1.7000000476837158,6.5,,entrada,
261.154,9.0,1.7000000476837158,6.5,,entrada,
261.199,9.0,1.7000000476837158,6.5,,entrada,
261.22,9.0,1.7000000476837158,6.5,,entrada,
261.253,9.0,1.7000000476837158,6.5,,entrada,
261.298,9.0,1.7000000476837158,6.5,,entrada,
261.321,9.0,1.7000000476837158,6.5,,entrada,
261.355,9.0,1.7000000476837158,6.5,,entrada,
261.399,9.0,1.7000000476837158,6.5,,entrada,
261.421,9.0,1.7000000476837158,6.5,,entrada,
261.455,9.0,1.7000000476837158,6.5,,entrada,
261.504,9.0,1.7000000476837158,6.5,,entrada,
261.525,9.0,1.7000000476837158,6.5,,entrada,
261.557,9.0,1.7000000476837158,6.5,,entrada,
261.602,9.0,1.7000000476837158,6.5,,entrada,
261.624,9.0,1.7000000476837158,6.5,,entrada,
261.657,9.0,1.7000000476837158,6.5,,entrada,
261.701,9.0,1.7000000476837158,6.5,,entrada,
261.723,9.0,1.7000000476837158,6.5,,entrada,
261.756,9.0,1.7000000476837158,6.5,,entrada,
261.799,9.0,1.7000000476837158,6.5,,entrada,
261.821,9.0,1.7000000476837158,6.5,,entrada,
261.854,9.0,1.7000000476837158,6.5,,entrada,
261.901,9.0,1.7000000476837158,6.5,,entrada,
261.922,9.0,1.7000000476837158,6.5,,entrada,
261.955,9.0,1.7000000476837158,6.5,,entrada,
261.999,9.0,1.7000000476837158,6.5,,entrada,
262.022,9.0,1.7000000476837158,6.5,,entrada,
262.056,9.0,1.7000000476837158,6.5,,entrada,
262.102,9.0,1.7000000476837158,6.5,,entrada,
262.125,9.0,1.7000000476837158,6.5,,entrada,
262.159,9.0,1.7000000476837158,6.5,,entrada,
262.206,9.0,1.7000000476837158,6.5,,entrada,
262.227,9.0,1.7000000476837158,6.5,,entrada,
262.261,9.0,1.7000000476837158,6.5,,entrada,
262.306,9.0,1.7000000476837158,6.5,,entrada,
262.329,9.0,1.7000000476837158,6.5,,entrada,
262.362,9.0,1.7000000476837158,6.5,,entrada,
262.407,9.0,1.7000000476837158,6.5,,entrada,
262.429,9.0,1.7000000476837158,6.5,,entrada,
262.463,9.0,1.7000000476837158,6.5,,entrada,
262.509,9.0,1.7000000476837158,6.5,,entrada,
262.536,9.0,1.7000000476837158,6.5,,entrada,
262.568,9.0,1.7000000476837158,6.5,,entrada,
262.618,9.0,1.7000000476837158,6.5,,entrada,
262.635,9.0,1.7000000476837158,6.5,,entrada,
262.669,9.0,1.7000000476837158,6.5,,entrada,
262.715,9.0,1.7000000476837158,6.5,,entrada,
262.738,9.0,1.7000000476837158,6.5,,entrada,
262.772,9.0,1.7000000476837158,6.5,,entrada,
262.819,9.0,1.7000000476837158,6.5,,entrada,
262.841,9.0,1.7000000476837158,6.5,,entrada,
262.875,9.0,1.7000000476837158,6.5,,entrada,
262.922,9.0,1.7000000476837158,6.5,,entrada,
262.944,9.0,1.7000000476837158,6.5,,entrada,
262.977,9.0,1.7000000476837158,6.5,,entrada,
263.021,9.0,1.7000000476837158,6.5,,entrada,
263.044,9.0,1.7000000476837158,6.5,,entrada,
263.078,9.0,1.7000000476837158,6.5,,entrada,
263.122,9.0,1.7000000476837158,6.5,,entrada,
263.146,9.0,1.7000000476837158,6.5,,entrada,
263.179,9.0,1.7000000476837158,6.5,,entrada,
263.226,9.0,1.7000000476837158,6.5,,entrada,
263.247,9.0,1.7000000476837158,6.5,,entrada,
263.281,9.0,1.7000000476837158,6.5,,entrada,
263.328,9.0,1.7000000476837158,6.5,,entrada,
263.348,9.0,1.7000000476837158,6.5,,entrada,
263.381,9.0,1.7000000476837158,6.5,,entrada,
263.429,9.0,1.7000000476837158,6.5,,entrada,
263.449,9.0,1.7000000476837158,6.5,,entrada,
263.483,9.0,1.7000000476837158,6.5,,entrada,
263.531,9.0,1.7000000476837158,6.5,,entrada,
263.551,9.0,1.7000000476837158,6.5,,entrada,
263.585,9.0,1.7000000476837158,6.5,,entrada,
263.632,9.0,1.7000000476837158,6.5,,entrada,
263.652,9.0,1.7000000476837158,6.5,,entrada,
263.686,9.0,1.7000000476837158,6.5,,entrada,
263.731,9.0,1.7000000476837158,6.5,,entrada,
263.753,9.0,1.7000000476837158,6.5,,entrada,
263.787,9.0,1.7000000476837158,6.5,,entrada,
263.832,9.0,1.7000000476837158,6.5,,entrada,
263.854,9.0,1.7000000476837158,6.5,,entrada,
263.888,9.0,1.7000000476837158,6.5,,entrada,
263.931,9.0,1.7000000476837158,6.5,,entrada,
263.954,9.0,1.7000000476837158,6.5,,entrada,
263.987,9.0,1.7000000476837158,6.5,,entrada,
264.031,9.0,1.7000000476837158,6.5,,entrada,
264.061,9.0,1.7000000476837158,6.5,,entrada,
264.094,9.0,1.7000000476837158,6.5,,entrada,
264.147,9.0,1.7000000476837158,6.5,,entrada,
264.17,9.0,1.7000000476837158,6.5,,entrada,
264.204,9.0,1.7000000476837158,6.5,,entrada,
264.248,9.0,1.7000000476837158,6.5,,entrada,
264.277,9.0,1.7000000476837158,6.5,,entrada,
264.311,9.0,1.7000000476837158,6.5,,entrada,
264.357,9.0,1.7000000476837158,6.5,,entrada,
264.38,9.0,1.7000000476837158,6.5,,entrada,
264.413,9.0,1.7000000476837158,6.5,,entrada,
264.458,9.0,1.7000000476837158,6.5,,entrada,
264.481,9.0,1.7000000476837158,6.5,,entrada,
264.522,9.0,1.7000000476837158,6.5,,entrada,
264.567,9.0,1.7000000476837158,6.5,,entrada,
264.59,9.0,1.7000000476837158,6.5,,entrada,
264.624,9.0,1.7000000476837158,6.5,,entrada,
264.669,9.0,1.7000000476837158,6.5,,entrada,
264.692,9.0,1.7000000476837158,6.5,,entrada,
264.725,9.0,1.7000000476837158,6.5,,entrada,
264.771,9.0,1.7000000476837158,6.5,,entrada,
264.793,9.0,1.7000000476837158,6.5,,entrada,
264.827,9.0,1.7000000476837158,6.5,,entrada,
264.873,9.0,1.7000000476837158,6.5,,entrada,
264.895,9.0,1.7000000476837158,6.5,,entrada,
264.936,9.0,1.7000000476837158,6.5,,entrada,
264.98,9.0,1.7000000476837158,6.5,,entrada,
265.003,9.0,1.7000000476837158,6.5,,entrada,
265.037,9.0,1.7000000476837158,6.5,,entrada,
265.08,9.0,1.7000000476837158,6.5,,entrada,
265.104,9.0,1.7000000476837158,6.5,,entrada,
265.138,9.0,1.7000000476837158,6.5,,entrada,
265.181,9.0,1.7000000476837158,6.5,,entrada,
265.204,9.0,1.7000000476837158,6.5,,entrada,
265.237,9.0,1.7000000476837158,6.5,,entrada,
265.282,9.0,1.7000000476837158,6.5,,entrada,
265.304,9.0,1.7000000476837158,6.5,,entrada,
265.337,9.0,1.7000000476837158,6.5,,entrada,
265.381,9.0,1.7000000476837158,6.5,,entrada,
265.405,9.0,1.7000000476837158,6.5,,entrada,
265.438,9.0,1.7000000476837158,6.5,,entrada,
265.482,9.0,1.7000000476837158,6.5,,entrada,
265.505,9.0,1.7000000476837158,6.5,,entrada,
265.539,9.0,1.7000000476837158,6.5,,entrada,
265.585,9.0,1.7000000476837158,6.5,,entrada,
265.607,9.0,1.7000000476837158,6.5,,entrada,
265.641,9.0,1.7000000476837158,6.5,,entrada,
265.687,9.0,1.7000000476837158,6.5,,entrada,
265.709,9.0,1.7000000476837158,6.5,,entrada,
265.749,9.0,1.7000000476837158,6.5,,entrada,
265.793,9.0,1.7000000476837158,6.5,,entrada,
265.816,9.0,1.7000000476837158,6.5,,entrada,
265.85,9.0,1.7000000476837158,6.5,,entrada,
265.896,9.0,1.7000000476837158,6.5,,entrada,
265.918,9.0,1.7000000476837158,6.5,,entrada,
265.951,9.0,1.7000000476837158,6.5,,entrada,
265.997,9.0,1.7000000476837158,6.5,,entrada,
266.019,9.0,1.7000000476837158,6.5,,entrada,
266.053,9.0,1.7000000476837158,6.5,,entrada,
266.098,9.0,1.7000000476837158,6.5,,entrada,
266.12,9.0,1.7000000476837158,6.5,,entrada,
266.153,9.0,1.7000000476837158,6.5,,entrada,
266.199,9.0,1.7000000476837158,6.5,,entrada,
266.221,9.0,1.7000000476837158,6.5,,entrada,
266.255,9.0,1.7000000476837158,6.5,,entrada,
266.299,9.0,1.7000000476837158,6.5,,entrada,
266.322,9.0,1.7000000476837158,6.5,,entrada,
266.355,9.0,1.7000000476837158,6.5,,entrada,
266.4,9.0,1.7000000476837158,6.5,,entrada,
266.423,9.0,1.7000000476837158,6.5,,entrada,
266.456,9.0,1.7000000476837158,6.5,,entrada,
266.501,9.0,1.7000000476837158,6.5,,entrada,
266.523,9.0,1.7000000476837158,6.5,,entrada,
266.557,9.0,1.7000000476837158,6.5,,entrada,
266.602,9.0,1.7000000476837158,6.5,,entrada,
266.624,9.0,1.7000000476837158,6.5,,entrada,
266.658,9.0,1.7000000476837158,6.5,,entrada,
266.705,9.0,1.7000000476837158,6.5,,entrada,
266.734,9.0,1.7000000476837158,6.5,,entrada,
266.768,9.0,1.7000000476837158,6.5,,entrada,
266.813,9.0,1.7000000476837158,6.5,,entrada,
266.836,9.0,1.7000000476837158,6.5,,entrada,
266.869,9.0,1.7000000476837158,6.5,,entrada,
266.914,9.0,1.7000000476837158,6.5,,entrada,
266.937,9.0,1.7000000476837158,6.5,,entrada,
266.97,9.0,1.7000000476837158,6.5,,entrada,
267.015,9.0,1.7000000476837158,6.5,,entrada,
267.038,9.0,1.7000000476837158,6.5,,entrada,
267.073,9.0,1.7000000476837158,6.5,,entrada,
267.118,9.0,1.7000000476837158,6.5,,entrada,
267.15,9.0,1.7000000476837158,6.5,,entrada,
267.178,9.0,1.7000000476837158,6.5,,entrada,
267.222,9.0,1.7000000476837158,6.5,,entrada,
267.245,9.0,1.7000000476837158,6.5,,entrada,
267.28,9.0,1.7000000476837158,6.5,,entrada,
267.332,9.0,1.7000000476837158,6.5,,entrada,
267.355,9.0,1.7000000476837158,6.5,,entrada,
267.392,9.0,1.7000000476837158,6.5,,entrada,
267.437,9.0,1.7000000476837158,6.5,,entrada,
267.458,9.0,1.7000000476837158,6.5,,entrada,
267.491,9.0,1.7000000476837158,6.5,,entrada,
267.534,9.0,1.7000000476837158,6.5,,entrada,
267.557,9.0,1.7000000476837158,6.5,,entrada,
267.59,9.0,1.7000000476837158,6.5,,entrada,
267.635,9.0,1.7000000476837158,6.5,,entrada,
267.657,9.0,1.7000000476837158,6.5,,entrada,
267.691,9.0,1.7000000476837158,6.5,,entrada,
267.735,9.0,1.7000000476837158,6.5,,entrada,
267.756,9.0,1.7000000476837158,6.5,,entrada,
267.789,9.0,1.7000000476837158,6.5,,entrada,
267.834,9.0,1.7000000476837158,6.5,,entrada,
267.855,9.0,1.7000000476837158,6.5,,entrada,
267.889,9.0,1.7000000476837158,6.5,,entrada,
267.931,9.0,1.7000000476837158,6.5,,entrada,
267.953,9.0,1.7000000476837158,6.5,,entrada,
267.986,9.0,1.7000000476837158,6.5,,entrada,
268.032,9.0,1.7000000476837158,6.5,,entrada,
268.051,9.0,1.7000000476837158,6.5,,entrada,
268.084,9.0,1.7000000476837158,6.5,,entrada,
268.13,9.0,1.7000000476837158,6.5,,entrada,
268.15,9.0,1.7000000476837158,6.5,,entrada,
268.184,9.0,1.7000000476837158,6.5,,entrada,
268.227,9.0,1.7000000476837158,6.5,,entrada,
268.249,9.0,1.7000000476837158,6.5,,entrada,
268.282,9.0,1.7000000476837158,6.5,,entrada,
268.327,9.0,1.7000000476837158,6.5,,entrada,
268.348,9.0,1.7000000476837158,6.5,,entrada,
268.38,9.0,1.7000000476837158,6.5,,entrada,
268.426,9.0,1.7000000476837158,6.5,,entrada,
268.448,9.0,1.7000000476837158,6.5,,entrada,
268.479,9.0,1.7000000476837158,6.5,,entrada,
268.525,9.0,1.7000000476837158,6.5,,entrada,
268.545,9.0,1.7000000476837158,6.5,,entrada,
268.579,9.0,1.7000000476837158,6.5,,entrada,
268.624,9.0,1.7000000476837158,6.5,,entrada,
268.647,9.0,1.7000000476837158,6.5,,entrada,
268.679,9.0,1.7000000476837158,6.5,,entrada,
268.727,9.0,1.7000000476837158,6.5,,entrada,
268.745,9.0,1.7000000476837158,6.5,,entrada,
268.778,9.0,1.7000000476837158,6.5,,entrada,
268.828,9.0,1.7000000476837158,6.5,,entrada,
268.848,9.0,1.7000000476837158,6.5,,entrada,
268.881,9.0,1.7000000476837158,6.5,,entrada,
268.928,9.0,1.7000000476837158,6.5,,entrada,
268.949,9.0,1.7000000476837158,6.5,,entrada,
268.982,9.0,1.7000000476837158,6.5,,entrada,
269.027,9.0,1.7000000476837158,6.5,,entrada,
269.049,9.0,1.7000000476837158,6.5,,entrada,
269.083,9.0,1.7000000476837158,6.5,,entrada,
269.115,9.0,1.7000000476837158,6.5,,entrada,
269.148,9.0,1.7000000476837158,6.5,,entrada,
269.181,9.0,1.7000000476837158,6.5,,entrada,
269.214,9.0,1.7000000476837158,6.5,,entrada,
269.249,9.0,1.7000000476837158,6.5,,entrada,
269.282,9.0,1.7000000476837158,6.5,,entrada,
269.316,9.0,1.7000000476837158,6.5,,entrada,
269.351,9.0,1.7000000476837158,6.5,,entrada,
269.385,9.0,1.7000000476837158,6.5,,entrada,
269.418,9.0,1.7000000476837158,6.5,,entrada,
269.453,9.0,1.7000000476837158,6.5,,entrada,
269.485,9.0,1.7000000476837158,6.5,,entrada,
269.518,9.0,1.7000000476837158,6.5,,entrada,
269.554,9.0,1.7000000476837158,6.5,,entrada,
269.588,9.0,1.7000000476837158,6.5,,entrada,
269.633,9.0,1.7000000476837158,6.5,,entrada,
269.653,9.0,1.7000000476837158,6.5,,entrada,
269.686,9.0,1.7000000476837158,6.5,,entrada,
269.733,9.0,1.7000000476837158,6.5,,entrada,
269.754,9.0,1.7000000476837158,6.5,,entrada,
269.786,9.0,1.7000000476837158,6.5,,entrada,
269.831,9.0,1.7000000476837158,6.5,,entrada,
269.854,9.0,1.7000000476837158,6.5,,entrada,
269.887,9.0,1.7000000476837158,6.5,,entrada,
269.933,9.0,1.7000000476837158,6.5,,entrada,
269.953,9.0,1.7000000476837158,6.5,,entrada,
269.986,9.0,1.7000000476837158,6.5,,entrada,
270.03,9.0,1.7000000476837158,6.5,,entrada,
270.052,9.0,1.7000000476837158,6.5,,entrada,
270.087,9.0,1.7000000476837158,6.5,,entrada,
270.132,9.0,1.7000000476837158,6.5,,entrada,
270.153,9.0,1.7000000476837158,6.5,,entrada,
270.186,9.0,1.7000000476837158,6.5,,entrada,
270.23,9.0,1.7000000476837158,6.5,,entrada,
270.258,9.0,1.7000000476837158,6.5,,entrada,
270.287,9.0,1.7000000476837158,6.5,,entrada,
270.323,9.0,1.7000000476837158,6.5,,entrada,
270.355,9.0,1.7000000476837158,6.5,,entrada,
270.388,9.0,1.7000000476837158,6.5,,entrada,
270.425,9.0,1.7000000476837158,6.5,,entrada,
270.459,9.0,1.7000000476837158,6.5,,entrada,
270.492,9.0,1.7000000476837158,6.5,,entrada,
270.525,9.0,1.7000000476837158,6.5,,entrada,
270.558,9.0,1.7000000476837158,6.5,,entrada,
270.591,9.0,1.7000000476837158,6.5,,entrada,
270.624,9.0,1.7000000476837158,6.5,,entrada,
270.659,9.0,1.7000000476837158,6.5,,entrada,
270.692,9.0,1.7000000476837158,6.5,,entrada,
270.723,9.0,1.7000000476837158,6.5,,entrada,
270.757,9.0,1.7000000476837158,6.5,,entrada,
270.791,9.0,1.7000000476837158,6.5,,entrada,
270.824,9.0,1.7000000476837158,6.5,,entrada,
270.856,9.0,1.7000000476837158,6.5,,entrada,
270.888,9.0,1.7000000476837158,6.5,,entrada,
270.921,9.0,1.7000000476837158,6.5,,entrada,
270.954,9.0,1.7000000476837158,6.5,,entrada,
270.987,9.0,1.7000000476837158,6.5,,entrada,
271.021,9.0,1.7000000476837158,6.5,,entrada,
271.053,9.0,1.7000000476837158,6.5,,entrada,
271.085,9.0,1.7000000476837158,6.5,,entrada,
271.12,9.0,1.7000000476837158,6.5,,entrada,
271.151,9.0,1.7000000476837158,6.5,,entrada,
271.184,9.0,1.7000000476837158,6.5,,entrada,
271.217,9.0,1.7000000476837158,6.5,,entrada,
271.252,9.0,1.7000000476837158,6.5,,entrada,
271.284,9.0,1.7000000476837158,6.5,,entrada,
271.319,9.0,1.7000000476837158,6.5,,entrada,
271.353,9.0,1.7000000476837158,6.5,,entrada,
271.386,9.0,1.7000000476837158,6.5,,entrada,
271.432,9.0,1.7000000476837158,6.5,,entrada,
271.452,9.0,1.7000000476837158,6.5,,entrada,
271.485,9.0,1.7000000476837158,6.5,,entrada,
271.532,9.0,1.7000000476837158,6.5,,entrada,
271.55,9.0,1.7000000476837158,6.5,,entrada,
271.585,9.0,1.7000000476837158,6.5,,entrada,
271.63,9.0,1.7000000476837158,6.5,,entrada,
271.651,9.0,1.7000000476837158,6.5,,entrada,
271.684,9.0,1.7000000476837158,6.5,,entrada,
271.747,9.0,1.7000000476837158,6.5,,entrada,
271.767,9.0,1.7000000476837158,6.5,,entrada,
271.8,9.0,1.7000000476837158,6.5,,entrada,
271.847,9.0,1.7000000476837158,6.5,,entrada,
271.865,9.0,1.7000000476837158,6.5,,entrada,
271.898,9.0,1.7000000476837158,6.5,,entrada,
271.944,9.0,1.7000000476837158,6.5,,entrada,
271.966,9.0,1.7000000476837158,6.5,,entrada,
271.997,9.0,1.7000000476837158,6.5,,entrada,
272.043,9.0,1.7000000476837158,6.5,,entrada,
272.064,9.0,1.7000000476837158,6.5,,entrada,
272.098,9.0,1.7000000476837158,6.5,,entrada,
272.142,9.0,1.7000000476837158,6.5,,entrada,
272.163,9.0,1.7000000476837158,6.5,,entrada,
