time,x,y,z,product,zone,shelf
52.676,5.0,1.7000000476837158,12.0,,sin_clasificar,
52.688,5.0,1.7000000476837158,12.0,,sin_clasificar,
52.758,5.0,1.7000000476837158,12.0,,sin_clasificar,
52.765,5.0,1.7000000476837158,12.0,,sin_clasificar,
52.79,5.0,1.7000000476837158,12.0,,sin_clasificar,
52.838,5.0,1.7000000476837158,12.0,,sin_clasificar,
52.864,5.0,1.7000000476837158,12.0,,sin_clasificar,
52.898,5.0,1.7000000476837158,12.0,,sin_clasificar,
52.944,5.0,1.7000000476837158,12.0,,sin_clasificar,
52.968,5.0,1.7000000476837158,12.0,,sin_clasificar,
53.002,5.0,1.7000000476837158,12.0,,sin_clasificar,
53.052,5.0,1.7000000476837158,12.0,,sin_clasificar,
53.074,5.0,1.7000000476837158,12.0,,sin_clasificar,
53.108,5.0,1.7000000476837158,12.0,,sin_clasificar,
53.156,5.0,1.7000000476837158,12.0,,sin_clasificar,
53.177,5.0,1.7000000476837158,12.0,,sin_clasificar,
53.214,5.0,1.7000000476837158,12.0,,sin_clasificar,
53.263,5.0,1.7000000476837158,12.0,,sin_clasificar,
53.286,5.0,1.7000000476837158,12.0,,sin_clasificar,
53.323,5.0,1.7000000476837158,12.0,,sin_clasificar,
53.369,5.0,1.7000000476837158,12.0,,sin_clasificar,
53.396,5.0,1.7000000476837158,12.0,,sin_clasificar,
53.427,5.0,1.7000000476837158,12.0,,sin_clasificar,
53.471,5.0,1.7000000476837158,12.0,,sin_clasificar,
53.495,5.0,1.7000000476837158,12.0,,sin_clasificar,
53.535,5.0,1.7000000476837158,11.949999809265137,,sin_clasificar,
53.578,5.0,1.7000000476837158,11.899999618530273,,sin_clasificar,
53.604,5.0,1.7000000476837158,11.84999942779541,,sin_clasificar,
53.641,5.0,1.7000000476837158,11.799999237060547,,sin_clasificar,
53.69,5.0,1.7000000476837158,11.749999046325684,,sin_clasificar,
53.711,5.0,1.7000000476837158,11.69999885559082,,sin_clasificar,
53.747,5.0,1.7000000476837158,11.649998664855957,,sin_clasificar,
53.794,5.0,1.7000000476837158,11.599998474121094,,sin_clasificar,
53.821,5.0,1.7000000476837158,11.54999828338623,,sin_clasificar,
53.855,5.0,1.7000000476837158,11.499998092651367,,sin_clasificar,
53.922,5.0,1.7000000476837158,11.449997901916504,,sin_clasificar,
53.944,5.0,1.7000000476837158,11.39999771118164,,sin_clasificar,
53.982,5.0,1.7000000476837158,11.349997520446777,,sin_clasificar,
54.037,5.0,1.7000000476837158,11.299997329711914,,sin_clasificar,
54.062,5.0,1.7000000476837158,11.24999713897705,,sin_clasificar,
54.096,5.0,1.7000000476837158,11.199996948242188,,sin_clasificar,
54.14,5.0,1.7000000476837158,11.149996757507324,,sin_clasificar,
54.164,5.0,1.7000000476837158,11.099996566772461,,sin_clasificar,
54.2,5.0,1.7000000476837158,11.049996376037598,,sin_clasificar,
54.246,5.0,1.7000000476837158,10.999996185302734,,sin_clasificar,
54.271,5.0,1.7000000476837158,10.949995994567871,,sin_clasificar,
54.31,4.999127388000488,1.7000000476837158,10.900003433227539,,sin_clasificar,
54.357,4.997295379638672,1.700087308883667,10.85003662109375,,sin_clasificar,
54.377,4.9941558837890625,1.7002618312835693,10.800135612487793,,sin_clasificar,
54.416,4.989450454711914,1.7005236148834229,10.750358581542969,,sin_clasificar,
54.463,4.984050750732422,1.7007853984832764,10.700652122497559,,sin_clasificar,
54.487,4.978390693664551,1.7010471820831299,10.65097427368164,,sin_clasificar,
54.523,4.972557067871094,1.7013962268829346,10.601317405700684,,sin_clasificar,
54.566,4.966550350189209,1.7017452716827393,10.551680564880371,,sin_clasificar,
54.59,4.9602837562561035,1.702094316482544,10.502076148986816,,sin_clasificar,
54.643,4.95384407043457,1.7024433612823486,10.452493667602539,,sin_clasificar,
54.688,4.947318077087402,1.7027924060821533,10.402922630310059,,sin_clasificar,
54.712,4.940792083740234,1.703141450881958,10.353351593017578,,sin_clasificar,
54.751,4.934266090393066,1.7034904956817627,10.303780555725098,,sin_clasificar,
54.797,4.927740097045898,1.7038395404815674,10.254209518432617,,sin_clasificar,
54.822,4.9212141036987305,1.704188585281372,10.204638481140137,,sin_clasificar,
54.855,4.9146881103515625,1.7045376300811768,10.155067443847656,,sin_clasificar,
54.903,4.9081621170043945,1.7048866748809814,10.105496406555176,,sin_clasificar,
54.926,4.901636123657227,1.7052357196807861,10.055925369262695,,sin_clasificar,
54.962,4.895110130310059,1.7055847644805908,10.006354331970215,,sin_clasificar,
55.005,4.888584136962891,1.7059338092803955,9.956783294677734,,entrada,
55.032,4.882058143615723,1.7062828540802002,9.907212257385254,,entrada,
55.066,4.875532150268555,1.7066318988800049,9.857641220092773,,entrada,
55.114,4.869006156921387,1.7069809436798096,9.808070182800293,,entrada,
55.137,4.862480163574219,1.7073299884796143,9.758499145507812,,entrada,
55.171,4.855954170227051,1.707679033279419,9.708928108215332,,entrada,
55.221,4.849428176879883,1.7080280780792236,9.659357070922852,,entrada,
55.241,4.842902183532715,1.7083771228790283,9.609786033630371,,entrada,
55.276,4.836376190185547,1.708726167678833,9.56021499633789,,entrada,
55.324,4.829850196838379,1.7090752124786377,9.51064395904541,,entrada,
55.347,4.823324203491211,1.7094242572784424,9.46107292175293,,entrada,
55.384,4.816798210144043,1.709773302078247,9.41150188446045,,entrada,
55.427,4.810272216796875,1.7101223468780518,9.361930847167969,,entrada,
55.447,4.803746223449707,1.7104713916778564,9.312359809875488,,entrada,
55.482,4.797220230102539,1.7108204364776611,9.262788772583008,,entrada,
55.531,4.790694236755371,1.7111694812774658,9.213217735290527,,entrada,
55.552,4.784168243408203,1.7115185260772705,9.163646697998047,,entrada,
55.586,4.777642250061035,1.7118675708770752,9.114075660705566,,entrada,
55.632,4.771116256713867,1.7122166156768799,9.064504623413086,,entrada,
55.655,4.764590263366699,1.7125656604766846,9.014933586120605,,entrada,
55.694,4.758064270019531,1.7129147052764893,8.965362548828125,,entrada,
55.738,4.751538276672363,1.713263750076294,8.915791511535645,,entrada,
55.762,4.745012283325195,1.7136127948760986,8.866220474243164,,entrada,
55.798,4.738486289978027,1.7139618396759033,8.816649436950684,,entrada,
55.844,4.731960296630859,1.714310884475708,8.767078399658203,,entrada,
55.864,4.725434303283691,1.7146599292755127,8.717507362365723,,entrada,
55.902,4.718908309936523,1.7150089740753174,8.667936325073242,,entrada,
55.962,4.713161468505859,1.715270757675171,8.618268013000488,,entrada,
55.982,4.708282470703125,1.7154452800750732,8.568507194519043,,entrada,
56.015,4.7040114402771,1.7156198024749756,8.51869010925293,,entrada,
56.061,4.7003493309021,1.7157070636749268,8.46882438659668,,entrada,
56.083,4.697383880615234,1.7157070636749268,8.418911933898926,,entrada,
56.118,4.694854259490967,1.7157070636749268,8.368975639343262,,entrada,
56.165,4.692847728729248,1.7156198024749756,8.319016456604004,,entrada,
56.188,4.691713333129883,1.7154452800750732,8.26902961730957,,entrada,
56.221,4.691364288330078,1.7150962352752686,8.219032287597656,,entrada,
56.269,4.691713333129883,1.7144854068756104,8.169036865234375,,entrada,
56.295,4.692759990692139,1.7134382724761963,8.119058609008789,,entrada,
56.327,4.69467830657959,1.711954951286316,8.069117546081543,,entrada,
56.376,4.6970319747924805,1.7100355625152588,8.019209861755371,,entrada,
56.399,4.6999945640563965,1.7078546285629272,7.969345569610596,,entrada,
56.433,4.7038254737854,1.7053250074386597,7.919556617736816,,entrada,
56.481,4.70835018157959,1.7025339603424072,7.869840145111084,,entrada,
56.504,4.71373987197876,1.69948148727417,7.820225238800049,,entrada,
56.538,4.720337390899658,1.6960806846618652,7.770779132843018,,entrada,
56.582,4.727365493774414,1.6925928592681885,7.72139835357666,,entrada,
56.603,4.7343926429748535,1.6890180110931396,7.672023773193359,,entrada,
56.638,4.741419792175293,1.6854431629180908,7.622649192810059,,entrada,
56.686,4.748446941375732,1.681868314743042,7.573274612426758,,entrada,
56.71,4.755474090576172,1.6782934665679932,7.523900032043457,,entrada,
56.744,4.762501239776611,1.6747186183929443,7.474525451660156,,entrada,
56.791,4.769528388977051,1.6711437702178955,7.4251508712768555,,entrada,
56.816,4.77655553817749,1.6675689220428467,7.375776290893555,,entrada,
56.85,4.78358268737793,1.6639940738677979,7.326401710510254,,entrada,
56.896,4.78358268737793,1.6639940738677979,7.326401710510254,,entrada,
56.918,4.78358268737793,1.6639940738677979,7.326401710510254,,entrada,
56.956,4.78358268737793,1.6639940738677979,7.326401710510254,,entrada,
57.002,4.78358268737793,1.6639940738677979,7.326401710510254,,entrada,
57.025,4.78358268737793,1.6639940738677979,7.326401710510254,,entrada,
57.06,4.78358268737793,1.6639940738677979,7.326401710510254,,entrada,
57.108,4.78358268737793,1.6639940738677979,7.326401710510254,,entrada,
57.129,4.78358268737793,1.6639940738677979,7.326401710510254,,entrada,
57.163,4.78358268737793,1.6639940738677979,7.326401710510254,,entrada,
57.207,4.78358268737793,1.6639940738677979,7.326401710510254,,entrada,
57.232,4.790609836578369,1.660419225692749,7.277027130126953,,entrada,
57.266,4.797636985778809,1.6568443775177002,7.227652549743652,,entrada,
57.313,4.804664134979248,1.6532695293426514,7.178277969360352,,entrada,
57.332,4.8116912841796875,1.6496946811676025,7.128903388977051,,entrada,
57.371,4.818718433380127,1.6461198329925537,7.07952880859375,,entrada,
57.423,4.825745582580566,1.6425449848175049,7.030154228210449,,entrada,
57.445,4.832772731781006,1.638970136642456,6.980779647827148,,entrada,
57.48,4.839799880981445,1.6353952884674072,6.931405067443848,,entrada,
57.524,4.846827030181885,1.6318204402923584,6.882030487060547,,entrada,
57.548,4.853854179382324,1.6282455921173096,6.832655906677246,,entrada,
57.584,4.860881328582764,1.6246707439422607,6.783281326293945,,entrada,
57.631,4.867908477783203,1.621095895767212,6.7339067459106445,,entrada,
57.657,4.867908477783203,1.621095895767212,6.7339067459106445,,entrada,
57.693,4.867908477783203,1.621095895767212,6.7339067459106445,,entrada,
57.738,4.867908477783203,1.621095895767212,6.7339067459106445,,entrada,
57.761,4.867908477783203,1.621095895767212,6.7339067459106445,,entrada,
57.797,4.867908477783203,1.621095895767212,6.7339067459106445,,entrada,
57.845,4.867908477783203,1.621095895767212,6.7339067459106445,,entrada,
57.867,4.867908477783203,1.621095895767212,6.7339067459106445,,entrada,
57.903,4.867908477783203,1.621095895767212,6.7339067459106445,,entrada,
57.95,4.867908477783203,1.621095895767212,6.7339067459106445,,entrada,
57.974,4.867908477783203,1.621095895767212,6.7339067459106445,,entrada,
58.007,4.867908477783203,1.621095895767212,6.7339067459106445,,entrada,
58.059,4.867908477783203,1.621095895767212,6.7339067459106445,,entrada,
58.092,4.867908477783203,1.621095895767212,6.7339067459106445,,entrada,
58.127,4.867908477783203,1.621095895767212,6.7339067459106445,,entrada,
58.172,4.867908477783203,1.621095895767212,6.7339067459106445,,entrada,
58.194,4.867908477783203,1.621095895767212,6.7339067459106445,,entrada,
58.232,4.867908477783203,1.621095895767212,6.7339067459106445,,entrada,
58.281,4.867908477783203,1.621095895767212,6.7339067459106445,,entrada,
58.302,4.867908477783203,1.621095895767212,6.7339067459106445,,entrada,
58.336,4.867908477783203,1.621095895767212,6.7339067459106445,,entrada,
58.386,4.867908477783203,1.621095895767212,6.7339067459106445,,entrada,
58.408,4.867908477783203,1.621095895767212,6.7339067459106445,,entrada,
58.446,4.867908477783203,1.621095895767212,6.7339067459106445,,entrada,
58.492,4.867908477783203,1.621095895767212,6.7339067459106445,,entrada,
58.516,4.867908477783203,1.621095895767212,6.7339067459106445,,entrada,
58.551,4.867908477783203,1.621095895767212,6.7339067459106445,,entrada,
58.597,4.867908477783203,1.621095895767212,6.7339067459106445,,entrada,
58.623,4.867908477783203,1.621095895767212,6.7339067459106445,,entrada,
58.657,4.867908477783203,1.621095895767212,6.7339067459106445,,entrada,
58.707,4.867908477783203,1.621095895767212,6.7339067459106445,,entrada,
58.732,4.867908477783203,1.621095895767212,6.7339067459106445,,entrada,
58.769,4.867908477783203,1.621095895767212,6.7339067459106445,,entrada,
58.818,4.867908477783203,1.621095895767212,6.7339067459106445,,entrada,
58.843,4.867908477783203,1.621095895767212,6.7339067459106445,,entrada,
58.878,4.867908477783203,1.621095895767212,6.7339067459106445,,entrada,
58.924,4.867908477783203,1.621095895767212,6.7339067459106445,,entrada,
58.95,4.867908477783203,1.621095895767212,6.7339067459106445,,entrada,
58.986,4.867908477783203,1.621095895767212,6.7339067459106445,,entrada,
59.031,4.867908477783203,1.621095895767212,6.7339067459106445,,entrada,
59.061,4.867908477783203,1.621095895767212,6.7339067459106445,,entrada,
59.096,4.867908477783203,1.621095895767212,6.7339067459106445,,entrada,
59.139,4.867908477783203,1.621095895767212,6.7339067459106445,,entrada,
59.165,4.867908477783203,1.621095895767212,6.7339067459106445,,entrada,
59.202,4.867908477783203,1.621095895767212,6.7339067459106445,,entrada,
59.248,4.867908477783203,1.621095895767212,6.7339067459106445,,entrada,
59.274,4.867908477783203,1.621095895767212,6.7339067459106445,,entrada,
59.308,4.867908477783203,1.621095895767212,6.7339067459106445,,entrada,
59.355,4.867908477783203,1.621095895767212,6.7339067459106445,,entrada,
59.378,4.867908477783203,1.621095895767212,6.7339067459106445,,entrada,
59.42,4.867908477783203,1.621095895767212,6.7339067459106445,,entrada,
59.469,4.867908477783203,1.621095895767212,6.7339067459106445,,entrada,
59.494,4.867908477783203,1.621095895767212,6.7339067459106445,,entrada,
59.527,4.867908477783203,1.621095895767212,6.7339067459106445,,entrada,
59.58,4.867908477783203,1.621095895767212,6.7339067459106445,,entrada,
59.6,4.867908477783203,1.621095895767212,6.7339067459106445,,entrada,
59.635,4.867908477783203,1.621095895767212,6.7339067459106445,,entrada,
59.681,4.867908477783203,1.621095895767212,6.7339067459106445,,entrada,
59.709,4.867908477783203,1.621095895767212,6.7339067459106445,,entrada,
59.747,4.867908477783203,1.621095895767212,6.7339067459106445,,entrada,
59.791,4.867908477783203,1.621095895767212,6.7339067459106445,,entrada,
59.814,4.867908477783203,1.621095895767212,6.7339067459106445,,entrada,
59.858,4.867908477783203,1.621095895767212,6.7339067459106445,,entrada,
59.903,4.867908477783203,1.621095895767212,6.7339067459106445,,entrada,
59.926,4.867908477783203,1.621095895767212,6.7339067459106445,,entrada,
59.961,4.867908477783203,1.621095895767212,6.7339067459106445,,entrada,
60.007,4.867908477783203,1.621095895767212,6.7339067459106445,,entrada,
60.03,4.867908477783203,1.621095895767212,6.7339067459106445,,entrada,
60.064,4.867908477783203,1.621095895767212,6.7339067459106445,,entrada,
60.108,4.867908477783203,1.621095895767212,6.7339067459106445,,entrada,
60.132,4.867908477783203,1.621095895767212,6.7339067459106445,,entrada,
60.167,4.867908477783203,1.621095895767212,6.7339067459106445,,entrada,
60.215,4.867908477783203,1.621095895767212,6.7339067459106445,,entrada,
60.239,4.867908477783203,1.621095895767212,6.7339067459106445,,entrada,
60.274,4.867908477783203,1.621095895767212,6.7339067459106445,,entrada,
60.319,4.867908477783203,1.621095895767212,6.7339067459106445,,entrada,
60.346,4.867908477783203,1.621095895767212,6.7339067459106445,,entrada,
60.381,4.867908477783203,1.621095895767212,6.7339067459106445,,entrada,
60.428,4.867908477783203,1.621095895767212,6.7339067459106445,,entrada,
60.452,4.867908477783203,1.621095895767212,6.7339067459106445,,entrada,
60.487,4.867908477783203,1.621095895767212,6.7339067459106445,,entrada,
60.53,4.867908477783203,1.621095895767212,6.7339067459106445,,entrada,
60.554,4.867908477783203,1.621095895767212,6.7339067459106445,,entrada,
60.59,4.867908477783203,1.621095895767212,6.7339067459106445,,entrada,
60.638,4.867908477783203,1.621095895767212,6.7339067459106445,,entrada,
60.662,4.867908477783203,1.621095895767212,6.7339067459106445,,entrada,
60.696,4.867908477783203,1.621095895767212,6.7339067459106445,,entrada,
60.742,4.822266578674316,1.6176950931549072,6.713776111602783,,entrada,
60.767,4.77662467956543,1.6142942905426025,6.693645477294922,,entrada,
60.802,4.730982780456543,1.6108934879302979,6.6735148429870605,,entrada,
60.847,4.685340881347656,1.6074926853179932,6.653384208679199,,entrada,
60.868,4.6396989822387695,1.6040918827056885,6.633253574371338,,entrada,
60.903,4.594057083129883,1.6006910800933838,6.613122940063477,,entrada,
60.949,4.548415184020996,1.597290277481079,6.592992305755615,,entrada,
60.97,4.502773284912109,1.5938894748687744,6.572861671447754,,entrada,
61.008,4.457131385803223,1.5904886722564697,6.552731037139893,,entrada,
61.056,4.411489486694336,1.587087869644165,6.532600402832031,,entrada,
61.078,4.365847587585449,1.5836870670318604,6.51246976852417,,entrada,
61.111,4.3202056884765625,1.5802862644195557,6.492339134216309,,entrada,
61.161,4.274563789367676,1.576885461807251,6.472208499908447,,entrada,
61.183,4.228921890258789,1.5734846591949463,6.452077865600586,,entrada,
61.217,4.183279991149902,1.5700838565826416,6.431947231292725,,entrada,
61.265,4.137638092041016,1.566683053970337,6.411816596984863,,entrada,
61.287,4.091996192932129,1.5632822513580322,6.391685962677002,,entrada,
61.321,4.046273708343506,1.5600556135177612,6.371710300445557,,entrada,
61.373,4.000175952911377,1.5568289756774902,6.352615833282471,,entrada,
61.392,3.953843355178833,1.5536894798278809,6.3340840339660645,,entrada,
61.429,3.9072253704071045,1.5505499839782715,6.316282272338867,,entrada,
61.475,3.860358238220215,1.5474975109100342,6.299131393432617,,entrada,
61.501,3.8131422996520996,1.5444450378417969,6.282965660095215,,entrada,
61.535,3.76564621925354,1.5414797067642212,6.267624855041504,,entrada,
61.585,3.717961549758911,1.5386015176773071,6.252863883972168,,entrada,
61.608,3.670149803161621,1.535723328590393,6.238519668579102,,entrada,
61.642,3.6222147941589355,1.532845139503479,6.224593162536621,,entrada,
61.692,3.574113130569458,1.529966950416565,6.2112531661987305,,entrada,
61.712,3.5259194374084473,1.5270887613296509,6.198249340057373,,entrada,
61.746,3.4775874614715576,1.5242977142333984,6.1857500076293945,,entrada,
61.791,3.429004430770874,1.521506667137146,6.174265384674072,,entrada,
61.812,3.3802099227905273,1.5187156200408936,6.163715839385986,,entrada,
61.847,3.331195831298828,1.5160988569259644,6.154188632965088,,entrada,
61.898,3.281954765319824,1.5136563777923584,6.145860195159912,,entrada,
61.917,3.2325589656829834,1.511301040649414,6.138477802276611,,entrada,
61.955,3.182957887649536,1.5091201066970825,6.13256311416626,,entrada,
62.004,3.1331698894500732,1.5072007179260254,6.128382205963135,,entrada,
62.024,3.0833163261413574,1.5056301355361938,6.124896049499512,,entrada,
62.059,3.033423900604248,1.5042340755462646,6.121932029724121,,entrada,
62.104,2.9835007190704346,1.5029252767562866,6.119490146636963,,entrada,
62.129,2.9335594177246094,1.5017036199569702,6.117396831512451,,entrada,
62.163,2.883604049682617,1.5006564855575562,6.115564823150635,,entrada,
62.207,2.8336424827575684,1.499609351158142,6.113907337188721,,entrada,
62.231,2.7836737632751465,1.4986494779586792,6.112424373626709,,entrada,
62.267,2.7337019443511963,1.4978641271591187,6.110941410064697,,entrada,
62.312,2.683730125427246,1.497078776359558,6.1094584465026855,,entrada,
62.334,2.633758306503296,1.4962934255599976,6.107975482940674,,entrada,
62.372,2.5837864875793457,1.495508074760437,6.106492519378662,,entrada,
62.416,2.5338146686553955,1.4947227239608765,6.10500955581665,,entrada,
62.442,2.4838428497314453,1.493937373161316,6.103526592254639,,entrada,
62.479,2.433871030807495,1.4931520223617554,6.102043628692627,,entrada,
62.524,2.383899211883545,1.4923666715621948,6.100560665130615,,entrada,
62.546,2.3339273929595947,1.4915813207626343,6.0990777015686035,,entrada,
62.582,2.2839555740356445,1.4907959699630737,6.097594738006592,,entrada,
62.627,2.2339837551116943,1.4900106191635132,6.09611177444458,,entrada,
62.65,2.184011936187744,1.4892252683639526,6.094628810882568,,entrada,
62.687,2.134040117263794,1.488439917564392,6.093145847320557,,entrada,
62.731,2.0840682983398438,1.4876545667648315,6.091662883758545,,entrada,
62.753,2.0340964794158936,1.486869215965271,6.090179920196533,,entrada,
62.791,1.9841246604919434,1.4860838651657104,6.0886969566345215,,comida,
62.841,1.9341528415679932,1.48529851436615,6.08721399307251,,comida,
62.863,1.884189486503601,1.4845131635665894,6.0854692459106445,,comida,
62.898,1.83424711227417,1.4837278127670288,6.0832014083862305,,comida,
62.947,1.784366250038147,1.482767939567566,6.079888343811035,,comida,
62.972,1.7345161437988281,1.481808066368103,6.0761399269104,,comida,
63.004,1.6846743822097778,1.480760931968689,6.072304725646973,,comida,
63.052,1.6348326206207275,1.479713797569275,6.068469524383545,,comida,
63.077,1.5850045680999756,1.4786666631698608,6.064460277557373,,comida,
63.112,1.5351765155792236,1.4776195287704468,6.060451030731201,,comida,
63.157,1.4853484630584717,1.4765723943710327,6.056441783905029,,comida,
63.181,1.4355204105377197,1.4755252599716187,6.052432537078857,,comida,
63.216,1.3856923580169678,1.4744781255722046,6.0484232902526855,,comida,
63.265,1.3358643054962158,1.4734309911727905,6.044414043426514,,comida,
63.286,1.2860362529754639,1.4723838567733765,6.040404796600342,,comida,
63.323,1.236208200454712,1.4713367223739624,6.03639554977417,,comida,
63.367,1.18638014793396,1.4702895879745483,6.032386302947998,,comida,
63.389,1.136552095413208,1.4692424535751343,6.028377056121826,,comida,
63.424,1.086724042892456,1.4681953191757202,6.024367809295654,,comida,
63.473,1.036895990371704,1.4671481847763062,6.020358562469482,,comida,
63.497,0.9870679974555969,1.466101050376892,6.0163493156433105,,comida,
63.527,0.9372400045394897,1.465053915977478,6.012340068817139,,comida,
63.576,0.8874120116233826,1.464006781578064,6.008330821990967,,comida,
63.599,0.8375840187072754,1.46295964717865,6.004321575164795,,comida,
63.636,0.7877560257911682,1.4619125127792358,6.000312328338623,,comida,
63.683,0.737928032875061,1.4608653783798218,5.996303081512451,,comida,
63.704,0.6881000399589539,1.4598182439804077,5.992293834686279,,comida,
63.738,0.6382720470428467,1.4587711095809937,5.988284587860107,,comida,
63.784,0.5884440541267395,1.4577239751815796,5.9842753410339355,,comida,
63.806,0.5386160612106323,1.4566768407821655,5.980266094207764,,comida,
63.843,0.48878803849220276,1.4556297063827515,5.976256847381592,,comida,
63.887,0.4389600157737732,1.4545825719833374,5.97224760055542,,comida,
63.911,0.38913199305534363,1.4535354375839233,5.968238353729248,,comida,
63.947,0.33930397033691406,1.4524883031845093,5.964229106903076,,comida,
63.994,0.2894759476184845,1.4514411687850952,5.960219860076904,,comida,
64.017,0.23964792490005493,1.4503940343856812,5.956210613250732,,comida,
64.054,0.18981990218162537,1.449346899986267,5.9522013664245605,,comida,
64.098,0.1399918794631958,1.448299765586853,5.948192119598389,,comida,
64.122,0.09016386419534683,1.447252631187439,5.944182872772217,,comida,
64.16,0.040335848927497864,1.446205496788025,5.940173625946045,,comida,
64.205,-0.009470488876104355,1.4451583623886108,5.935903549194336,,comida,
64.231,-0.059095583856105804,1.4440239667892456,5.929898262023926,,comida,
64.263,-0.10851864516735077,1.4428023099899292,5.922423839569092,,comida,
64.314,-0.15774215757846832,1.4414935111999512,5.9137444496154785,,comida,
64.338,-0.20678766071796417,1.440097451210022,5.9041218757629395,,comida,
64.373,-0.25559717416763306,1.4385268688201904,5.89339017868042,,comida,
64.422,-0.30410343408584595,1.436781883239746,5.8813862800598145,,comida,
64.445,-0.3523446321487427,1.4349497556686401,5.8683695793151855,,comida,
64.479,-0.3523446321487427,1.4349497556686401,5.8683695793151855,,comida,
64.523,-0.3523446321487427,1.4349497556686401,5.8683695793151855,,comida,
64.546,-0.3523446321487427,1.4349497556686401,5.8683695793151855,,comida,
64.583,-0.3523446321487427,1.4349497556686401,5.8683695793151855,,comida,
64.629,-0.3523446321487427,1.4349497556686401,5.8683695793151855,,comida,
64.65,-0.3523446321487427,1.4349497556686401,5.8683695793151855,,comida,
64.687,-0.3523446321487427,1.4349497556686401,5.8683695793151855,,comida,
64.733,-0.3523446321487427,1.4349497556686401,5.8683695793151855,,comida,
64.758,-0.3523446321487427,1.4349497556686401,5.8683695793151855,,comida,
64.794,-0.3523446321487427,1.4349497556686401,5.8683695793151855,,comida,
64.84,-0.3523446321487427,1.4349497556686401,5.8683695793151855,,comida,
64.861,-0.3523446321487427,1.4349497556686401,5.8683695793151855,,comida,
64.899,-0.3523446321487427,1.4349497556686401,5.8683695793151855,,comida,
64.944,-0.3523446321487427,1.4349497556686401,5.8683695793151855,,comida,
64.966,-0.3523446321487427,1.4349497556686401,5.8683695793151855,,comida,
65.001,-0.3523446321487427,1.4349497556686401,5.8683695793151855,,comida,
65.049,-0.3523446321487427,1.4349497556686401,5.8683695793151855,,comida,
65.069,-0.3523446321487427,1.4349497556686401,5.8683695793151855,,comida,
65.106,-0.3523446321487427,1.4349497556686401,5.8683695793151855,,comida,
65.151,-0.3523446321487427,1.4349497556686401,5.8683695793151855,,comida,
65.172,-0.3523446321487427,1.4349497556686401,5.8683695793151855,,comida,
65.209,-0.3523446321487427,1.4349497556686401,5.8683695793151855,,comida,
65.254,-0.3523446321487427,1.4349497556686401,5.8683695793151855,,comida,
65.276,-0.3523446321487427,1.4349497556686401,5.8683695793151855,,comida,
65.313,-0.3523446321487427,1.4349497556686401,5.8683695793151855,,comida,
65.359,-0.3523446321487427,1.4349497556686401,5.8683695793151855,,comida,
65.38,-0.3523446321487427,1.4349497556686401,5.8683695793151855,,comida,
65.416,-0.3523446321487427,1.4349497556686401,5.8683695793151855,,comida,
65.462,-0.3523446321487427,1.4349497556686401,5.8683695793151855,,comida,
65.483,-0.3523446321487427,1.4349497556686401,5.8683695793151855,,comida,
65.516,-0.3523446321487427,1.4349497556686401,5.8683695793151855,,comida,
65.573,-0.3523446321487427,1.4349497556686401,5.8683695793151855,,comida,
65.589,-0.3523446321487427,1.4349497556686401,5.8683695793151855,,comida,
65.624,-0.3523446321487427,1.4349497556686401,5.8683695793151855,,comida,
65.67,-0.3523446321487427,1.4349497556686401,5.8683695793151855,,comida,
65.695,-0.3523446321487427,1.4349497556686401,5.8683695793151855,,comida,
65.728,-0.3523446321487427,1.4349497556686401,5.8683695793151855,,comida,
65.773,-0.3523446321487427,1.4349497556686401,5.8683695793151855,,comida,
65.797,-0.3523446321487427,1.4349497556686401,5.8683695793151855,,comida,
65.832,-0.3523446321487427,1.4349497556686401,5.8683695793151855,,comida,
65.878,-0.3523446321487427,1.4349497556686401,5.8683695793151855,,comida,
65.9,-0.3523446321487427,1.4349497556686401,5.8683695793151855,,comida,
65.939,-0.3523446321487427,1.4349497556686401,5.8683695793151855,,comida,
65.987,-0.3523446321487427,1.4349497556686401,5.8683695793151855,,comida,
66.011,-0.3523446321487427,1.4349497556686401,5.8683695793151855,,comida,
66.048,-0.3523446321487427,1.4349497556686401,5.8683695793151855,,comida,
66.098,-0.3366450071334839,1.4349497556686401,5.820898532867432,,comida,
66.117,-0.3209453821182251,1.4349497556686401,5.773427486419678,,comida,
66.15,-0.3052457571029663,1.4349497556686401,5.725956439971924,,comida,
66.202,-0.2895461320877075,1.4349497556686401,5.67848539352417,,comida,
66.224,-0.27384650707244873,1.4349497556686401,5.631014347076416,,comida,
66.256,-0.25814688205718994,1.4349497556686401,5.583543300628662,,comida,
66.307,-0.24244725704193115,1.4349497556686401,5.536072254180908,,comida,
66.33,-0.22674763202667236,1.4349497556686401,5.488601207733154,,comida,
66.367,-0.21104800701141357,1.4349497556686401,5.4411301612854,,comida,
66.413,-0.19534838199615479,1.4349497556686401,5.3936591148376465,,comida,
66.437,-0.179648756980896,1.4349497556686401,5.346188068389893,,comida,
66.476,-0.1639491319656372,1.4349497556686401,5.298717021942139,,comida,
66.522,-0.14824950695037842,1.4349497556686401,5.251245975494385,apple,comida,2
66.546,-0.13254988193511963,1.4349497556686401,5.203774929046631,apple,comida,2
66.582,-0.13254988193511963,1.4349497556686401,5.203774929046631,apple,comida,2
66.631,-0.13254988193511963,1.4349497556686401,5.203774929046631,apple,comida,2
66.654,-0.13254988193511963,1.4349497556686401,5.203774929046631,apple,comida,2
66.69,-0.13254988193511963,1.4349497556686401,5.203774929046631,apple,comida,2
66.741,-0.13254988193511963,1.4349497556686401,5.203774929046631,apple,comida,2
66.763,-0.14824950695037842,1.4349497556686401,5.251245975494385,apple,comida,2
66.795,-0.1639491319656372,1.4349497556686401,5.298717021942139,apple,comida,2
66.845,-0.179648756980896,1.4349497556686401,5.346188068389893,,comida,
66.871,-0.19534838199615479,1.4349497556686401,5.3936591148376465,,comida,
66.926,-0.21104800701141357,1.4349497556686401,5.4411301612854,,comida,
66.971,-0.22674763202667236,1.4349497556686401,5.488601207733154,,comida,
66.996,-0.24244725704193115,1.4349497556686401,5.536072254180908,,comida,
67.032,-0.25814688205718994,1.4349497556686401,5.583543300628662,,comida,
67.076,-0.27384650707244873,1.4349497556686401,5.631014347076416,,comida,
67.1,-0.2895461320877075,1.4349497556686401,5.67848539352417,,comida,
67.137,-0.3052457571029663,1.4349497556686401,5.725956439971924,,comida,
67.186,-0.3209453821182251,1.4349497556686401,5.773427486419678,,comida,
67.206,-0.3366450071334839,1.4349497556686401,5.820898532867432,,comida,
67.24,-0.3523446321487427,1.4349497556686401,5.8683695793151855,,comida,
67.289,-0.36804425716400146,1.4349497556686401,5.9158406257629395,,comida,
67.308,-0.38374388217926025,1.4349497556686401,5.963311672210693,,comida,
67.345,-0.39944350719451904,1.4349497556686401,6.010782718658447,,comida,
67.392,-0.39944350719451904,1.4349497556686401,6.010782718658447,,comida,
67.413,-0.39944350719451904,1.4349497556686401,6.010782718658447,,comida,
67.449,-0.39944350719451904,1.4349497556686401,6.010782718658447,,comida,
67.501,-0.39944350719451904,1.4349497556686401,6.010782718658447,,comida,
67.521,-0.39944350719451904,1.4349497556686401,6.010782718658447,,comida,
67.558,-0.39944350719451904,1.4349497556686401,6.010782718658447,,comida,
67.604,-0.39944350719451904,1.4349497556686401,6.010782718658447,,comida,
67.624,-0.39944350719451904,1.4349497556686401,6.010782718658447,,comida,
67.66,-0.39944350719451904,1.4349497556686401,6.010782718658447,,comida,
67.709,-0.39944350719451904,1.4349497556686401,6.010782718658447,,comida,
67.73,-0.39944350719451904,1.4349497556686401,6.010782718658447,,comida,
67.764,-0.39944350719451904,1.4349497556686401,6.010782718658447,,comida,
67.81,-0.39944350719451904,1.4349497556686401,6.010782718658447,,comida,
67.835,-0.39944350719451904,1.4349497556686401,6.010782718658447,,comida,
67.869,-0.39944350719451904,1.4349497556686401,6.010782718658447,,comida,
67.919,-0.39944350719451904,1.4349497556686401,6.010782718658447,,comida,
67.945,-0.39944350719451904,1.4349497556686401,6.010782718658447,,comida,
67.978,-0.39944350719451904,1.4349497556686401,6.010782718658447,,comida,
68.029,-0.39944350719451904,1.4349497556686401,6.010782718658447,,comida,
68.051,-0.39944350719451904,1.4349497556686401,6.010782718658447,,comida,
68.085,-0.39944350719451904,1.4349497556686401,6.010782718658447,,comida,
68.132,-0.39944350719451904,1.4349497556686401,6.010782718658447,,comida,
68.157,-0.39944350719451904,1.4349497556686401,6.010782718658447,,comida,
68.192,-0.39944350719451904,1.4349497556686401,6.010782718658447,,comida,
68.239,-0.39944350719451904,1.4349497556686401,6.010782718658447,,comida,
68.262,-0.39944350719451904,1.4349497556686401,6.010782718658447,,comida,
68.299,-0.39944350719451904,1.4349497556686401,6.010782718658447,,comida,
68.352,-0.39944350719451904,1.4349497556686401,6.010782718658447,,comida,
68.376,-0.39944350719451904,1.4349497556686401,6.010782718658447,,comida,
68.408,-0.39944350719451904,1.4349497556686401,6.010782718658447,,comida,
68.456,-0.39944350719451904,1.4349497556686401,6.010782718658447,,comida,
68.482,-0.39944350719451904,1.4349497556686401,6.010782718658447,,comida,
68.517,-0.39944350719451904,1.4349497556686401,6.010782718658447,,comida,
68.562,-0.39944350719451904,1.4349497556686401,6.010782718658447,,comida,
68.585,-0.39944350719451904,1.4349497556686401,6.010782718658447,,comida,
68.623,-0.39944350719451904,1.4349497556686401,6.010782718658447,,comida,
68.668,-0.39944350719451904,1.4349497556686401,6.010782718658447,,comida,
68.689,-0.39944350719451904,1.4349497556686401,6.010782718658447,,comida,
68.728,-0.39944350719451904,1.4349497556686401,6.010782718658447,,comida,
68.776,-0.39944350719451904,1.4349497556686401,6.010782718658447,,comida,
68.796,-0.39944350719451904,1.4349497556686401,6.010782718658447,,comida,
68.829,-0.39944350719451904,1.4349497556686401,6.010782718658447,,comida,
68.877,-0.39944350719451904,1.4349497556686401,6.010782718658447,,comida,
68.903,-0.39944350719451904,1.4349497556686401,6.010782718658447,,comida,
68.935,-0.39944350719451904,1.4349497556686401,6.010782718658447,,comida,
68.985,-0.39944350719451904,1.4349497556686401,6.010782718658447,,comida,
69.012,-0.39944350719451904,1.4349497556686401,6.010782718658447,,comida,
69.045,-0.39944350719451904,1.4349497556686401,6.010782718658447,,comida,
69.094,-0.39944350719451904,1.4349497556686401,6.010782718658447,,comida,
69.112,-0.39944350719451904,1.4349497556686401,6.010782718658447,,comida,
69.147,-0.39944350719451904,1.4349497556686401,6.010782718658447,,comida,
69.195,-0.39944350719451904,1.4349497556686401,6.010782718658447,,comida,
69.216,-0.39944350719451904,1.4349497556686401,6.010782718658447,,comida,
69.248,-0.39944350719451904,1.4349497556686401,6.010782718658447,,comida,
69.301,-0.39944350719451904,1.4349497556686401,6.010782718658447,,comida,
69.318,-0.39944350719451904,1.4349497556686401,6.010782718658447,,comida,
69.353,-0.39944350719451904,1.4349497556686401,6.010782718658447,,comida,
69.402,-0.39944350719451904,1.4349497556686401,6.010782718658447,,comida,
69.422,-0.39944350719451904,1.4349497556686401,6.010782718658447,,comida,
69.455,-0.39944350719451904,1.4349497556686401,6.010782718658447,,comida,
69.506,-0.39944350719451904,1.4349497556686401,6.010782718658447,,comida,
69.529,-0.39944350719451904,1.4349497556686401,6.010782718658447,,comida,
69.562,-0.39944350719451904,1.4349497556686401,6.010782718658447,,comida,
69.608,-0.39944350719451904,1.4349497556686401,6.010782718658447,,comida,
69.631,-0.39944350719451904,1.4349497556686401,6.010782718658447,,comida,
69.667,-0.39944350719451904,1.4349497556686401,6.010782718658447,,comida,
69.714,-0.39944350719451904,1.4349497556686401,6.010782718658447,,comida,
69.735,-0.39944350719451904,1.4349497556686401,6.010782718658447,,comida,
69.771,-0.39944350719451904,1.4349497556686401,6.010782718658447,,comida,
69.822,-0.39944350719451904,1.4349497556686401,6.010782718658447,,comida,
69.84,-0.39944350719451904,1.4349497556686401,6.010782718658447,,comida,
69.88,-0.39944350719451904,1.4349497556686401,6.010782718658447,,comida,
69.927,-0.39944350719451904,1.4349497556686401,6.010782718658447,,comida,
69.947,-0.39944350719451904,1.4349497556686401,6.010782718658447,,comida,
69.979,-0.39944350719451904,1.4349497556686401,6.010782718658447,,comida,
70.029,-0.39944350719451904,1.4349497556686401,6.010782718658447,,comida,
70.05,-0.39944350719451904,1.4349497556686401,6.010782718658447,,comida,
70.084,-0.39944350719451904,1.4349497556686401,6.010782718658447,,comida,
70.131,-0.39944350719451904,1.4349497556686401,6.010782718658447,,comida,
70.151,-0.39944350719451904,1.4349497556686401,6.010782718658447,,comida,
70.189,-0.39944350719451904,1.4349497556686401,6.010782718658447,,comida,
70.236,-0.39944350719451904,1.4349497556686401,6.010782718658447,,comida,
70.259,-0.39944350719451904,1.4349497556686401,6.010782718658447,,comida,
70.293,-0.39944350719451904,1.4349497556686401,6.010782718658447,,comida,
70.337,-0.39944350719451904,1.4349497556686401,6.010782718658447,,comida,
70.362,-0.39944350719451904,1.4349497556686401,6.010782718658447,,comida,
70.396,-0.39944350719451904,1.4349497556686401,6.010782718658447,,comida,
70.441,-0.39944350719451904,1.4349497556686401,6.010782718658447,,comida,
70.465,-0.39944350719451904,1.4349497556686401,6.010782718658447,,comida,
70.5,-0.39944350719451904,1.4349497556686401,6.010782718658447,,comida,
70.546,-0.39944350719451904,1.4349497556686401,6.010782718658447,,comida,
70.569,-0.39944350719451904,1.4349497556686401,6.010782718658447,,comida,
70.602,-0.39944350719451904,1.4349497556686401,6.010782718658447,,comida,
70.647,-0.39944350719451904,1.4349497556686401,6.010782718658447,,comida,
70.671,-0.39944350719451904,1.4349497556686401,6.010782718658447,,comida,
70.708,-0.4097896218299866,1.4269556999206543,5.962522506713867,,comida,
70.754,-0.4201357364654541,1.4189616441726685,5.914262294769287,,comida,
70.774,-0.43048185110092163,1.4109675884246826,5.866002082824707,,comida,
70.813,-0.44082796573638916,1.4029735326766968,5.817741870880127,,comida,
70.858,-0.4511740803718567,1.394979476928711,5.769481658935547,,comida,
70.883,-0.4615201950073242,1.386985421180725,5.721221446990967,,comida,
70.919,-0.4615201950073242,1.386985421180725,5.721221446990967,,comida,
70.967,-0.4615201950073242,1.386985421180725,5.721221446990967,,comida,
70.989,-0.4615201950073242,1.386985421180725,5.721221446990967,,comida,
71.027,-0.4615201950073242,1.386985421180725,5.721221446990967,,comida,
71.076,-0.4615201950073242,1.386985421180725,5.721221446990967,,comida,
71.097,-0.4615201950073242,1.386985421180725,5.721221446990967,,comida,
71.133,-0.4615201950073242,1.386985421180725,5.721221446990967,,comida,
71.181,-0.4615201950073242,1.386985421180725,5.721221446990967,,comida,
71.202,-0.47186630964279175,1.3789913654327393,5.672961235046387,,comida,
71.233,-0.4822124242782593,1.3709973096847534,5.624701023101807,,comida,
71.286,-0.4925585389137268,1.3630032539367676,5.576440811157227,apple,comida,2
71.305,-0.5029046535491943,1.3550091981887817,5.5281805992126465,apple,comida,2
71.341,-0.5132507681846619,1.347015142440796,5.479920387268066,apple,comida,2
71.39,-0.5235968828201294,1.33902108669281,5.431660175323486,apple,comida,2
71.411,-0.5235968828201294,1.33902108669281,5.431660175323486,apple,comida,2
71.445,-0.5235968828201294,1.33902108669281,5.431660175323486,apple,comida,2
71.494,-0.5235968828201294,1.33902108669281,5.431660175323486,apple,comida,2
71.517,-0.5235968828201294,1.33902108669281,5.431660175323486,apple,comida,2
71.547,-0.5235968828201294,1.33902108669281,5.431660175323486,apple,comida,2
71.601,-0.5235968828201294,1.33902108669281,5.431660175323486,apple,comida,2
71.622,-0.5235968828201294,1.33902108669281,5.431660175323486,apple,comida,2
71.654,-0.5235968828201294,1.33902108669281,5.431660175323486,apple,comida,2
71.723,-0.5235968828201294,1.33902108669281,5.431660175323486,,comida,
71.746,-0.5235968828201294,1.33902108669281,5.431660175323486,,comida,
71.784,-0.5235968828201294,1.33902108669281,5.431660175323486,,comida,
71.831,-0.5235968828201294,1.33902108669281,5.431660175323486,,comida,
71.852,-0.5235968828201294,1.33902108669281,5.431660175323486,,comida,
71.885,-0.5235968828201294,1.33902108669281,5.431660175323486,,comida,
71.935,-0.5235968828201294,1.33902108669281,5.431660175323486,,comida,
71.958,-0.5235968828201294,1.33902108669281,5.431660175323486,,comida,
71.99,-0.5235968828201294,1.33902108669281,5.431660175323486,,comida,
72.039,-0.5235968828201294,1.33902108669281,5.431660175323486,,comida,
72.059,-0.5235968828201294,1.33902108669281,5.431660175323486,,comida,
72.097,-0.5235968828201294,1.33902108669281,5.431660175323486,,comida,
72.144,-0.5235968828201294,1.33902108669281,5.431660175323486,,comida,
72.164,-0.5235968828201294,1.33902108669281,5.431660175323486,,comida,
72.199,-0.5235968828201294,1.33902108669281,5.431660175323486,,comida,
72.246,-0.5235968828201294,1.33902108669281,5.431660175323486,,comida,
72.269,-0.5235968828201294,1.33902108669281,5.431660175323486,,comida,
72.303,-0.5235968828201294,1.33902108669281,5.431660175323486,,comida,
72.35,-0.5235968828201294,1.33902108669281,5.431660175323486,,comida,
72.374,-0.5235968828201294,1.33902108669281,5.431660175323486,,comida,
72.406,-0.5235968828201294,1.33902108669281,5.431660175323486,,comida,
72.452,-0.5235968828201294,1.33902108669281,5.431660175323486,,comida,
72.478,-0.5235968828201294,1.33902108669281,5.431660175323486,,comida,
72.517,-0.5235968828201294,1.33902108669281,5.431660175323486,,comida,
72.562,-0.5235968828201294,1.33902108669281,5.431660175323486,,comida,
72.583,-0.5235968828201294,1.33902108669281,5.431660175323486,,comida,
72.619,-0.5235968828201294,1.33902108669281,5.431660175323486,,comida,
72.669,-0.5235968828201294,1.33902108669281,5.431660175323486,,comida,
72.69,-0.5235968828201294,1.33902108669281,5.431660175323486,,comida,
72.725,-0.5235968828201294,1.33902108669281,5.431660175323486,,comida,
72.771,-0.5235968828201294,1.33902108669281,5.431660175323486,,comida,
72.797,-0.5235968828201294,1.33902108669281,5.431660175323486,,comida,
72.832,-0.5235968828201294,1.33902108669281,5.431660175323486,,comida,
72.881,-0.5235968828201294,1.33902108669281,5.431660175323486,apple,comida,2
72.901,-0.5235968828201294,1.33902108669281,5.431660175323486,apple,comida,2
72.935,-0.5235968828201294,1.33902108669281,5.431660175323486,apple,comida,2
72.981,-0.5235968828201294,1.33902108669281,5.431660175323486,,comida,
73.009,-0.5235968828201294,1.33902108669281,5.431660175323486,,comida,
73.044,-0.5235968828201294,1.33902108669281,5.431660175323486,,comida,
73.089,-0.5235968828201294,1.33902108669281,5.431660175323486,,comida,
73.113,-0.5235968828201294,1.33902108669281,5.431660175323486,,comida,
73.146,-0.5235968828201294,1.33902108669281,5.431660175323486,,comida,
73.203,-0.5235968828201294,1.33902108669281,5.431660175323486,,comida,
73.224,-0.5235968828201294,1.33902108669281,5.431660175323486,,comida,
73.262,-0.5235968828201294,1.33902108669281,5.431660175323486,,comida,
73.307,-0.5235968828201294,1.33902108669281,5.431660175323486,,comida,
73.33,-0.5235968828201294,1.33902108669281,5.431660175323486,,comida,
73.368,-0.5235968828201294,1.33902108669281,5.431660175323486,,comida,
73.417,-0.5235968828201294,1.33902108669281,5.431660175323486,,comida,
73.437,-0.5235968828201294,1.33902108669281,5.431660175323486,,comida,
73.471,-0.5235968828201294,1.33902108669281,5.431660175323486,,comida,
73.521,-0.5235968828201294,1.33902108669281,5.431660175323486,apple,comida,2
73.544,-0.5235968828201294,1.33902108669281,5.431660175323486,apple,comida,2
73.576,-0.5235968828201294,1.33902108669281,5.431660175323486,apple,comida,2
73.631,-0.5235968828201294,1.33902108669281,5.431660175323486,apple,comida,2
73.65,-0.5235968828201294,1.33902108669281,5.431660175323486,apple,comida,2
73.688,-0.5235968828201294,1.33902108669281,5.431660175323486,apple,comida,2
73.736,-0.5235968828201294,1.33902108669281,5.431660175323486,apple,comida,2
73.759,-0.5235968828201294,1.33902108669281,5.431660175323486,apple,comida,2
73.795,-0.5235968828201294,1.33902108669281,5.431660175323486,apple,comida,2
73.84,-0.5235968828201294,1.33902108669281,5.431660175323486,apple,comida,2
73.86,-0.5235968828201294,1.33902108669281,5.431660175323486,apple,comida,2
73.895,-0.5235968828201294,1.33902108669281,5.431660175323486,apple,comida,2
73.942,-0.5132507681846619,1.347015142440796,5.479920387268066,apple,comida,2
73.962,-0.5029046535491943,1.3550091981887817,5.5281805992126465,apple,comida,2
73.995,-0.4925585389137268,1.3630032539367676,5.576440811157227,apple,comida,2
74.044,-0.4822124242782593,1.3709973096847534,5.624701023101807,,comida,
74.068,-0.47186630964279175,1.3789913654327393,5.672961235046387,,comida,
74.103,-0.4615201950073242,1.386985421180725,5.721221446990967,,comida,
74.15,-0.4511740803718567,1.394979476928711,5.769481658935547,,comida,
74.174,-0.44082796573638916,1.4029735326766968,5.817741870880127,,comida,
74.206,-0.43048185110092163,1.4109675884246826,5.866002082824707,,comida,
74.255,-0.4201357364654541,1.4189616441726685,5.914262294769287,,comida,
74.29,-0.4097896218299866,1.4269556999206543,5.962522506713867,,comida,
74.324,-0.39944350719451904,1.4349497556686401,6.010782718658447,,comida,
74.372,-0.3890973925590515,1.442943811416626,6.059042930603027,,comida,
74.395,-0.378751277923584,1.4509378671646118,6.107303142547607,,comida,
74.427,-0.378751277923584,1.4509378671646118,6.107303142547607,,comida,
74.474,-0.378751277923584,1.4509378671646118,6.107303142547607,,comida,
74.497,-0.378751277923584,1.4509378671646118,6.107303142547607,,comida,
74.53,-0.378751277923584,1.4509378671646118,6.107303142547607,,comida,
74.576,-0.378751277923584,1.4509378671646118,6.107303142547607,,comida,
74.602,-0.378751277923584,1.4509378671646118,6.107303142547607,,comida,
74.636,-0.378751277923584,1.4509378671646118,6.107303142547607,,comida,
74.682,-0.378751277923584,1.4509378671646118,6.107303142547607,,comida,
74.705,-0.378751277923584,1.4509378671646118,6.107303142547607,,comida,
74.738,-0.378751277923584,1.4509378671646118,6.107303142547607,,comida,
74.787,-0.378751277923584,1.4509378671646118,6.107303142547607,,comida,
74.808,-0.378751277923584,1.4509378671646118,6.107303142547607,,comida,
74.84,-0.378751277923584,1.4509378671646118,6.107303142547607,,comida,
74.889,-0.378751277923584,1.4509378671646118,6.107303142547607,,comida,
74.911,-0.378751277923584,1.4509378671646118,6.107303142547607,,comida,
74.948,-0.378751277923584,1.4509378671646118,6.107303142547607,,comida,
74.995,-0.378751277923584,1.4509378671646118,6.107303142547607,,comida,
75.015,-0.378751277923584,1.4509378671646118,6.107303142547607,,comida,
75.051,-0.378751277923584,1.4509378671646118,6.107303142547607,,comida,
75.103,-0.378751277923584,1.4509378671646118,6.107303142547607,,comida,
75.125,-0.378751277923584,1.4509378671646118,6.107303142547607,,comida,
75.157,-0.378751277923584,1.4509378671646118,6.107303142547607,,comida,
75.206,-0.378751277923584,1.4509378671646118,6.107303142547607,,comida,
75.23,-0.378751277923584,1.4509378671646118,6.107303142547607,,comida,
75.261,-0.378751277923584,1.4509378671646118,6.107303142547607,,comida,
75.308,-0.378751277923584,1.4509378671646118,6.107303142547607,,comida,
75.331,-0.378751277923584,1.4509378671646118,6.107303142547607,,comida,
75.366,-0.378751277923584,1.4509378671646118,6.107303142547607,,comida,
75.416,-0.378751277923584,1.4509378671646118,6.107303142547607,,comida,
75.436,-0.378751277923584,1.4509378671646118,6.107303142547607,,comida,
75.478,-0.378751277923584,1.4509378671646118,6.107303142547607,,comida,
75.522,-0.378751277923584,1.4509378671646118,6.107303142547607,,comida,
75.546,-0.378751277923584,1.4509378671646118,6.107303142547607,,comida,
75.586,-0.378751277923584,1.4509378671646118,6.107303142547607,,comida,
75.627,-0.378751277923584,1.4509378671646118,6.107303142547607,,comida,
75.652,-0.378751277923584,1.4509378671646118,6.107303142547607,,comida,
75.69,-0.378751277923584,1.4509378671646118,6.107303142547607,,comida,
75.736,-0.378751277923584,1.4509378671646118,6.107303142547607,,comida,
75.76,-0.378751277923584,1.4509378671646118,6.107303142547607,,comida,
75.796,-0.378751277923584,1.4509378671646118,6.107303142547607,,comida,
75.84,-0.378751277923584,1.4509378671646118,6.107303142547607,,comida,
75.864,-0.378751277923584,1.4509378671646118,6.107303142547607,,comida,
75.897,-0.378751277923584,1.4509378671646118,6.107303142547607,,comida,
75.945,-0.378751277923584,1.4509378671646118,6.107303142547607,,comida,
75.97,-0.378751277923584,1.4509378671646118,6.107303142547607,,comida,
76.005,-0.378751277923584,1.4509378671646118,6.107303142547607,,comida,
76.049,-0.378751277923584,1.4509378671646118,6.107303142547607,,comida,
76.072,-0.378751277923584,1.4509378671646118,6.107303142547607,,comida,
76.107,-0.3809303939342499,1.499845266342163,6.097138404846191,,comida,
76.154,-0.38310950994491577,1.5487526655197144,6.086973667144775,,comida,
76.174,-0.38528862595558167,1.5976600646972656,6.076808929443359,,comida,
76.212,-0.38746774196624756,1.646567463874817,6.066644191741943,,comida,
76.257,-0.38964685797691345,1.6954748630523682,6.056479454040527,,comida,
76.282,-0.39182597398757935,1.7443822622299194,6.046314716339111,,comida,
76.318,-0.39400508999824524,1.7932896614074707,6.036149978637695,,comida,
76.369,-0.39618420600891113,1.842197060585022,6.025985240936279,,comida,
76.392,-0.39618420600891113,1.842197060585022,6.025985240936279,,comida,
76.426,-0.39618420600891113,1.842197060585022,6.025985240936279,,comida,
76.471,-0.39618420600891113,1.842197060585022,6.025985240936279,,comida,
76.494,-0.39618420600891113,1.842197060585022,6.025985240936279,,comida,
76.528,-0.39618420600891113,1.842197060585022,6.025985240936279,,comida,
76.573,-0.39618420600891113,1.842197060585022,6.025985240936279,,comida,
76.595,-0.398363322019577,1.8911044597625732,6.015820503234863,,comida,
76.631,-0.4005424380302429,1.9400118589401245,6.005655765533447,,comida,
76.68,-0.4027215540409088,1.9889192581176758,5.995491027832031,,comida,
76.701,-0.4049006700515747,2.0378265380859375,5.985326290130615,,comida,
76.735,-0.4070797860622406,2.086733818054199,5.975161552429199,,comida,
76.781,-0.4092589020729065,2.135641098022461,5.964996814727783,,comida,
76.806,-0.4114380180835724,2.1845483779907227,5.954832077026367,,comida,
76.841,-0.4136171340942383,2.2334556579589844,5.944667339324951,,comida,
76.885,-0.4157962501049042,2.282362937927246,5.934502601623535,,comida,
76.909,-0.41797536611557007,2.331270217895508,5.924337863922119,,comida,
76.946,-0.41797536611557007,2.331270217895508,5.924337863922119,,comida,
76.992,-0.41797536611557007,2.331270217895508,5.924337863922119,,comida,
77.015,-0.41797536611557007,2.331270217895508,5.924337863922119,,comida,
77.049,-0.41797536611557007,2.331270217895508,5.924337863922119,,comida,
77.101,-0.41797536611557007,2.331270217895508,5.924337863922119,,comida,
77.119,-0.41797536611557007,2.331270217895508,5.924337863922119,,comida,
77.154,-0.41797536611557007,2.331270217895508,5.924337863922119,,comida,
77.207,-0.41797536611557007,2.331270217895508,5.924337863922119,,comida,
77.229,-0.41797536611557007,2.331270217895508,5.924337863922119,,comida,
77.264,-0.41797536611557007,2.331270217895508,5.924337863922119,,comida,
77.314,-0.41797536611557007,2.331270217895508,5.924337863922119,,comida,
77.333,-0.41797536611557007,2.331270217895508,5.924337863922119,,comida,
77.369,-0.41797536611557007,2.331270217895508,5.924337863922119,,comida,
77.415,-0.41797536611557007,2.331270217895508,5.924337863922119,,comida,
77.441,-0.41797536611557007,2.331270217895508,5.924337863922119,,comida,
77.473,-0.41797536611557007,2.331270217895508,5.924337863922119,,comida,
77.527,-0.41797536611557007,2.331270217895508,5.924337863922119,,comida,
77.546,-0.42015448212623596,2.3801774978637695,5.914173126220703,,comida,
77.579,-0.42233359813690186,2.4290847778320312,5.904008388519287,,comida,
77.624,-0.42451271414756775,2.477992057800293,5.893843650817871,,comida,
77.646,-0.42669183015823364,2.5268993377685547,5.883678913116455,,comida,
77.683,-0.42887094616889954,2.5758066177368164,5.873514175415039,,comida,
77.73,-0.43105006217956543,2.624713897705078,5.863349437713623,,comida,
77.752,-0.43105006217956543,2.624713897705078,5.863349437713623,,comida,
77.786,-0.43105006217956543,2.624713897705078,5.863349437713623,,comida,
77.834,-0.43105006217956543,2.624713897705078,5.863349437713623,,comida,
77.859,-0.43105006217956543,2.624713897705078,5.863349437713623,,comida,
77.893,-0.43105006217956543,2.624713897705078,5.863349437713623,,comida,
77.936,-0.43105006217956543,2.624713897705078,5.863349437713623,,comida,
77.959,-0.43105006217956543,2.624713897705078,5.863349437713623,,comida,
77.996,-0.43105006217956543,2.624713897705078,5.863349437713623,,comida,
78.045,-0.43105006217956543,2.624713897705078,5.863349437713623,,comida,
78.065,-0.43105006217956543,2.624713897705078,5.863349437713623,,comida,
78.099,-0.43105006217956543,2.624713897705078,5.863349437713623,,comida,
78.149,-0.43105006217956543,2.624713897705078,5.863349437713623,,comida,
78.172,-0.44130194187164307,2.614318370819092,5.815528392791748,,comida,
78.207,-0.4515538215637207,2.6039228439331055,5.767707347869873,,comida,
78.252,-0.46180570125579834,2.593527317047119,5.719886302947998,,comida,
78.276,-0.472057580947876,2.583131790161133,5.672065258026123,,comida,
78.309,-0.4823094606399536,2.5727362632751465,5.624244213104248,,comida,
78.355,-0.49256134033203125,2.56234073638916,5.576423168182373,,comida,
78.378,-0.49256134033203125,2.56234073638916,5.576423168182373,,comida,
78.414,-0.49256134033203125,2.56234073638916,5.576423168182373,,comida,
78.46,-0.49256134033203125,2.56234073638916,5.576423168182373,,comida,
78.482,-0.49256134033203125,2.56234073638916,5.576423168182373,,comida,
78.518,-0.49256134033203125,2.56234073638916,5.576423168182373,,comida,
78.57,-0.49256134033203125,2.56234073638916,5.576423168182373,,comida,
78.59,-0.49256134033203125,2.56234073638916,5.576423168182373,,comida,
78.624,-0.49256134033203125,2.56234073638916,5.576423168182373,,comida,
78.669,-0.49256134033203125,2.56234073638916,5.576423168182373,,comida,
78.695,-0.49256134033203125,2.56234073638916,5.576423168182373,,comida,
78.729,-0.49256134033203125,2.56234073638916,5.576423168182373,,comida,
78.776,-0.49256134033203125,2.56234073638916,5.576423168182373,,comida,
78.795,-0.49256134033203125,2.56234073638916,5.576423168182373,,comida,
78.83,-0.49256134033203125,2.56234073638916,5.576423168182373,,comida,
78.877,-0.49256134033203125,2.56234073638916,5.576423168182373,,comida,
78.899,-0.49256134033203125,2.56234073638916,5.576423168182373,,comida,
78.939,-0.49256134033203125,2.56234073638916,5.576423168182373,,comida,
78.986,-0.49256134033203125,2.56234073638916,5.576423168182373,,comida,
79.01,-0.49256134033203125,2.56234073638916,5.576423168182373,,comida,
79.044,-0.49256134033203125,2.56234073638916,5.576423168182373,,comida,
79.095,-0.49256134033203125,2.56234073638916,5.576423168182373,,comida,
79.116,-0.49256134033203125,2.56234073638916,5.576423168182373,,comida,
79.154,-0.49256134033203125,2.56234073638916,5.576423168182373,,comida,
79.2,-0.49256134033203125,2.56234073638916,5.576423168182373,,comida,
79.225,-0.49256134033203125,2.56234073638916,5.576423168182373,,comida,
79.263,-0.49256134033203125,2.56234073638916,5.576423168182373,,comida,
79.31,-0.49256134033203125,2.56234073638916,5.576423168182373,,comida,
79.332,-0.49256134033203125,2.56234073638916,5.576423168182373,,comida,
79.371,-0.49256134033203125,2.56234073638916,5.576423168182373,,comida,
79.418,-0.49256134033203125,2.56234073638916,5.576423168182373,,comida,
79.44,-0.49256134033203125,2.56234073638916,5.576423168182373,,comida,
79.478,-0.49256134033203125,2.56234073638916,5.576423168182373,,comida,
79.524,-0.49256134033203125,2.56234073638916,5.576423168182373,,comida,
79.546,-0.49256134033203125,2.56234073638916,5.576423168182373,,comida,
79.584,-0.49256134033203125,2.56234073638916,5.576423168182373,,comida,
79.628,-0.49256134033203125,2.56234073638916,5.576423168182373,,comida,
79.655,-0.49256134033203125,2.56234073638916,5.576423168182373,,comida,
79.691,-0.5028132200241089,2.551945209503174,5.528602123260498,,comida,
79.739,-0.5130650997161865,2.5415496826171875,5.480781078338623,,comida,
79.763,-0.5233169794082642,2.531154155731201,5.432960033416748,,comida,
79.797,-0.5335688591003418,2.520758628845215,5.385138988494873,,comida,
79.844,-0.5335688591003418,2.520758628845215,5.385138988494873,,comida,
79.869,-0.5335688591003418,2.520758628845215,5.385138988494873,,comida,
79.903,-0.5335688591003418,2.520758628845215,5.385138988494873,,comida,
79.956,-0.5335688591003418,2.520758628845215,5.385138988494873,,comida,
79.979,-0.5335688591003418,2.520758628845215,5.385138988494873,,comida,
80.012,-0.5335688591003418,2.520758628845215,5.385138988494873,,comida,
80.062,-0.5335688591003418,2.520758628845215,5.385138988494873,apple,comida,3
80.083,-0.5335688591003418,2.520758628845215,5.385138988494873,apple,comida,3
80.12,-0.5335688591003418,2.520758628845215,5.385138988494873,apple,comida,3
80.169,-0.5335688591003418,2.520758628845215,5.385138988494873,apple,comida,3
80.188,-0.5335688591003418,2.520758628845215,5.385138988494873,apple,comida,3
80.222,-0.5335688591003418,2.520758628845215,5.385138988494873,apple,comida,3
80.276,-0.5335688591003418,2.520758628845215,5.385138988494873,apple,comida,3
80.299,-0.5335688591003418,2.520758628845215,5.385138988494873,apple,comida,3
80.339,-0.5335688591003418,2.520758628845215,5.385138988494873,apple,comida,3
80.389,-0.5335688591003418,2.520758628845215,5.385138988494873,apple,comida,3
80.41,-0.5335688591003418,2.520758628845215,5.385138988494873,apple,comida,3
80.442,-0.5335688591003418,2.520758628845215,5.385138988494873,apple,comida,3
80.488,-0.5335688591003418,2.520758628845215,5.385138988494873,apple,comida,3
80.511,-0.5335688591003418,2.520758628845215,5.385138988494873,apple,comida,3
80.546,-0.5335688591003418,2.520758628845215,5.385138988494873,apple,comida,3
80.591,-0.5335688591003418,2.520758628845215,5.385138988494873,apple,comida,3
80.616,-0.5335688591003418,2.520758628845215,5.385138988494873,apple,comida,3
80.65,-0.5335688591003418,2.520758628845215,5.385138988494873,apple,comida,3
80.699,-0.5335688591003418,2.520758628845215,5.385138988494873,,comida,
80.722,-0.5335688591003418,2.520758628845215,5.385138988494873,,comida,
80.756,-0.5335688591003418,2.520758628845215,5.385138988494873,,comida,
80.808,-0.5335688591003418,2.520758628845215,5.385138988494873,,comida,
80.826,-0.5335688591003418,2.520758628845215,5.385138988494873,,comida,
80.86,-0.5335688591003418,2.520758628845215,5.385138988494873,,comida,
80.911,-0.5335688591003418,2.520758628845215,5.385138988494873,,comida,
80.929,-0.5335688591003418,2.520758628845215,5.385138988494873,,comida,
80.964,-0.5335688591003418,2.520758628845215,5.385138988494873,,comida,
81.011,-0.5335688591003418,2.520758628845215,5.385138988494873,,comida,
81.034,-0.5335688591003418,2.520758628845215,5.385138988494873,,comida,
81.068,-0.5335688591003418,2.520758628845215,5.385138988494873,,comida,
81.116,-0.5335688591003418,2.520758628845215,5.385138988494873,,comida,
81.143,-0.5335688591003418,2.520758628845215,5.385138988494873,,comida,
81.183,-0.5335688591003418,2.520758628845215,5.385138988494873,,comida,
81.236,-0.5335688591003418,2.520758628845215,5.385138988494873,,comida,
81.258,-0.5335688591003418,2.520758628845215,5.385138988494873,,comida,
81.293,-0.5335688591003418,2.520758628845215,5.385138988494873,,comida,
81.339,-0.5335688591003418,2.520758628845215,5.385138988494873,,comida,
81.364,-0.5335688591003418,2.520758628845215,5.385138988494873,,comida,
81.4,-0.5335688591003418,2.520758628845215,5.385138988494873,,comida,
81.447,-0.5335688591003418,2.520758628845215,5.385138988494873,,comida,
81.471,-0.5335688591003418,2.520758628845215,5.385138988494873,,comida,
81.508,-0.5335688591003418,2.520758628845215,5.385138988494873,,comida,
81.552,-0.5335688591003418,2.520758628845215,5.385138988494873,,comida,
81.578,-0.5335688591003418,2.520758628845215,5.385138988494873,,comida,
81.614,-0.5335688591003418,2.520758628845215,5.385138988494873,,comida,
81.66,-0.5335688591003418,2.520758628845215,5.385138988494873,,comida,
81.683,-0.5335688591003418,2.520758628845215,5.385138988494873,,comida,
81.718,-0.5335688591003418,2.520758628845215,5.385138988494873,,comida,
81.768,-0.5335688591003418,2.520758628845215,5.385138988494873,,comida,
81.792,-0.5335688591003418,2.520758628845215,5.385138988494873,,comida,
81.829,-0.5335688591003418,2.520758628845215,5.385138988494873,,comida,
81.873,-0.5335688591003418,2.520758628845215,5.385138988494873,,comida,
81.901,-0.5335688591003418,2.520758628845215,5.385138988494873,,comida,
81.933,-0.5335688591003418,2.520758628845215,5.385138988494873,,comida,
81.978,-0.5335688591003418,2.520758628845215,5.385138988494873,,comida,
82.001,-0.5335688591003418,2.520758628845215,5.385138988494873,,comida,
82.039,-0.5335688591003418,2.520758628845215,5.385138988494873,,comida,
82.084,-0.5335688591003418,2.520758628845215,5.385138988494873,,comida,
82.105,-0.5335688591003418,2.520758628845215,5.385138988494873,,comida,
82.142,-0.5335688591003418,2.520758628845215,5.385138988494873,,comida,
82.187,-0.5335688591003418,2.520758628845215,5.385138988494873,,comida,
82.21,-0.5335688591003418,2.520758628845215,5.385138988494873,,comida,
82.248,-0.5335688591003418,2.520758628845215,5.385138988494873,,comida,
82.293,-0.5335688591003418,2.520758628845215,5.385138988494873,apple,comida,3
82.315,-0.5335688591003418,2.520758628845215,5.385138988494873,apple,comida,3
82.351,-0.5335688591003418,2.520758628845215,5.385138988494873,apple,comida,3
82.396,-0.5335688591003418,2.520758628845215,5.385138988494873,,comida,
82.425,-0.5335688591003418,2.520758628845215,5.385138988494873,,comida,
82.461,-0.5335688591003418,2.520758628845215,5.385138988494873,,comida,
82.505,-0.5335688591003418,2.520758628845215,5.385138988494873,,comida,
82.533,-0.5335688591003418,2.520758628845215,5.385138988494873,,comida,
82.567,-0.5335688591003418,2.520758628845215,5.385138988494873,,comida,
82.617,-0.5335688591003418,2.520758628845215,5.385138988494873,,comida,
82.641,-0.5335688591003418,2.520758628845215,5.385138988494873,,comida,
82.68,-0.5335688591003418,2.520758628845215,5.385138988494873,,comida,
82.723,-0.5335688591003418,2.520758628845215,5.385138988494873,,comida,
82.749,-0.5335688591003418,2.520758628845215,5.385138988494873,,comida,
82.784,-0.5335688591003418,2.520758628845215,5.385138988494873,,comida,
82.841,-0.5335688591003418,2.520758628845215,5.385138988494873,,comida,
82.861,-0.5335688591003418,2.520758628845215,5.385138988494873,,comida,
82.898,-0.5335688591003418,2.520758628845215,5.385138988494873,,comida,
82.944,-0.5335688591003418,2.520758628845215,5.385138988494873,,comida,
82.971,-0.5335688591003418,2.520758628845215,5.385138988494873,,comida,
83.009,-0.5335688591003418,2.520758628845215,5.385138988494873,,comida,
83.058,-0.5335688591003418,2.520758628845215,5.385138988494873,,comida,
83.081,-0.5335688591003418,2.520758628845215,5.385138988494873,,comida,
83.114,-0.5335688591003418,2.520758628845215,5.385138988494873,,comida,
83.167,-0.5335688591003418,2.520758628845215,5.385138988494873,,comida,
83.191,-0.5335688591003418,2.520758628845215,5.385138988494873,,comida,
83.234,-0.5335688591003418,2.520758628845215,5.385138988494873,,comida,
83.282,-0.5335688591003418,2.520758628845215,5.385138988494873,apple,comida,3
83.307,-0.5335688591003418,2.520758628845215,5.385138988494873,apple,comida,3
83.345,-0.5335688591003418,2.520758628845215,5.385138988494873,apple,comida,3
83.398,-0.5335688591003418,2.520758628845215,5.385138988494873,apple,comida,3
83.426,-0.5335688591003418,2.520758628845215,5.385138988494873,apple,comida,3
83.458,-0.5335688591003418,2.520758628845215,5.385138988494873,apple,comida,3
83.505,-0.5335688591003418,2.520758628845215,5.385138988494873,apple,comida,3
83.528,-0.5335688591003418,2.520758628845215,5.385138988494873,apple,comida,3
83.563,-0.5335688591003418,2.520758628845215,5.385138988494873,apple,comida,3
83.609,-0.5335688591003418,2.520758628845215,5.385138988494873,apple,comida,3
83.632,-0.5335688591003418,2.520758628845215,5.385138988494873,apple,comida,3
83.668,-0.5335688591003418,2.520758628845215,5.385138988494873,apple,comida,3
83.717,-0.5335688591003418,2.520758628845215,5.385138988494873,apple,comida,3
83.738,-0.5335688591003418,2.520758628845215,5.385138988494873,apple,comida,3
83.739,-0.5335688591003418,2.520758628845215,5.385138988494873,apple,comida,3
83.773,-0.5335688591003418,2.520758628845215,5.385138988494873,apple,comida,3
83.82,-0.5335688591003418,2.520758628845215,5.385138988494873,apple,comida,3
83.841,-0.5335688591003418,2.520758628845215,5.385138988494873,apple,comida,3
83.878,-0.5335688591003418,2.520758628845215,5.385138988494873,apple,comida,3
83.937,-0.5335688591003418,2.520758628845215,5.385138988494873,apple,comida,3
83.96,-0.5335688591003418,2.520758628845215,5.385138988494873,apple,comida,3
83.998,-0.5335688591003418,2.520758628845215,5.385138988494873,apple,comida,3
84.045,-0.5335688591003418,2.520758628845215,5.385138988494873,apple,comida,3
84.069,-0.5335688591003418,2.520758628845215,5.385138988494873,apple,comida,3
84.104,-0.5335688591003418,2.520758628845215,5.385138988494873,apple,comida,3
84.153,-0.5335688591003418,2.520758628845215,5.385138988494873,apple,comida,3
84.172,-0.5335688591003418,2.520758628845215,5.385138988494873,apple,comida,3
84.208,-0.5335688591003418,2.520758628845215,5.385138988494873,apple,comida,3
84.259,-0.5335688591003418,2.520758628845215,5.385138988494873,apple,comida,3
84.281,-0.5335688591003418,2.520758628845215,5.385138988494873,apple,comida,3
84.316,-0.5335688591003418,2.520758628845215,5.385138988494873,apple,comida,3
84.373,-0.5335688591003418,2.520758628845215,5.385138988494873,apple,comida,3
84.397,-0.5335688591003418,2.520758628845215,5.385138988494873,apple,comida,3
84.431,-0.5335688591003418,2.520758628845215,5.385138988494873,apple,comida,3
84.48,-0.5335688591003418,2.520758628845215,5.385138988494873,apple,comida,3
84.504,-0.5335688591003418,2.520758628845215,5.385138988494873,apple,comida,3
84.54,-0.5335688591003418,2.520758628845215,5.385138988494873,apple,comida,3
84.587,-0.5335688591003418,2.520758628845215,5.385138988494873,apple,comida,3
84.614,-0.5335688591003418,2.520758628845215,5.385138988494873,apple,comida,3
84.645,-0.5335688591003418,2.520758628845215,5.385138988494873,apple,comida,3
84.692,-0.5335688591003418,2.520758628845215,5.385138988494873,,comida,
84.712,-0.5335688591003418,2.520758628845215,5.385138988494873,,comida,
84.751,-0.5335688591003418,2.520758628845215,5.385138988494873,,comida,
84.8,-0.5335688591003418,2.520758628845215,5.385138988494873,,comida,
84.826,-0.5335688591003418,2.520758628845215,5.385138988494873,,comida,
84.861,-0.5335688591003418,2.520758628845215,5.385138988494873,,comida,
84.907,-0.5335688591003418,2.520758628845215,5.385138988494873,,comida,
84.928,-0.5335688591003418,2.520758628845215,5.385138988494873,,comida,
84.975,-0.5335688591003418,2.520758628845215,5.385138988494873,,comida,
85.02,-0.5335688591003418,2.520758628845215,5.385138988494873,,comida,
85.044,-0.5335688591003418,2.520758628845215,5.385138988494873,,comida,
85.081,-0.5335688591003418,2.520758628845215,5.385138988494873,,comida,
85.126,-0.5335688591003418,2.520758628845215,5.385138988494873,,comida,
85.157,-0.5335688591003418,2.520758628845215,5.385138988494873,,comida,
85.192,-0.5335688591003418,2.520758628845215,5.385138988494873,,comida,
85.244,-0.5335688591003418,2.520758628845215,5.385138988494873,,comida,
85.264,-0.5335688591003418,2.520758628845215,5.385138988494873,,comida,
85.298,-0.5335688591003418,2.520758628845215,5.385138988494873,,comida,
85.344,-0.5335688591003418,2.520758628845215,5.385138988494873,,comida,
85.366,-0.5335688591003418,2.520758628845215,5.385138988494873,,comida,
85.4,-0.5438207387924194,2.5103631019592285,5.337317943572998,,comida,
85.448,-0.5540726184844971,2.499967575073242,5.289496898651123,,comida,
85.47,-0.5643244981765747,2.489572048187256,5.241675853729248,,comida,
85.504,-0.5745763778686523,2.4791765213012695,5.193854808807373,,comida,
85.551,-0.58482825756073,2.468780994415283,5.146033763885498,,comida,
85.573,-0.5950801372528076,2.458385467529297,5.098212718963623,,comida,
85.605,-0.6053320169448853,2.4479899406433105,5.050391674041748,,comida,
85.652,-0.6155838966369629,2.437594413757324,5.002570629119873,,comida,
85.675,-0.6258357763290405,2.427198886871338,4.954749584197998,,comida,
85.71,-0.6360876560211182,2.4168033599853516,4.906928539276123,,comida,
85.761,-0.6463395357131958,2.4064078330993652,4.859107494354248,,comida,
85.781,-0.6565914154052734,2.396012306213379,4.811286449432373,,comida,
85.817,-0.6668432950973511,2.3856167793273926,4.763465404510498,,comida,
85.864,-0.6770951747894287,2.3752212524414062,4.715644359588623,,comida,
85.885,-0.6770951747894287,2.3752212524414062,4.715644359588623,,comida,
85.919,-0.6770951747894287,2.3752212524414062,4.715644359588623,,comida,
85.968,-0.6770951747894287,2.3752212524414062,4.715644359588623,,comida,
85.988,-0.6770951747894287,2.3752212524414062,4.715644359588623,,comida,
86.019,-0.6770951747894287,2.3752212524414062,4.715644359588623,,comida,
86.066,-0.6770951747894287,2.3752212524414062,4.715644359588623,,comida,
86.09,-0.6668432950973511,2.3856167793273926,4.763465404510498,,comida,
86.124,-0.6565914154052734,2.396012306213379,4.811286449432373,,comida,
86.171,-0.6463395357131958,2.4064078330993652,4.859107494354248,,comida,
86.193,-0.6360876560211182,2.4168033599853516,4.906928539276123,,comida,
86.229,-0.6258357763290405,2.427198886871338,4.954749584197998,,comida,
86.276,-0.6155838966369629,2.437594413757324,5.002570629119873,,comida,
86.298,-0.6053320169448853,2.4479899406433105,5.050391674041748,,comida,
86.33,-0.5950801372528076,2.458385467529297,5.098212718963623,,comida,
86.378,-0.58482825756073,2.468780994415283,5.146033763885498,,comida,
86.4,-0.5745763778686523,2.4791765213012695,5.193854808807373,,comida,
86.432,-0.5643244981765747,2.489572048187256,5.241675853729248,,comida,
86.481,-0.5540726184844971,2.499967575073242,5.289496898651123,,comida,
86.503,-0.5438207387924194,2.5103631019592285,5.337317943572998,,comida,
86.537,-0.5335688591003418,2.520758628845215,5.385138988494873,,comida,
86.585,-0.5233169794082642,2.531154155731201,5.432960033416748,apple,comida,3
86.607,-0.5130650997161865,2.5415496826171875,5.480781078338623,apple,comida,3
86.639,-0.5028132200241089,2.551945209503174,5.528602123260498,apple,comida,3
86.694,-0.49256134033203125,2.56234073638916,5.576423168182373,,comida,
86.716,-0.49256134033203125,2.56234073638916,5.576423168182373,,comida,
86.75,-0.49256134033203125,2.56234073638916,5.576423168182373,,comida,
86.795,-0.49256134033203125,2.56234073638916,5.576423168182373,,comida,
86.818,-0.49256134033203125,2.56234073638916,5.576423168182373,,comida,
86.85,-0.49256134033203125,2.56234073638916,5.576423168182373,,comida,
86.9,-0.49256134033203125,2.56234073638916,5.576423168182373,,comida,
86.924,-0.49256134033203125,2.56234073638916,5.576423168182373,,comida,
86.959,-0.49256134033203125,2.56234073638916,5.576423168182373,,comida,
87.005,-0.49256134033203125,2.56234073638916,5.576423168182373,,comida,
87.027,-0.49256134033203125,2.56234073638916,5.576423168182373,,comida,
87.061,-0.49256134033203125,2.56234073638916,5.576423168182373,,comida,
87.108,-0.5414505004882812,2.56234073638916,5.586904048919678,,comida,
87.129,-0.5903396606445312,2.56234073638916,5.597384929656982,,comida,
87.165,-0.6392288208007812,2.56234073638916,5.607865810394287,,comida,
87.212,-0.6881179809570312,2.56234073638916,5.618346691131592,,comida,
87.233,-0.7370071411132812,2.56234073638916,5.6288275718688965,,comida,
87.266,-0.7858963012695312,2.56234073638916,5.639308452606201,,comida,
87.314,-0.8347854614257812,2.56234073638916,5.649789333343506,,comida,
87.336,-0.8836746215820312,2.56234073638916,5.6602702140808105,,comida,
87.377,-0.9325637817382812,2.56234073638916,5.670751094818115,,comida,
87.421,-0.9810996055603027,2.56234073638916,5.682762622833252,,comida,
87.441,-1.0292341709136963,2.56234073638916,5.696292877197266,,comida,
87.474,-1.0770238637924194,2.56234073638916,5.710994720458984,,comida,
87.528,-1.1244676113128662,2.56234073638916,5.726777076721191,,comida,
87.554,-1.171452283859253,2.56234073638916,5.74387788772583,,comida,
87.588,-1.2179731130599976,2.56234073638916,5.762202739715576,,comida,
87.637,-1.2639983892440796,2.56234073638916,5.781739234924316,,comida,
87.657,-1.309276819229126,2.56234073638916,5.80294942855835,,comida,
87.695,-1.353627324104309,2.56234073638916,5.8260369300842285,,comida,
87.744,-1.3971880674362183,2.56234073638916,5.850582122802734,,comida,
87.766,-1.4400913715362549,2.56234073638916,5.8762593269348145,,comida,
87.798,-1.4824010133743286,2.56234073638916,5.902903079986572,,comida,
87.851,-1.5238529443740845,2.56234073638916,5.930862903594971,,comida,
87.875,-1.5644571781158447,2.56234073638916,5.960040092468262,,comida,
87.911,-1.6041247844696045,2.56234073638916,5.990478038787842,,comida,
87.957,-1.642706036567688,2.56234073638916,6.022282123565674,,comida,
87.979,-1.680555820465088,2.56234073638916,6.054953098297119,,comida,
88.014,-1.680555820465088,2.56234073638916,6.054953098297119,,comida,
88.062,-1.680555820465088,2.56234073638916,6.054953098297119,,comida,
88.085,-1.680555820465088,2.56234073638916,6.054953098297119,,comida,
88.119,-1.680555820465088,2.56234073638916,6.054953098297119,,comida,
88.169,-1.680555820465088,2.56234073638916,6.054953098297119,,comida,
88.191,-1.680555820465088,2.56234073638916,6.054953098297119,,comida,
88.226,-1.680555820465088,2.56234073638916,6.054953098297119,,comida,
88.271,-1.680555820465088,2.56234073638916,6.054953098297119,,comida,
88.295,-1.680555820465088,2.56234073638916,6.054953098297119,,comida,
88.331,-1.680555820465088,2.56234073638916,6.054953098297119,,comida,
88.377,-1.680555820465088,2.56234073638916,6.054953098297119,,comida,
88.4,-1.7129617929458618,2.56234073638916,6.093029975891113,,comida,
88.431,-1.7453677654266357,2.56234073638916,6.131106853485107,,comida,
88.482,-1.7777737379074097,2.56234073638916,6.169183731079102,,comida,
88.505,-1.8101797103881836,2.56234073638916,6.207260608673096,,comida,
88.538,-1.8425856828689575,2.56234073638916,6.24533748626709,,comida,
88.585,-1.8749916553497314,2.56234073638916,6.283414363861084,,comida,
88.607,-1.9073976278305054,2.56234073638916,6.321491241455078,,comida,
88.642,-1.9398036003112793,2.56234073638916,6.359568119049072,,comida,
88.692,-1.9722095727920532,2.56234073638916,6.397644996643066,,comida,
88.714,-2.004615545272827,2.56234073638916,6.4357218742370605,,comida,
88.752,-2.0370216369628906,2.56234073638916,6.473798751831055,,comida,
88.796,-2.069427728652954,2.56234073638916,6.511875629425049,,comida,
88.819,-2.1010968685150146,2.56234073638916,6.550567626953125,,comida,
88.851,-2.1316041946411133,2.56234073638916,6.590182304382324,,comida,
88.905,-2.1605682373046875,2.56234073638916,6.630938529968262,,comida,
88.927,-2.1881651878356934,2.56234073638916,6.672632694244385,,comida,
88.96,-2.1881651878356934,2.56234073638916,6.672632694244385,,comida,
89.007,-2.1881651878356934,2.56234073638916,6.672632694244385,,comida,
89.03,-2.1881651878356934,2.56234073638916,6.672632694244385,,comida,
89.065,-2.1881651878356934,2.56234073638916,6.672632694244385,,comida,
89.113,-2.1881651878356934,2.56234073638916,6.672632694244385,,comida,
89.135,-2.1881651878356934,2.56234073638916,6.672632694244385,,comida,
89.171,-2.1881651878356934,2.56234073638916,6.672632694244385,,comida,
89.225,-2.1881651878356934,2.56234073638916,6.672632694244385,,comida,
89.243,-2.1881651878356934,2.56234073638916,6.672632694244385,,comida,
89.277,-2.1881651878356934,2.56234073638916,6.672632694244385,,comida,
89.324,-2.1881651878356934,2.56234073638916,6.672632694244385,,comida,
89.348,-2.1881651878356934,2.56234073638916,6.672632694244385,,comida,
89.383,-2.231893301010132,2.5498218536376953,6.651869297027588,,comida,
89.434,-2.2756214141845703,2.5373029708862305,6.631105899810791,,comida,
89.455,-2.319349527359009,2.5247840881347656,6.610342502593994,,comida,
89.488,-2.3630776405334473,2.512265205383301,6.589579105377197,,comida,
89.536,-2.4068057537078857,2.499746322631836,6.5688157081604,,comida,
89.559,-2.450533866882324,2.487227439880371,6.5480523109436035,,comida,
89.593,-2.4942619800567627,2.4747085571289062,6.527288913726807,,comida,
89.641,-2.537990093231201,2.4621896743774414,6.50652551651001,,comida,
89.665,-2.5817182064056396,2.4496707916259766,6.485762119293213,,comida,
89.7,-2.625446319580078,2.4371519088745117,6.464998722076416,,comida,
89.745,-2.6691744327545166,2.424633026123047,6.444235324859619,,comida,
89.771,-2.712902545928955,2.412114143371582,6.423471927642822,,comida,
89.804,-2.7566306591033936,2.399595260620117,6.402708530426025,,comida,
89.85,-2.800358772277832,2.3870763778686523,6.3819451332092285,,comida,
89.875,-2.8440868854522705,2.3745574951171875,6.361181735992432,,comida,
89.912,-2.887814998626709,2.3620386123657227,6.340418338775635,,comida,
89.955,-2.931579351425171,2.349519729614258,6.31973123550415,,comida,
89.977,-2.975628137588501,2.337000846862793,6.299656867980957,,comida,
90.011,-3.019958734512329,2.324651002883911,6.280104637145996,,comida,
90.059,-3.0644302368164062,2.3124701976776123,6.260767936706543,,comida,
90.08,-3.1091692447662354,2.3008828163146973,6.241684913635254,,comida,
90.113,-3.1544322967529297,2.290231227874756,6.223305702209473,,comida,
90.163,-3.200237989425659,2.2806050777435303,6.205722332000732,,comida,
90.181,-3.2464799880981445,2.2717509269714355,6.188891410827637,,comida,
90.214,-3.2931063175201416,2.2636706829071045,6.172745704650879,,comida,
90.257,-3.340083122253418,2.2562801837921143,6.1573004722595215,,comida,
90.28,-3.3873794078826904,2.2494943141937256,6.142569065093994,,comida,
90.314,-3.4349563121795654,2.2431411743164062,6.128566265106201,,comida,
90.358,-3.4828970432281494,2.237481117248535,6.115540981292725,,comida,
90.38,-3.5311038494110107,2.23225474357605,6.1033430099487305,,comida,
90.414,-3.5795021057128906,2.2272887229919434,6.091813087463379,,comida,
90.461,-3.6280200481414795,2.22275710105896,6.080611705780029,,comida,
90.48,-3.676565170288086,2.2183125019073486,6.069493293762207,,comida,
90.515,-3.7251102924346924,2.2138679027557373,6.058374881744385,,comida,
90.568,-3.773674726486206,2.209423303604126,6.047341346740723,,comida,
90.589,-3.8222849369049072,2.2050654888153076,6.036475658416748,,comida,
90.623,-3.8709139823913574,2.2007076740264893,6.025694847106934,,comida,
90.667,-3.9195430278778076,2.196349859237671,6.014914035797119,,comida,
90.69,-3.968172073364258,2.1919920444488525,6.004133224487305,,comida,
90.725,-4.016800880432129,2.187634229660034,5.99335241317749,,comida,
90.775,-4.0654296875,2.183276414871216,5.982571601867676,,comida,
90.793,-4.114058494567871,2.1789186000823975,5.971790790557861,,comida,
90.826,-4.162687301635742,2.174560785293579,5.961009979248047,,comida,
90.872,-4.211316108703613,2.1702029705047607,5.950229167938232,,comida,
90.892,-4.259944915771484,2.1658451557159424,5.939448356628418,,comida,
90.924,-4.3085737228393555,2.161487340927124,5.9286675453186035,,comida,
90.972,-4.357202529907227,2.1571295261383057,5.917886734008789,,comida,
90.99,-4.405831336975098,2.1527717113494873,5.907105922698975,,comida,
91.024,-4.454460144042969,2.148413896560669,5.89632511138916,,comida,
91.074,-4.50308895111084,2.1440560817718506,5.885544300079346,,comida,
91.092,-4.551717758178711,2.1396982669830322,5.874763488769531,,comida,
91.126,-4.600346565246582,2.135340452194214,5.863982677459717,,comida,
91.179,-4.648975372314453,2.1309826374053955,5.853201866149902,,comida,
91.193,-4.697696685791016,2.126624822616577,5.842845916748047,,comida,
91.227,-4.746496677398682,2.122354030609131,5.832828998565674,,comida,
91.275,-4.795372486114502,2.1181700229644775,5.823151111602783,,comida,
91.293,-4.844383716583252,2.1142470836639404,5.814067363739014,,comida,
91.326,-4.893463611602783,2.1104111671447754,5.805325031280518,,comida,
91.374,-4.94264554977417,2.1067492961883545,5.797094821929932,,comida,
91.392,-4.991876125335693,2.1031744480133057,5.789121150970459,,comida,
91.424,-5.041126728057861,2.099686622619629,5.7812323570251465,,comida,
91.472,-5.090417861938477,2.096198797225952,5.773601531982422,,comida,
91.49,-5.13971471786499,2.0927979946136475,5.765969753265381,,comida,
91.522,-5.18904972076416,2.089571475982666,5.758508682250977,,comida,
91.57,-5.238428592681885,2.0864319801330566,5.751305103302002,,comida,
91.588,-5.287895679473877,2.0835537910461426,5.744616985321045,,comida,
91.62,-5.337579250335693,2.081721544265747,5.739307403564453,,comida,
91.668,-5.387416839599609,2.0804998874664307,5.735472679138184,,comida,
91.686,-5.437292098999023,2.0795400142669678,5.732072353363037,,comida,
91.72,-5.487178802490234,2.078580141067505,5.728846549987793,,comida,
91.77,-5.537072658538818,2.077707529067993,5.725707530975342,,comida,
91.786,-5.586967945098877,2.0769221782684326,5.722568511962891,,comida,
91.817,-5.6368632316589355,2.076136827468872,5.7194294929504395,,comida,
91.864,-5.6867594718933105,2.0754387378692627,5.716290473937988,,comida,
91.883,-5.736650466918945,2.0747406482696533,5.713064193725586,,comida,
91.915,-5.786536693572998,2.074129819869995,5.709750652313232,,comida,
91.961,-5.836418151855469,2.073606252670288,5.706349849700928,,comida,
91.982,-5.8862996101379395,2.073082685470581,5.702949047088623,,comida,
92.016,-5.93618106842041,2.072559118270874,5.699548244476318,,comida,
92.063,-5.986062526702881,2.072035551071167,5.696147441864014,,comida,
92.083,-6.035943984985352,2.07151198387146,5.692746639251709,,comida,
92.116,-6.085825443267822,2.070988416671753,5.689345836639404,,comida,
92.163,-6.135706901550293,2.070464849472046,5.6859450340271,,comida,
92.181,-6.185588359832764,2.069941282272339,5.682544231414795,,comida,
92.215,-6.235469818115234,2.069417715072632,5.67914342880249,,comida,
92.263,-6.285351276397705,2.068894147872925,5.6757426261901855,,comida,
92.281,-6.335232734680176,2.0683705806732178,5.672341823577881,,comida,
92.312,-6.3851141929626465,2.0678470134735107,5.668941020965576,,comida,
92.369,-6.434995651245117,2.0673234462738037,5.6655402183532715,,comida,
92.38,-6.484882831573486,2.0667998790740967,5.662226676940918,,comida,
92.413,-6.534786701202393,2.0662763118743896,5.65917444229126,,comida,
92.462,-6.584705829620361,2.0657527446746826,5.656383514404297,,comida,
92.479,-6.634647369384766,2.0652291774749756,5.654028415679932,,comida,
92.512,-6.684621810913086,2.064443826675415,5.652632713317871,,comida,
92.562,-6.734609603881836,2.063396692276001,5.652283668518066,,comida,
92.579,-6.784590721130371,2.0620877742767334,5.652719974517822,,comida,
92.611,-6.834546089172363,2.060778856277466,5.654376983642578,,comida,
92.667,-6.884443759918213,2.059382677078247,5.657254219055176,,comida,
92.686,-6.934289932250977,2.0579864978790283,5.660914897918701,,comida,
92.719,-6.984102249145508,2.0565903186798096,5.665010452270508,,comida,
92.765,-7.033892631530762,2.055194139480591,5.669366359710693,,comida,
92.788,-7.083675384521484,2.053797960281372,5.67380952835083,,comida,
92.819,-7.133458137512207,2.0524017810821533,5.678252696990967,,comida,
92.866,-7.18324089050293,2.0510056018829346,5.6826958656311035,,comida,
92.885,-7.233023643493652,2.049609422683716,5.68713903427124,,comida,
92.918,-7.282806396484375,2.048213243484497,5.691582202911377,,comida,
92.971,-7.332589149475098,2.0468170642852783,5.696025371551514,,comida,
92.985,-7.38237190246582,2.0454208850860596,5.70046854019165,,comida,
93.026,-7.432154655456543,2.044024705886841,5.704911708831787,,comida,
93.073,-7.481937408447266,2.042628526687622,5.709354877471924,,comida,
93.09,-7.531720161437988,2.0412323474884033,5.7137980461120605,,comida,
93.126,-7.581502914428711,2.0398361682891846,5.718241214752197,,comida,
93.173,-7.631285667419434,2.038439989089966,5.722684383392334,,comida,
93.192,-7.681068420410156,2.037043809890747,5.727127552032471,,comida,
93.225,-7.730851173400879,2.0356476306915283,5.731570720672607,,comida,
93.271,-7.780633926391602,2.0342514514923096,5.736013889312744,,comida,
93.29,-7.830416679382324,2.032855272293091,5.740457057952881,,comida,
93.321,-7.880199432373047,2.031459093093872,5.744900226593018,,comida,
93.37,-7.9299821853637695,2.0300629138946533,5.749343395233154,,comida,
93.388,-7.979764938354492,2.0286667346954346,5.753786563873291,,comida,
93.423,-8.029547691345215,2.027270555496216,5.758229732513428,,otros,
93.475,-8.079330444335938,2.025874376296997,5.7626729011535645,,otros,
93.49,-8.12911319732666,2.0244781970977783,5.767116069793701,,otros,
93.522,-8.178895950317383,2.0230820178985596,5.771559238433838,,otros,
93.573,-8.228678703308105,2.021685838699341,5.776002407073975,,otros,
93.588,-8.278461456298828,2.020289659500122,5.780445575714111,,otros,
93.624,-8.32824420928955,2.0188934803009033,5.784888744354248,,otros,
93.673,-8.378026962280273,2.0174973011016846,5.789331912994385,,otros,
93.688,-8.427809715270996,2.016101121902466,5.7937750816345215,,otros,
93.721,-8.477592468261719,2.014704942703247,5.798218250274658,,otros,
93.773,-8.527375221252441,2.0133087635040283,5.802661418914795,,otros,
93.788,-8.577157974243164,2.0119125843048096,5.807104587554932,,otros,
93.821,-8.626940727233887,2.010516405105591,5.811547756195068,,otros,
93.868,-8.67672348022461,2.009120225906372,5.815990924835205,,otros,
93.886,-8.726506233215332,2.0077240467071533,5.820434093475342,,otros,
93.92,-8.776288986206055,2.0063278675079346,5.8248772621154785,,otros,
93.966,-8.826071739196777,2.004931688308716,5.829320430755615,,otros,
93.986,-8.8758544921875,2.003535509109497,5.833763599395752,,otros,
94.017,-8.925637245178223,2.0021393299102783,5.838206768035889,,otros,
94.065,-8.975419998168945,2.0007431507110596,5.842649936676025,,otros,
94.084,-9.025202751159668,1.9993470907211304,5.847093105316162,,otros,
94.118,-9.07498550415039,1.9979510307312012,5.851536273956299,,otros,
94.166,-9.124768257141113,1.996554970741272,5.8559794425964355,,otros,
94.183,-9.174551010131836,1.9951589107513428,5.860422611236572,,otros,
94.219,-9.224333763122559,1.9937628507614136,5.864865779876709,,otros,
94.271,-9.274116516113281,1.9923667907714844,5.869308948516846,,otros,
94.283,-9.323899269104004,1.9909707307815552,5.873752117156982,,otros,
94.315,-9.373682022094727,1.989574670791626,5.878195285797119,,otros,
94.365,-9.42346477508545,1.9881786108016968,5.882638454437256,,otros,
94.382,-9.473247528076172,1.9867825508117676,5.887081623077393,,otros,
94.416,-9.523030281066895,1.9853864908218384,5.891524791717529,,otros,
94.471,-9.572813034057617,1.9839904308319092,5.895967960357666,,otros,
94.499,-9.62259578704834,1.98259437084198,5.900411128997803,,otros,
94.519,-9.672378540039062,1.9811983108520508,5.9048542976379395,,otros,
94.574,-9.722161293029785,1.9798022508621216,5.909297466278076,,otros,
94.595,-9.771944046020508,1.9784061908721924,5.913740634918213,,otros,
94.633,-9.82172679901123,1.9770101308822632,5.91818380355835,,otros,
94.685,-9.871509552001953,1.975614070892334,5.922626972198486,,otros,
94.703,-9.921292304992676,1.9742180109024048,5.927070140838623,,otros,
94.736,-9.971075057983398,1.9728219509124756,5.93151330947876,,otros,
94.786,-10.020857810974121,1.9714258909225464,5.9359564781188965,,otros,
94.805,-10.070640563964844,1.9700298309326172,5.940399646759033,,otros,
94.838,-10.120423316955566,1.968633770942688,5.94484281539917,,otros,
94.885,-10.170206069946289,1.9672377109527588,5.949285984039307,,otros,
94.903,-10.219988822937012,1.9658416509628296,5.953729152679443,,otros,
94.935,-10.269771575927734,1.9644455909729004,5.95817232131958,,otros,
94.984,-10.319554328918457,1.9630495309829712,5.962615489959717,,otros,
95.002,-10.36933708190918,1.961653470993042,5.9670586585998535,,otros,
95.038,-10.419119834899902,1.9602574110031128,5.97150182723999,,otros,
95.084,-10.468902587890625,1.9588613510131836,5.975944995880127,,otros,
95.103,-10.518685340881348,1.9574652910232544,5.980388164520264,,otros,
95.135,-10.56846809387207,1.9560692310333252,5.9848313331604,,otros,
95.184,-10.618250846862793,1.954673171043396,5.989274501800537,,otros,
95.2,-10.668033599853516,1.9532771110534668,5.993717670440674,,otros,
95.236,-10.717816352844238,1.9518810510635376,5.9981608390808105,,otros,
95.285,-10.767599105834961,1.9504849910736084,6.002604007720947,,otros,
95.301,-10.817381858825684,1.9490889310836792,6.007047176361084,,otros,
95.335,-10.867164611816406,1.94769287109375,6.011490345001221,,otros,
95.382,-10.916947364807129,1.9462968111038208,6.015933513641357,,otros,
95.4,-10.966730117797852,1.9449007511138916,6.020376682281494,,otros,
95.433,-11.016512870788574,1.9435046911239624,6.024819850921631,,otros,
95.478,-11.066295623779297,1.9421086311340332,6.029263019561768,,otros,
95.497,-11.11607837677002,1.940712571144104,6.033706188201904,,otros,
95.529,-11.165861129760742,1.9393165111541748,6.038149356842041,,otros,
95.577,-11.215643882751465,1.9379204511642456,6.042592525482178,,otros,
95.594,-11.265426635742188,1.9365243911743164,6.0470356941223145,,otros,
95.627,-11.31520938873291,1.9351283311843872,6.051478862762451,,otros,
95.676,-11.364992141723633,1.933732271194458,6.055922031402588,,otros,
95.696,-11.414782524108887,1.9323362112045288,6.060277938842773,,otros,
95.727,-11.464622497558594,1.9309401512145996,6.064025402069092,,otros,
95.776,-11.514530181884766,1.9295440912246704,6.066728115081787,,otros,
95.803,-11.56449031829834,1.9279735088348389,6.067949295043945,,otros,
95.836,-11.614459991455078,1.9262285232543945,6.068123817443848,,otros,
95.882,-11.664409637451172,1.9241347312927246,6.067338943481445,,otros,
95.901,-11.71434211730957,1.921953797340393,6.065944194793701,,otros,
95.934,-11.764246940612793,1.9196856021881104,6.063852787017822,,otros,
95.979,-11.814099311828613,1.9172431230545044,6.060891151428223,,otros,
95.999,-11.86386775970459,1.914452075958252,6.056974411010742,,otros,
96.033,-11.91355037689209,1.9114867448806763,6.052190780639648,,otros,
96.078,-11.963150024414062,1.908347249031067,6.046714782714844,,otros,
96.096,-12.012640953063965,1.9049464464187622,6.040462493896484,,otros,
96.129,-12.062033653259277,1.9014586210250854,6.033520698547363,,otros,
96.174,-12.111420631408691,1.8978837728500366,6.026579856872559,,otros,
96.193,-12.160807609558105,1.8943089246749878,6.019639015197754,,otros,
96.225,-12.21019458770752,1.890734076499939,6.012698173522949,,otros,
96.27,-12.259581565856934,1.8871592283248901,6.0057573318481445,,otros,
96.292,-12.308968544006348,1.8835843801498413,5.99881649017334,,otros,
96.324,-12.358355522155762,1.8800095319747925,5.991875648498535,,otros,
96.372,-12.407742500305176,1.8764346837997437,5.9849348068237305,,otros,
96.389,-12.45712947845459,1.8728598356246948,5.977993965148926,,otros,
96.423,-12.506516456604004,1.869284987449646,5.971053123474121,,otros,
96.468,-12.555903434753418,1.8657101392745972,5.964112281799316,,otros,
96.485,-12.605290412902832,1.8621352910995483,5.957171440124512,,otros,
96.519,-12.654677391052246,1.8585604429244995,5.950230598449707,,otros,
96.565,-12.70406436920166,1.8549855947494507,5.943289756774902,,otros,
96.585,-12.753451347351074,1.8514107465744019,5.936348915100098,,otros,
96.618,-12.802838325500488,1.847835898399353,5.929408073425293,,otros,
96.665,-12.852225303649902,1.8442610502243042,5.922467231750488,,otros,
96.681,-12.901612281799316,1.8406862020492554,5.915526390075684,,otros,
96.714,-12.95099925994873,1.8371113538742065,5.908585548400879,,otros,
96.76,-13.000386238098145,1.8335365056991577,5.901644706726074,,otros,
96.78,-13.049773216247559,1.8299616575241089,5.8947038650512695,,otros,
96.812,-13.099160194396973,1.82638680934906,5.887763023376465,,otros,
96.862,-13.148547172546387,1.8228119611740112,5.88082218170166,,otros,
96.879,-13.197896957397461,1.8192371129989624,5.873622894287109,,otros,
96.911,-13.247056007385254,1.8156622648239136,5.865220069885254,,otros,
96.959,-13.296060562133789,1.8120874166488647,5.855960369110107,,otros,
96.976,-13.344976425170898,1.8084255456924438,5.8462748527526855,,otros,
97.008,-13.393892288208008,1.804763674736023,5.836589336395264,,otros,
97.055,-13.442808151245117,1.801101803779602,5.826903820037842,,otros,
97.074,-13.491724014282227,1.7974399328231812,5.81721830368042,,otros,
97.106,-13.540639877319336,1.7937780618667603,5.807532787322998,,otros,
97.151,-13.540639877319336,1.7937780618667603,5.807532787322998,,otros,
97.174,-13.540639877319336,1.7937780618667603,5.807532787322998,,otros,
97.205,-13.540639877319336,1.7937780618667603,5.807532787322998,,otros,
97.253,-13.540639877319336,1.7937780618667603,5.807532787322998,,otros,
97.27,-13.540639877319336,1.7937780618667603,5.807532787322998,,otros,
97.303,-13.540639877319336,1.7937780618667603,5.807532787322998,,otros,
97.35,-13.540639877319336,1.7937780618667603,5.807532787322998,,otros,
97.368,-13.540639877319336,1.7937780618667603,5.807532787322998,,otros,
97.401,-13.540639877319336,1.7937780618667603,5.807532787322998,,otros,
97.45,-13.540639877319336,1.7937780618667603,5.807532787322998,,otros,
97.466,-13.540639877319336,1.7937780618667603,5.807532787322998,,otros,
97.501,-13.540639877319336,1.7937780618667603,5.807532787322998,,otros,
97.549,-13.540639877319336,1.7937780618667603,5.807532787322998,,otros,
97.565,-13.540639877319336,1.7937780618667603,5.807532787322998,,otros,
97.599,-13.540639877319336,1.7937780618667603,5.807532787322998,,otros,
97.646,-13.540639877319336,1.7937780618667603,5.807532787322998,,otros,
97.665,-13.540639877319336,1.7937780618667603,5.807532787322998,,otros,
97.697,-13.540639877319336,1.7937780618667603,5.807532787322998,,otros,
97.745,-13.540639877319336,1.7937780618667603,5.807532787322998,,otros,
97.762,-13.540639877319336,1.7937780618667603,5.807532787322998,,otros,
97.794,-13.540639877319336,1.7937780618667603,5.807532787322998,,otros,
97.841,-13.540639877319336,1.7937780618667603,5.807532787322998,,otros,
97.859,-13.540639877319336,1.7937780618667603,5.807532787322998,,otros,
97.89,-13.540639877319336,1.7937780618667603,5.807532787322998,,otros,
97.937,-13.540639877319336,1.7937780618667603,5.807532787322998,,otros,
97.956,-13.540639877319336,1.7937780618667603,5.807532787322998,,otros,
97.989,-13.540639877319336,1.7937780618667603,5.807532787322998,,otros,
98.035,-13.540639877319336,1.7937780618667603,5.807532787322998,,otros,
98.053,-13.540639877319336,1.7937780618667603,5.807532787322998,,otros,
98.087,-13.540639877319336,1.7937780618667603,5.807532787322998,,otros,
98.134,-13.540639877319336,1.7937780618667603,5.807532787322998,,otros,
98.152,-13.540639877319336,1.7937780618667603,5.807532787322998,,otros,
98.185,-13.540639877319336,1.7937780618667603,5.807532787322998,,otros,
98.232,-13.540639877319336,1.7937780618667603,5.807532787322998,,otros,
98.251,-13.540639877319336,1.7937780618667603,5.807532787322998,,otros,
98.284,-13.540639877319336,1.7937780618667603,5.807532787322998,,otros,
98.332,-13.540639877319336,1.7937780618667603,5.807532787322998,,otros,
98.349,-13.540639877319336,1.7937780618667603,5.807532787322998,,otros,
98.383,-13.540639877319336,1.7937780618667603,5.807532787322998,,otros,
98.432,-13.540639877319336,1.7937780618667603,5.807532787322998,,otros,
98.451,-13.540639877319336,1.7937780618667603,5.807532787322998,,otros,
98.483,-13.540639877319336,1.7937780618667603,5.807532787322998,,otros,
98.531,-13.540639877319336,1.7937780618667603,5.807532787322998,,otros,
98.546,-13.540639877319336,1.7937780618667603,5.807532787322998,,otros,
98.579,-13.540639877319336,1.7937780618667603,5.807532787322998,,otros,
98.629,-13.540639877319336,1.7937780618667603,5.807532787322998,,otros,
98.645,-13.540639877319336,1.7937780618667603,5.807532787322998,,otros,
98.677,-13.540639877319336,1.7937780618667603,5.807532787322998,,otros,
98.725,-13.540639877319336,1.7937780618667603,5.807532787322998,,otros,
98.741,-13.540639877319336,1.7937780618667603,5.807532787322998,,otros,
98.775,-13.540639877319336,1.7937780618667603,5.807532787322998,,otros,
98.823,-13.540639877319336,1.7937780618667603,5.807532787322998,,otros,
98.841,-13.540639877319336,1.7937780618667603,5.807532787322998,,otros,
98.873,-13.540639877319336,1.7937780618667603,5.807532787322998,,otros,
98.924,-13.540639877319336,1.7937780618667603,5.807532787322998,,otros,
98.942,-13.540639877319336,1.7937780618667603,5.807532787322998,,otros,
98.975,-13.540639877319336,1.7937780618667603,5.807532787322998,,otros,
99.022,-13.540639877319336,1.7937780618667603,5.807532787322998,,otros,
99.04,-13.540639877319336,1.7937780618667603,5.807532787322998,,otros,
99.072,-13.540639877319336,1.7937780618667603,5.807532787322998,,otros,
99.12,-13.540639877319336,1.7937780618667603,5.807532787322998,,otros,
99.137,-13.540639877319336,1.7937780618667603,5.807532787322998,,otros,
99.169,-13.540639877319336,1.7937780618667603,5.807532787322998,,otros,
99.218,-13.553022384643555,1.78151273727417,5.760668754577637,,otros,
99.235,-13.565404891967773,1.7692474126815796,5.713804721832275,,otros,
99.268,-13.577787399291992,1.7569820880889893,5.666940689086914,,otros,
99.316,-13.590169906616211,1.744716763496399,5.620076656341553,,otros,
99.333,-13.60255241394043,1.7324514389038086,5.573212623596191,,otros,
99.367,-13.60255241394043,1.7324514389038086,5.573212623596191,,otros,
99.414,-13.60255241394043,1.7324514389038086,5.573212623596191,,otros,
99.43,-13.60255241394043,1.7324514389038086,5.573212623596191,,otros,
99.464,-13.60255241394043,1.7324514389038086,5.573212623596191,,otros,
99.51,-13.60255241394043,1.7324514389038086,5.573212623596191,,otros,
99.528,-13.60255241394043,1.7324514389038086,5.573212623596191,,otros,
99.561,-13.60255241394043,1.7324514389038086,5.573212623596191,,otros,
99.61,-13.60255241394043,1.7324514389038086,5.573212623596191,,otros,
99.625,-13.60255241394043,1.7324514389038086,5.573212623596191,,otros,
99.659,-13.60255241394043,1.7324514389038086,5.573212623596191,,otros,
99.705,-13.60255241394043,1.7324514389038086,5.573212623596191,,otros,
99.725,-13.60255241394043,1.7324514389038086,5.573212623596191,,otros,
99.755,-13.60255241394043,1.7324514389038086,5.573212623596191,,otros,
99.803,-13.60255241394043,1.7324514389038086,5.573212623596191,,otros,
99.822,-13.60255241394043,1.7324514389038086,5.573212623596191,,otros,
99.854,-13.614934921264648,1.7201861143112183,5.52634859085083,,otros,
99.902,-13.627317428588867,1.707920789718628,5.479484558105469,paper,otros,2
99.919,-13.639699935913086,1.6956554651260376,5.432620525360107,paper,otros,2
99.951,-13.652082443237305,1.6833901405334473,5.385756492614746,paper,otros,2
100.004,-13.652082443237305,1.6833901405334473,5.385756492614746,paper,otros,2
100.018,-13.652082443237305,1.6833901405334473,5.385756492614746,paper,otros,2
100.051,-13.652082443237305,1.6833901405334473,5.385756492614746,paper,otros,2
100.103,-13.652082443237305,1.6833901405334473,5.385756492614746,paper,otros,2
100.121,-13.652082443237305,1.6833901405334473,5.385756492614746,paper,otros,2
100.155,-13.652082443237305,1.6833901405334473,5.385756492614746,paper,otros,2
100.204,-13.652082443237305,1.6833901405334473,5.385756492614746,paper,otros,2
100.219,-13.652082443237305,1.6833901405334473,5.385756492614746,paper,otros,2
100.252,-13.652082443237305,1.6833901405334473,5.385756492614746,paper,otros,2
100.303,-13.652082443237305,1.6833901405334473,5.385756492614746,paper,otros,2
100.319,-13.652082443237305,1.6833901405334473,5.385756492614746,paper,otros,2
100.351,-13.652082443237305,1.6833901405334473,5.385756492614746,paper,otros,2
100.397,-13.652082443237305,1.6833901405334473,5.385756492614746,paper,otros,2
100.423,-13.652082443237305,1.6833901405334473,5.385756492614746,paper,otros,2
100.458,-13.652082443237305,1.6833901405334473,5.385756492614746,paper,otros,2
100.505,-13.652082443237305,1.6833901405334473,5.385756492614746,paper,otros,2
100.521,-13.652082443237305,1.6833901405334473,5.385756492614746,paper,otros,2
100.555,-13.652082443237305,1.6833901405334473,5.385756492614746,paper,otros,2
100.602,-13.652082443237305,1.6833901405334473,5.385756492614746,paper,otros,2
100.623,-13.652082443237305,1.6833901405334473,5.385756492614746,paper,otros,2
100.657,-13.652082443237305,1.6833901405334473,5.385756492614746,paper,otros,2
100.705,-13.652082443237305,1.6833901405334473,5.385756492614746,paper,otros,2
100.722,-13.652082443237305,1.6833901405334473,5.385756492614746,paper,otros,2
100.755,-13.652082443237305,1.6833901405334473,5.385756492614746,paper,otros,2
100.803,-13.652082443237305,1.6833901405334473,5.385756492614746,paper,otros,2
100.819,-13.652082443237305,1.6833901405334473,5.385756492614746,paper,otros,2
100.852,-13.652082443237305,1.6833901405334473,5.385756492614746,paper,otros,2
100.901,-13.652082443237305,1.6833901405334473,5.385756492614746,paper,otros,2
100.918,-13.652082443237305,1.6833901405334473,5.385756492614746,paper,otros,2
100.951,-13.652082443237305,1.6833901405334473,5.385756492614746,paper,otros,2
101.0,-13.652082443237305,1.6833901405334473,5.385756492614746,paper,otros,2
101.016,-13.652082443237305,1.6833901405334473,5.385756492614746,paper,otros,2
101.049,-13.652082443237305,1.6833901405334473,5.385756492614746,paper,otros,2
101.097,-13.652082443237305,1.6833901405334473,5.385756492614746,paper,otros,2
101.115,-13.639699935913086,1.6956554651260376,5.432620525360107,paper,otros,2
101.147,-13.627317428588867,1.707920789718628,5.479484558105469,paper,otros,2
101.195,-13.614934921264648,1.7201861143112183,5.52634859085083,paper,otros,2
101.213,-13.60255241394043,1.7324514389038086,5.573212623596191,paper,otros,2
101.246,-13.590169906616211,1.744716763496399,5.620076656341553,paper,otros,2
101.293,-13.577787399291992,1.7569820880889893,5.666940689086914,,otros,
101.311,-13.565404891967773,1.7692474126815796,5.713804721832275,,otros,
101.344,-13.553022384643555,1.78151273727417,5.760668754577637,,otros,
101.392,-13.540639877319336,1.7937780618667603,5.807532787322998,,otros,
101.409,-13.528257369995117,1.8060433864593506,5.854396820068359,,otros,
101.445,-13.528257369995117,1.8060433864593506,5.854396820068359,,otros,
101.492,-13.528257369995117,1.8060433864593506,5.854396820068359,,otros,
101.509,-13.528257369995117,1.8060433864593506,5.854396820068359,,otros,
101.541,-13.528257369995117,1.8060433864593506,5.854396820068359,,otros,
101.589,-13.528257369995117,1.8060433864593506,5.854396820068359,,otros,
101.605,-13.528257369995117,1.8060433864593506,5.854396820068359,,otros,
101.637,-13.528257369995117,1.8060433864593506,5.854396820068359,,otros,
101.684,-13.528257369995117,1.8060433864593506,5.854396820068359,,otros,
101.703,-13.528257369995117,1.8060433864593506,5.854396820068359,,otros,
101.735,-13.528257369995117,1.8060433864593506,5.854396820068359,,otros,
101.791,-13.528257369995117,1.8060433864593506,5.854396820068359,,otros,
101.806,-13.528257369995117,1.8060433864593506,5.854396820068359,,otros,
101.839,-13.528257369995117,1.8060433864593506,5.854396820068359,,otros,
101.884,-13.528257369995117,1.8060433864593506,5.854396820068359,,otros,
101.902,-13.528257369995117,1.8060433864593506,5.854396820068359,,otros,
101.938,-13.528257369995117,1.8060433864593506,5.854396820068359,,otros,
101.985,-13.528257369995117,1.8060433864593506,5.854396820068359,,otros,
102.003,-13.528257369995117,1.8060433864593506,5.854396820068359,,otros,
102.034,-13.528257369995117,1.8060433864593506,5.854396820068359,,otros,
102.082,-13.528257369995117,1.8060433864593506,5.854396820068359,,otros,
102.1,-13.528257369995117,1.8060433864593506,5.854396820068359,,otros,
102.134,-13.528257369995117,1.8060433864593506,5.854396820068359,,otros,
102.18,-13.528257369995117,1.8060433864593506,5.854396820068359,,otros,
102.198,-13.528257369995117,1.8060433864593506,5.854396820068359,,otros,
102.232,-13.528257369995117,1.8060433864593506,5.854396820068359,,otros,
102.279,-13.528257369995117,1.8060433864593506,5.854396820068359,,otros,
102.296,-13.528257369995117,1.8060433864593506,5.854396820068359,,otros,
102.33,-13.528257369995117,1.8060433864593506,5.854396820068359,,otros,
102.377,-13.528257369995117,1.8060433864593506,5.854396820068359,,otros,
102.394,-13.528257369995117,1.8060433864593506,5.854396820068359,,otros,
102.427,-13.528257369995117,1.8060433864593506,5.854396820068359,,otros,
102.474,-13.540639877319336,1.7937780618667603,5.807532787322998,,otros,
102.492,-13.553022384643555,1.78151273727417,5.760668754577637,,otros,
102.525,-13.565404891967773,1.7692474126815796,5.713804721832275,,otros,
102.573,-13.577787399291992,1.7569820880889893,5.666940689086914,,otros,
102.593,-13.590169906616211,1.744716763496399,5.620076656341553,,otros,
102.625,-13.590169906616211,1.744716763496399,5.620076656341553,,otros,
102.672,-13.590169906616211,1.744716763496399,5.620076656341553,,otros,
102.69,-13.590169906616211,1.744716763496399,5.620076656341553,,otros,
102.722,-13.590169906616211,1.744716763496399,5.620076656341553,,otros,
102.769,-13.590169906616211,1.744716763496399,5.620076656341553,,otros,
102.786,-13.590169906616211,1.744716763496399,5.620076656341553,,otros,
102.819,-13.590169906616211,1.744716763496399,5.620076656341553,,otros,
102.865,-13.590169906616211,1.744716763496399,5.620076656341553,,otros,
102.885,-13.590169906616211,1.744716763496399,5.620076656341553,,otros,
102.917,-13.590169906616211,1.744716763496399,5.620076656341553,,otros,
102.966,-13.590169906616211,1.744716763496399,5.620076656341553,,otros,
102.983,-13.590169906616211,1.744716763496399,5.620076656341553,,otros,
103.015,-13.590169906616211,1.744716763496399,5.620076656341553,,otros,
103.063,-13.590169906616211,1.744716763496399,5.620076656341553,,otros,
103.08,-13.60255241394043,1.7324514389038086,5.573212623596191,,otros,
103.112,-13.614934921264648,1.7201861143112183,5.52634859085083,,otros,
103.161,-13.627317428588867,1.707920789718628,5.479484558105469,paper,otros,2
103.178,-13.639699935913086,1.6956554651260376,5.432620525360107,paper,otros,2
103.211,-13.639699935913086,1.6956554651260376,5.432620525360107,paper,otros,2
103.26,-13.639699935913086,1.6956554651260376,5.432620525360107,paper,otros,2
103.278,-13.639699935913086,1.6956554651260376,5.432620525360107,paper,otros,2
103.309,-13.639699935913086,1.6956554651260376,5.432620525360107,paper,otros,2
103.358,-13.639699935913086,1.6956554651260376,5.432620525360107,paper,otros,2
103.373,-13.639699935913086,1.6956554651260376,5.432620525360107,paper,otros,2
103.406,-13.639699935913086,1.6956554651260376,5.432620525360107,paper,otros,2
103.454,-13.639699935913086,1.6956554651260376,5.432620525360107,paper,otros,2
103.471,-13.639699935913086,1.6956554651260376,5.432620525360107,paper,otros,2
103.502,-13.639699935913086,1.6956554651260376,5.432620525360107,paper,otros,2
103.552,-13.639699935913086,1.6956554651260376,5.432620525360107,paper,otros,2
103.568,-13.639699935913086,1.6956554651260376,5.432620525360107,paper,otros,2
103.601,-13.639699935913086,1.6956554651260376,5.432620525360107,paper,otros,2
103.65,-13.639699935913086,1.6956554651260376,5.432620525360107,paper,otros,2
103.666,-13.639699935913086,1.6956554651260376,5.432620525360107,paper,otros,2
103.699,-13.639699935913086,1.6956554651260376,5.432620525360107,paper,otros,2
103.748,-13.639699935913086,1.6956554651260376,5.432620525360107,paper,otros,2
103.765,-13.639699935913086,1.6956554651260376,5.432620525360107,paper,otros,2
103.797,-13.639699935913086,1.6956554651260376,5.432620525360107,paper,otros,2
103.847,-13.639699935913086,1.6956554651260376,5.432620525360107,paper,otros,2
103.862,-13.639699935913086,1.6956554651260376,5.432620525360107,paper,otros,2
103.896,-13.627317428588867,1.707920789718628,5.479484558105469,paper,otros,2
103.949,-13.614934921264648,1.7201861143112183,5.52634859085083,paper,otros,2
103.965,-13.60255241394043,1.7324514389038086,5.573212623596191,paper,otros,2
104.002,-13.590169906616211,1.744716763496399,5.620076656341553,paper,otros,2
104.05,-13.577787399291992,1.7569820880889893,5.666940689086914,,otros,
104.071,-13.565404891967773,1.7692474126815796,5.713804721832275,,otros,
104.105,-13.553022384643555,1.78151273727417,5.760668754577637,,otros,
104.152,-13.540639877319336,1.7937780618667603,5.807532787322998,,otros,
104.169,-13.528257369995117,1.8060433864593506,5.854396820068359,,otros,
104.208,-13.515874862670898,1.818308711051941,5.901260852813721,,otros,
104.257,-13.50349235534668,1.8305740356445312,5.948124885559082,,otros,
104.274,-13.491109848022461,1.8428393602371216,5.994988918304443,,otros,
104.306,-13.478727340698242,1.855104684829712,6.041852951049805,,otros,
104.354,-13.466344833374023,1.8673700094223022,6.088716983795166,,otros,
104.372,-13.453962326049805,1.8796353340148926,6.135581016540527,,otros,
104.406,-13.441579818725586,1.891900658607483,6.182445049285889,,otros,
104.454,-13.429197311401367,1.9041659832000732,6.22930908203125,,otros,
104.47,-13.416814804077148,1.9164313077926636,6.276173114776611,,otros,
104.505,-13.416814804077148,1.9164313077926636,6.276173114776611,,otros,
104.552,-13.416814804077148,1.9164313077926636,6.276173114776611,,otros,
104.571,-13.416814804077148,1.9164313077926636,6.276173114776611,,otros,
104.603,-13.416814804077148,1.9164313077926636,6.276173114776611,,otros,
104.652,-13.416814804077148,1.9164313077926636,6.276173114776611,,otros,
104.67,-13.416814804077148,1.9164313077926636,6.276173114776611,,otros,
104.702,-13.416814804077148,1.9164313077926636,6.276173114776611,,otros,
104.749,-13.416814804077148,1.9164313077926636,6.276173114776611,,otros,
104.766,-13.416814804077148,1.9164313077926636,6.276173114776611,,otros,
104.799,-13.416814804077148,1.9164313077926636,6.276173114776611,,otros,
104.857,-13.416814804077148,1.9164313077926636,6.276173114776611,,otros,
104.876,-13.416814804077148,1.9164313077926636,6.276173114776611,,otros,
104.908,-13.416814804077148,1.9164313077926636,6.276173114776611,,otros,
104.956,-13.416814804077148,1.9164313077926636,6.276173114776611,,otros,
104.975,-13.416814804077148,1.9164313077926636,6.276173114776611,,otros,
105.007,-13.416814804077148,1.9164313077926636,6.276173114776611,,otros,
105.055,-13.416814804077148,1.9164313077926636,6.276173114776611,,otros,
105.072,-13.416814804077148,1.9164313077926636,6.276173114776611,,otros,
105.105,-13.416814804077148,1.9164313077926636,6.276173114776611,,otros,
105.152,-13.416814804077148,1.9164313077926636,6.276173114776611,,otros,
105.17,-13.416814804077148,1.9164313077926636,6.276173114776611,,otros,
105.202,-13.416814804077148,1.9164313077926636,6.276173114776611,,otros,
105.252,-13.416814804077148,1.9164313077926636,6.276173114776611,,otros,
105.27,-13.419947624206543,1.9649035930633545,6.264314651489258,,otros,
105.301,-13.423080444335938,2.013375759124756,6.252456188201904,,otros,
105.35,-13.426213264465332,2.0618479251861572,6.240597724914551,,otros,
105.366,-13.429346084594727,2.1103200912475586,6.228739261627197,,otros,
105.4,-13.432478904724121,2.15879225730896,6.216880798339844,,otros,
105.449,-13.435611724853516,2.2072644233703613,6.20502233505249,,otros,
105.464,-13.43874454498291,2.2557365894317627,6.193163871765137,,otros,
105.498,-13.441877365112305,2.304208755493164,6.181305408477783,,otros,
105.546,-13.4450101852417,2.3526809215545654,6.16944694519043,,otros,
105.563,-13.448143005371094,2.401153087615967,6.157588481903076,,otros,
105.596,-13.448143005371094,2.401153087615967,6.157588481903076,,otros,
105.648,-13.448143005371094,2.401153087615967,6.157588481903076,,otros,
105.667,-13.448143005371094,2.401153087615967,6.157588481903076,,otros,
105.698,-13.448143005371094,2.401153087615967,6.157588481903076,,otros,
105.746,-13.448143005371094,2.401153087615967,6.157588481903076,,otros,
105.764,-13.448143005371094,2.401153087615967,6.157588481903076,,otros,
105.796,-13.448143005371094,2.401153087615967,6.157588481903076,,otros,
105.845,-13.451275825500488,2.449625253677368,6.145730018615723,,otros,
105.861,-13.454408645629883,2.4980974197387695,6.133871555328369,,otros,
105.894,-13.457541465759277,2.546569585800171,6.122013092041016,,otros,
105.943,-13.460674285888672,2.5950417518615723,6.110154628753662,,otros,
105.961,-13.463807106018066,2.6435139179229736,6.098296165466309,,otros,
105.993,-13.466939926147461,2.691986083984375,6.086437702178955,,otros,
106.039,-13.470072746276855,2.7404582500457764,6.074579238891602,,otros,
106.06,-13.470072746276855,2.7404582500457764,6.074579238891602,,otros,
106.091,-13.470072746276855,2.7404582500457764,6.074579238891602,,otros,
106.137,-13.470072746276855,2.7404582500457764,6.074579238891602,,otros,
106.156,-13.470072746276855,2.7404582500457764,6.074579238891602,,otros,
106.188,-13.470072746276855,2.7404582500457764,6.074579238891602,,otros,
106.235,-13.470072746276855,2.7404582500457764,6.074579238891602,,otros,
106.255,-13.470072746276855,2.7404582500457764,6.074579238891602,,otros,
106.284,-13.470072746276855,2.7404582500457764,6.074579238891602,,otros,
106.336,-13.47320556640625,2.7889304161071777,6.062720775604248,,otros,
106.35,-13.476338386535645,2.837402582168579,6.0508623123168945,,otros,
106.384,-13.479471206665039,2.8858747482299805,6.039003849029541,,otros,
106.431,-13.482604026794434,2.934346914291382,6.0271453857421875,,otros,
106.451,-13.485736846923828,2.982819080352783,6.015286922454834,,otros,
106.483,-13.488869667053223,3.0312912464141846,6.0034284591674805,,otros,
106.532,-13.492002487182617,3.079763412475586,5.991569995880127,,otros,
106.549,-13.495135307312012,3.1282355785369873,5.979711532592773,,otros,
106.58,-13.498268127441406,3.1767077445983887,5.96785306930542,,otros,
106.626,-13.5014009475708,3.22517991065979,5.955994606018066,,otros,
106.647,-13.504533767700195,3.2736520767211914,5.944136142730713,,otros,
106.68,-13.504533767700195,3.2736520767211914,5.944136142730713,,otros,
106.725,-13.504533767700195,3.2736520767211914,5.944136142730713,,otros,
106.744,-13.504533767700195,3.2736520767211914,5.944136142730713,,otros,
106.777,-13.504533767700195,3.2736520767211914,5.944136142730713,,otros,
106.824,-13.504533767700195,3.2736520767211914,5.944136142730713,,otros,
106.841,-13.504533767700195,3.2736520767211914,5.944136142730713,,otros,
106.874,-13.504533767700195,3.2736520767211914,5.944136142730713,,otros,
106.923,-13.504533767700195,3.2736520767211914,5.944136142730713,,otros,
106.941,-13.504533767700195,3.2736520767211914,5.944136142730713,,otros,
106.973,-13.504533767700195,3.2736520767211914,5.944136142730713,,otros,
107.021,-13.504533767700195,3.2736520767211914,5.944136142730713,,otros,
107.039,-13.504533767700195,3.2736520767211914,5.944136142730713,,otros,
107.081,-13.516916275024414,3.2613866329193115,5.897272109985352,,otros,
107.124,-13.529298782348633,3.2491211891174316,5.85040807723999,,otros,
107.139,-13.541681289672852,3.2368557453155518,5.803544044494629,,otros,
107.178,-13.55406379699707,3.224590301513672,5.756680011749268,,otros,
107.233,-13.566446304321289,3.212324857711792,5.709815979003906,,otros,
107.253,-13.578828811645508,3.200059413909912,5.662951946258545,,otros,
107.284,-13.591211318969727,3.1877939701080322,5.616087913513184,,otros,
107.334,-13.603593826293945,3.1755285263061523,5.569223880767822,,otros,
107.351,-13.615976333618164,3.1632630825042725,5.522359848022461,,otros,
107.385,-13.615976333618164,3.1632630825042725,5.522359848022461,,otros,
107.429,-13.615976333618164,3.1632630825042725,5.522359848022461,,otros,
107.449,-13.615976333618164,3.1632630825042725,5.522359848022461,,otros,
107.483,-13.615976333618164,3.1632630825042725,5.522359848022461,,otros,
107.53,-13.615976333618164,3.1632630825042725,5.522359848022461,paper,otros,4
107.546,-13.615976333618164,3.1632630825042725,5.522359848022461,paper,otros,4
107.578,-13.615976333618164,3.1632630825042725,5.522359848022461,paper,otros,4
107.625,-13.615976333618164,3.1632630825042725,5.522359848022461,paper,otros,4
107.643,-13.615976333618164,3.1632630825042725,5.522359848022461,paper,otros,4
107.677,-13.615976333618164,3.1632630825042725,5.522359848022461,paper,otros,4
107.722,-13.615976333618164,3.1632630825042725,5.522359848022461,paper,otros,4
107.744,-13.615976333618164,3.1632630825042725,5.522359848022461,paper,otros,4
107.776,-13.615976333618164,3.1632630825042725,5.522359848022461,paper,otros,4
107.824,-13.615976333618164,3.1632630825042725,5.522359848022461,paper,otros,4
107.841,-13.615976333618164,3.1632630825042725,5.522359848022461,paper,otros,4
107.874,-13.615976333618164,3.1632630825042725,5.522359848022461,paper,otros,4
107.921,-13.615976333618164,3.1632630825042725,5.522359848022461,paper,otros,4
107.939,-13.615976333618164,3.1632630825042725,5.522359848022461,paper,otros,4
107.971,-13.615976333618164,3.1632630825042725,5.522359848022461,paper,otros,4
108.021,-13.615976333618164,3.1632630825042725,5.522359848022461,paper,otros,4
108.036,-13.615976333618164,3.1632630825042725,5.522359848022461,paper,otros,4
108.068,-13.615976333618164,3.1632630825042725,5.522359848022461,paper,otros,4
108.118,-13.615976333618164,3.1632630825042725,5.522359848022461,paper,otros,4
108.133,-13.615976333618164,3.1632630825042725,5.522359848022461,paper,otros,4
108.167,-13.615976333618164,3.1632630825042725,5.522359848022461,paper,otros,4
108.215,-13.615976333618164,3.1632630825042725,5.522359848022461,,otros,
108.231,-13.615976333618164,3.1632630825042725,5.522359848022461,,otros,
108.267,-13.615976333618164,3.1632630825042725,5.522359848022461,,otros,
108.313,-13.615976333618164,3.1632630825042725,5.522359848022461,,otros,
108.33,-13.615976333618164,3.1632630825042725,5.522359848022461,,otros,
108.363,-13.615976333618164,3.1632630825042725,5.522359848022461,,otros,
108.41,-13.615976333618164,3.1632630825042725,5.522359848022461,,otros,
108.427,-13.615976333618164,3.1632630825042725,5.522359848022461,,otros,
108.46,-13.615976333618164,3.1632630825042725,5.522359848022461,,otros,
108.508,-13.615976333618164,3.1632630825042725,5.522359848022461,,otros,
108.525,-13.615976333618164,3.1632630825042725,5.522359848022461,,otros,
108.557,-13.615976333618164,3.1632630825042725,5.522359848022461,,otros,
108.604,-13.615976333618164,3.1632630825042725,5.522359848022461,,otros,
108.621,-13.615976333618164,3.1632630825042725,5.522359848022461,,otros,
108.654,-13.615976333618164,3.1632630825042725,5.522359848022461,,otros,
108.701,-13.615976333618164,3.1632630825042725,5.522359848022461,,otros,
108.719,-13.615976333618164,3.1632630825042725,5.522359848022461,,otros,
108.751,-13.615976333618164,3.1632630825042725,5.522359848022461,,otros,
108.799,-13.615976333618164,3.1632630825042725,5.522359848022461,,otros,
108.817,-13.615976333618164,3.1632630825042725,5.522359848022461,,otros,
108.85,-13.615976333618164,3.1632630825042725,5.522359848022461,,otros,
108.897,-13.615976333618164,3.1632630825042725,5.522359848022461,,otros,
108.915,-13.615976333618164,3.1632630825042725,5.522359848022461,,otros,
108.948,-13.615976333618164,3.1632630825042725,5.522359848022461,,otros,
108.996,-13.615976333618164,3.1632630825042725,5.522359848022461,,otros,
109.014,-13.615976333618164,3.1632630825042725,5.522359848022461,,otros,
109.046,-13.615976333618164,3.1632630825042725,5.522359848022461,,otros,
109.093,-13.615976333618164,3.1632630825042725,5.522359848022461,,otros,
109.112,-13.615976333618164,3.1632630825042725,5.522359848022461,,otros,
109.145,-13.615976333618164,3.1632630825042725,5.522359848022461,,otros,
109.193,-13.615976333618164,3.1632630825042725,5.522359848022461,,otros,
109.211,-13.615976333618164,3.1632630825042725,5.522359848022461,,otros,
109.244,-13.615976333618164,3.1632630825042725,5.522359848022461,,otros,
109.292,-13.615976333618164,3.1632630825042725,5.522359848022461,,otros,
109.311,-13.615976333618164,3.1632630825042725,5.522359848022461,,otros,
109.349,-13.615976333618164,3.1632630825042725,5.522359848022461,,otros,
109.397,-13.615976333618164,3.1632630825042725,5.522359848022461,,otros,
109.415,-13.615976333618164,3.1632630825042725,5.522359848022461,,otros,
109.447,-13.615976333618164,3.1632630825042725,5.522359848022461,,otros,
109.495,-13.615976333618164,3.1632630825042725,5.522359848022461,,otros,
109.513,-13.615976333618164,3.1632630825042725,5.522359848022461,,otros,
109.546,-13.615976333618164,3.1632630825042725,5.522359848022461,,otros,
109.592,-13.615976333618164,3.1632630825042725,5.522359848022461,,otros,
109.611,-13.615976333618164,3.1632630825042725,5.522359848022461,,otros,
109.644,-13.615976333618164,3.1632630825042725,5.522359848022461,,otros,
109.693,-13.615976333618164,3.1632630825042725,5.522359848022461,,otros,
109.709,-13.615976333618164,3.1632630825042725,5.522359848022461,,otros,
109.742,-13.615976333618164,3.1632630825042725,5.522359848022461,,otros,
109.79,-13.615976333618164,3.1632630825042725,5.522359848022461,,otros,
109.808,-13.615976333618164,3.1632630825042725,5.522359848022461,,otros,
109.84,-13.615976333618164,3.1632630825042725,5.522359848022461,,otros,
109.887,-13.615976333618164,3.1632630825042725,5.522359848022461,,otros,
109.905,-13.615976333618164,3.1632630825042725,5.522359848022461,,otros,
109.938,-13.615976333618164,3.1632630825042725,5.522359848022461,,otros,
109.985,-13.615976333618164,3.1632630825042725,5.522359848022461,,otros,
110.003,-13.615976333618164,3.1632630825042725,5.522359848022461,,otros,
110.036,-13.615976333618164,3.1632630825042725,5.522359848022461,,otros,
110.085,-13.615976333618164,3.1632630825042725,5.522359848022461,,otros,
110.106,-13.615976333618164,3.1632630825042725,5.522359848022461,,otros,
110.138,-13.615976333618164,3.1632630825042725,5.522359848022461,,otros,
110.185,-13.615976333618164,3.1632630825042725,5.522359848022461,,otros,
110.203,-13.615976333618164,3.1632630825042725,5.522359848022461,,otros,
110.236,-13.615976333618164,3.1632630825042725,5.522359848022461,,otros,
110.282,-13.615976333618164,3.1632630825042725,5.522359848022461,,otros,
110.307,-13.615976333618164,3.1632630825042725,5.522359848022461,,otros,
110.339,-13.603593826293945,3.1755285263061523,5.569223880767822,,otros,
110.386,-13.591211318969727,3.1877939701080322,5.616087913513184,,otros,
110.404,-13.578828811645508,3.200059413909912,5.662951946258545,,otros,
110.436,-13.566446304321289,3.212324857711792,5.709815979003906,,otros,
110.483,-13.55406379699707,3.224590301513672,5.756680011749268,,otros,
110.502,-13.55406379699707,3.224590301513672,5.756680011749268,,otros,
110.535,-13.55406379699707,3.224590301513672,5.756680011749268,,otros,
110.582,-13.55406379699707,3.224590301513672,5.756680011749268,,otros,
110.6,-13.55406379699707,3.224590301513672,5.756680011749268,,otros,
110.633,-13.55406379699707,3.224590301513672,5.756680011749268,,otros,
110.68,-13.55406379699707,3.224590301513672,5.756680011749268,,otros,
110.698,-13.55406379699707,3.224590301513672,5.756680011749268,,otros,
110.731,-13.55406379699707,3.224590301513672,5.756680011749268,,otros,
110.777,-13.55406379699707,3.224590301513672,5.756680011749268,,otros,
110.796,-13.55406379699707,3.224590301513672,5.756680011749268,,otros,
110.829,-13.55406379699707,3.224590301513672,5.756680011749268,,otros,
110.874,-13.55406379699707,3.224590301513672,5.756680011749268,,otros,
110.893,-13.55406379699707,3.224590301513672,5.756680011749268,,otros,
110.927,-13.55406379699707,3.224590301513672,5.756680011749268,,otros,
110.973,-13.541681289672852,3.2368557453155518,5.803544044494629,,otros,
110.992,-13.529298782348633,3.2491211891174316,5.85040807723999,,otros,
111.025,-13.516916275024414,3.2613866329193115,5.897272109985352,,otros,
111.072,-13.504533767700195,3.2736520767211914,5.944136142730713,,otros,
111.091,-13.504533767700195,3.2736520767211914,5.944136142730713,,otros,
111.123,-13.504533767700195,3.2736520767211914,5.944136142730713,,otros,
111.169,-13.504533767700195,3.2736520767211914,5.944136142730713,,otros,
111.188,-13.504533767700195,3.2736520767211914,5.944136142730713,,otros,
111.22,-13.504533767700195,3.2736520767211914,5.944136142730713,,otros,
111.268,-13.504533767700195,3.2736520767211914,5.944136142730713,,otros,
111.285,-13.504533767700195,3.2736520767211914,5.944136142730713,,otros,
111.318,-13.504533767700195,3.2736520767211914,5.944136142730713,,otros,
111.363,-13.504533767700195,3.2736520767211914,5.944136142730713,,otros,
111.383,-13.504533767700195,3.2736520767211914,5.944136142730713,,otros,
111.415,-13.504533767700195,3.2736520767211914,5.944136142730713,,otros,
111.463,-13.504533767700195,3.2736520767211914,5.944136142730713,,otros,
111.482,-13.504533767700195,3.2736520767211914,5.944136142730713,,otros,
111.515,-13.5014009475708,3.22517991065979,5.955994606018066,,otros,
111.562,-13.498268127441406,3.1767077445983887,5.96785306930542,,otros,
111.58,-13.495135307312012,3.1282355785369873,5.979711532592773,,otros,
111.613,-13.492002487182617,3.079763412475586,5.991569995880127,,otros,
111.659,-13.488869667053223,3.0312912464141846,6.0034284591674805,,otros,
111.678,-13.485736846923828,2.982819080352783,6.015286922454834,,otros,
111.711,-13.482604026794434,2.934346914291382,6.0271453857421875,,otros,
111.757,-13.479471206665039,2.8858747482299805,6.039003849029541,,otros,
111.777,-13.476338386535645,2.837402582168579,6.0508623123168945,,otros,
111.809,-13.47320556640625,2.7889304161071777,6.062720775604248,,otros,
111.855,-13.470072746276855,2.7404582500457764,6.074579238891602,,otros,
111.874,-13.466939926147461,2.691986083984375,6.086437702178955,,otros,
111.907,-13.466939926147461,2.691986083984375,6.086437702178955,,otros,
111.952,-13.466939926147461,2.691986083984375,6.086437702178955,,otros,
111.972,-13.463807106018066,2.6435139179229736,6.098296165466309,,otros,
112.004,-13.460674285888672,2.5950417518615723,6.110154628753662,,otros,
112.05,-13.457541465759277,2.546569585800171,6.122013092041016,,otros,
112.069,-13.454408645629883,2.4980974197387695,6.133871555328369,,otros,
112.101,-13.451275825500488,2.449625253677368,6.145730018615723,,otros,
112.149,-13.448143005371094,2.401153087615967,6.157588481903076,,otros,
112.167,-13.4450101852417,2.3526809215545654,6.16944694519043,,otros,
112.199,-13.441877365112305,2.304208755493164,6.181305408477783,,otros,
112.245,-13.43874454498291,2.2557365894317627,6.193163871765137,,otros,
112.264,-13.435611724853516,2.2072644233703613,6.20502233505249,,otros,
112.297,-13.432478904724121,2.15879225730896,6.216880798339844,,otros,
112.343,-13.429346084594727,2.1103200912475586,6.228739261627197,,otros,
112.363,-13.426213264465332,2.0618479251861572,6.240597724914551,,otros,
112.395,-13.423080444335938,2.013375759124756,6.252456188201904,,otros,
112.442,-13.419947624206543,1.964903473854065,6.264314651489258,,otros,
112.461,-13.416814804077148,1.916431188583374,6.276173114776611,,otros,
112.494,-13.413681983947754,1.867958903312683,6.288031578063965,,otros,
112.539,-13.41054916381836,1.8194866180419922,6.299890041351318,,otros,
112.559,-13.407416343688965,1.7710143327713013,6.311748504638672,,otros,
112.591,-13.40428352355957,1.7225420475006104,6.323606967926025,,otros,
112.637,-13.401150703430176,1.6740697622299194,6.335465431213379,,otros,
112.656,-13.398017883300781,1.6255974769592285,6.347323894500732,,otros,
112.688,-13.394885063171387,1.5771251916885376,6.359182357788086,,otros,
112.735,-13.391752243041992,1.5286529064178467,6.3710408210754395,,otros,
112.754,-13.388619422912598,1.4801806211471558,6.382899284362793,,otros,
112.787,-13.385486602783203,1.4317083358764648,6.3947577476501465,,otros,
112.832,-13.382353782653809,1.383236050605774,6.4066162109375,,otros,
112.852,-13.379220962524414,1.334763765335083,6.4184746742248535,,otros,
112.884,-13.37608814239502,1.286291480064392,6.430333137512207,,otros,
112.933,-13.372955322265625,1.2378191947937012,6.4421916007995605,,otros,
112.951,-13.36982250213623,1.1893469095230103,6.454050064086914,,otros,
112.983,-13.366689682006836,1.1408746242523193,6.465908527374268,,otros,
113.029,-13.363556861877441,1.0924023389816284,6.477766990661621,,otros,
113.05,-13.363556861877441,1.0924023389816284,6.477766990661621,,otros,
113.082,-13.363556861877441,1.0924023389816284,6.477766990661621,,otros,
113.129,-13.363556861877441,1.0924023389816284,6.477766990661621,,otros,
113.148,-13.363556861877441,1.0924023389816284,6.477766990661621,,otros,
113.18,-13.363556861877441,1.0924023389816284,6.477766990661621,,otros,
113.226,-13.363556861877441,1.0924023389816284,6.477766990661621,,otros,
113.245,-13.363556861877441,1.0924023389816284,6.477766990661621,,otros,
113.278,-13.363556861877441,1.0924023389816284,6.477766990661621,,otros,
113.326,-13.363556861877441,1.0924023389816284,6.477766990661621,,otros,
113.343,-13.363556861877441,1.0924023389816284,6.477766990661621,,otros,
113.375,-13.363556861877441,1.0924023389816284,6.477766990661621,,otros,
113.421,-13.363556861877441,1.0924023389816284,6.477766990661621,,otros,
113.441,-13.363556861877441,1.0924023389816284,6.477766990661621,,otros,
113.473,-13.363556861877441,1.0924023389816284,6.477766990661621,,otros,
113.52,-13.363556861877441,1.0924023389816284,6.477766990661621,,otros,
113.539,-13.37593936920166,1.080137014389038,6.43090295791626,,otros,
113.571,-13.388321876525879,1.0678716897964478,6.384038925170898,,otros,
113.618,-13.400704383850098,1.0556063652038574,6.337174892425537,,otros,
113.637,-13.413086891174316,1.043341040611267,6.290310859680176,,otros,
113.669,-13.425469398498535,1.0310757160186768,6.2434468269348145,,otros,
113.715,-13.437851905822754,1.0188103914260864,6.196582794189453,,otros,
113.734,-13.450234413146973,1.006545066833496,6.149718761444092,,otros,
113.767,-13.462616920471191,0.994279682636261,6.1028547286987305,,otros,
113.812,-13.47499942779541,0.9820142984390259,6.055990695953369,,otros,
113.834,-13.487381935119629,0.9697489142417908,6.009126663208008,,otros,
113.866,-13.499764442443848,0.9574835300445557,5.9622626304626465,,otros,
113.912,-13.512146949768066,0.9452181458473206,5.915398597717285,,otros,
113.931,-13.524529457092285,0.9329527616500854,5.868534564971924,,otros,
113.964,-13.536911964416504,0.9206873774528503,5.8216705322265625,,otros,
114.012,-13.549294471740723,0.9084219932556152,5.774806499481201,,otros,
114.031,-13.561676979064941,0.8961566090583801,5.72794246673584,,otros,
114.062,-13.57405948638916,0.883891224861145,5.6810784339904785,,otros,
114.11,-13.57405948638916,0.883891224861145,5.6810784339904785,,otros,
114.128,-13.57405948638916,0.883891224861145,5.6810784339904785,,otros,
114.162,-13.57405948638916,0.883891224861145,5.6810784339904785,,otros,
114.208,-13.57405948638916,0.883891224861145,5.6810784339904785,,otros,
114.227,-13.57405948638916,0.883891224861145,5.6810784339904785,,otros,
114.26,-13.57405948638916,0.883891224861145,5.6810784339904785,,otros,
114.304,-13.57405948638916,0.883891224861145,5.6810784339904785,,otros,
114.323,-13.57405948638916,0.883891224861145,5.6810784339904785,,otros,
114.355,-13.57405948638916,0.883891224861145,5.6810784339904785,,otros,
114.401,-13.57405948638916,0.883891224861145,5.6810784339904785,,otros,
114.421,-13.57405948638916,0.883891224861145,5.6810784339904785,,otros,
114.453,-13.57405948638916,0.883891224861145,5.6810784339904785,,otros,
114.502,-13.57405948638916,0.883891224861145,5.6810784339904785,,otros,
114.52,-13.586441993713379,0.8716258406639099,5.634214401245117,,otros,
114.551,-13.598824501037598,0.8593604564666748,5.587350368499756,,otros,
114.602,-13.611207008361816,0.8470950722694397,5.5404863357543945,paper,otros,1
114.619,-13.623589515686035,0.8348296880722046,5.493622303009033,paper,otros,1
114.652,-13.623589515686035,0.8348296880722046,5.493622303009033,paper,otros,1
114.702,-13.623589515686035,0.8348296880722046,5.493622303009033,paper,otros,1
114.723,-13.623589515686035,0.8348296880722046,5.493622303009033,paper,otros,1
114.754,-13.623589515686035,0.8348296880722046,5.493622303009033,paper,otros,1
114.805,-13.623589515686035,0.8348296880722046,5.493622303009033,paper,otros,1
114.825,-13.623589515686035,0.8348296880722046,5.493622303009033,paper,otros,1
114.857,-13.623589515686035,0.8348296880722046,5.493622303009033,paper,otros,1
114.904,-13.623589515686035,0.8348296880722046,5.493622303009033,paper,otros,1
114.923,-13.623589515686035,0.8348296880722046,5.493622303009033,paper,otros,1
114.955,-13.623589515686035,0.8348296880722046,5.493622303009033,paper,otros,1
115.003,-13.623589515686035,0.8348296880722046,5.493622303009033,paper,otros,1
115.02,-13.623589515686035,0.8348296880722046,5.493622303009033,paper,otros,1
115.052,-13.623589515686035,0.8348296880722046,5.493622303009033,paper,otros,1
115.099,-13.623589515686035,0.8348296880722046,5.493622303009033,paper,otros,1
115.117,-13.623589515686035,0.8348296880722046,5.493622303009033,paper,otros,1
115.149,-13.623589515686035,0.8348296880722046,5.493622303009033,paper,otros,1
115.196,-13.623589515686035,0.8348296880722046,5.493622303009033,paper,otros,1
115.215,-13.623589515686035,0.8348296880722046,5.493622303009033,paper,otros,1
115.248,-13.623589515686035,0.8348296880722046,5.493622303009033,paper,otros,1
115.283,-13.623589515686035,0.8348296880722046,5.493622303009033,paper,otros,1
115.304,-13.623589515686035,0.8348296880722046,5.493622303009033,paper,otros,1
115.32,-13.623589515686035,0.8348296880722046,5.493622303009033,paper,otros,1
115.354,-13.623589515686035,0.8348296880722046,5.493622303009033,paper,otros,1
115.406,-13.623589515686035,0.8348296880722046,5.493622303009033,paper,otros,1
115.425,-13.623589515686035,0.8348296880722046,5.493622303009033,paper,otros,1
115.457,-13.623589515686035,0.8348296880722046,5.493622303009033,paper,otros,1
115.505,-13.623589515686035,0.8348296880722046,5.493622303009033,paper,otros,1
115.527,-13.623589515686035,0.8348296880722046,5.493622303009033,paper,otros,1
115.56,-13.623589515686035,0.8348296880722046,5.493622303009033,paper,otros,1
115.609,-13.623589515686035,0.8348296880722046,5.493622303009033,paper,otros,1
115.626,-13.623589515686035,0.8348296880722046,5.493622303009033,paper,otros,1
115.659,-13.623589515686035,0.8348296880722046,5.493622303009033,paper,otros,1
115.708,-13.623589515686035,0.8348296880722046,5.493622303009033,paper,otros,1
115.727,-13.623589515686035,0.8348296880722046,5.493622303009033,paper,otros,1
115.765,-13.623589515686035,0.8348296880722046,5.493622303009033,paper,otros,1
115.813,-13.623589515686035,0.8348296880722046,5.493622303009033,paper,otros,1
115.83,-13.623589515686035,0.8348296880722046,5.493622303009033,paper,otros,1
115.865,-13.623589515686035,0.8348296880722046,5.493622303009033,paper,otros,1
115.911,-13.623589515686035,0.8348296880722046,5.493622303009033,,otros,
115.929,-13.623589515686035,0.8348296880722046,5.493622303009033,,otros,
115.961,-13.623589515686035,0.8348296880722046,5.493622303009033,,otros,
116.011,-13.623589515686035,0.8348296880722046,5.493622303009033,,otros,
116.03,-13.623589515686035,0.8348296880722046,5.493622303009033,,otros,
116.061,-13.623589515686035,0.8348296880722046,5.493622303009033,,otros,
116.106,-13.623589515686035,0.8348296880722046,5.493622303009033,,otros,
116.124,-13.623589515686035,0.8348296880722046,5.493622303009033,,otros,
116.16,-13.623589515686035,0.8348296880722046,5.493622303009033,,otros,
116.209,-13.623589515686035,0.8348296880722046,5.493622303009033,,otros,
116.229,-13.575248718261719,0.8348296880722046,5.4808502197265625,,otros,
116.261,-13.526907920837402,0.8348296880722046,5.468078136444092,,otros,
116.308,-13.478567123413086,0.8348296880722046,5.455306053161621,,otros,
116.326,-13.43022632598877,0.8348296880722046,5.44253396987915,,otros,
116.358,-13.381885528564453,0.8348296880722046,5.42976188659668,,otros,
116.406,-13.333544731140137,0.8348296880722046,5.416989803314209,,otros,
116.424,-13.28520393371582,0.8348296880722046,5.404217720031738,,otros,
116.456,-13.236863136291504,0.8348296880722046,5.391445636749268,,otros,
116.504,-13.188522338867188,0.8348296880722046,5.378673553466797,,otros,
116.522,-13.140181541442871,0.8348296880722046,5.365901470184326,,otros,
116.554,-13.091840744018555,0.8348296880722046,5.3531293869018555,,otros,
116.601,-13.043499946594238,0.8348296880722046,5.340357303619385,,otros,
116.619,-12.995159149169922,0.8348296880722046,5.327585220336914,,otros,
116.652,-12.946818351745605,0.8348296880722046,5.314813137054443,,otros,
116.699,-12.898477554321289,0.8348296880722046,5.302041053771973,,otros,
116.717,-12.850136756896973,0.8348296880722046,5.289268970489502,,otros,
116.751,-12.801795959472656,0.8348296880722046,5.276496887207031,,otros,
116.798,-12.75345516204834,0.8348296880722046,5.2637248039245605,,otros,
116.816,-12.705114364624023,0.8348296880722046,5.25095272064209,,otros,
116.849,-12.656773567199707,0.8348296880722046,5.238180637359619,,otros,
116.895,-12.656773567199707,0.8348296880722046,5.238180637359619,,otros,
116.913,-12.656773567199707,0.8348296880722046,5.238180637359619,,otros,
116.95,-12.656773567199707,0.8348296880722046,5.238180637359619,,otros,
116.998,-12.656773567199707,0.8348296880722046,5.238180637359619,,otros,
117.015,-12.656773567199707,0.8348296880722046,5.238180637359619,,otros,
117.047,-12.656773567199707,0.8348296880722046,5.238180637359619,,otros,
117.094,-12.656773567199707,0.8348296880722046,5.238180637359619,paper,otros,1
117.113,-12.656773567199707,0.8348296880722046,5.238180637359619,paper,otros,1
117.143,-12.656773567199707,0.8348296880722046,5.238180637359619,paper,otros,1
117.194,-12.656773567199707,0.8348296880722046,5.238180637359619,paper,otros,1
117.211,-12.656773567199707,0.8348296880722046,5.238180637359619,paper,otros,1
117.245,-12.656773567199707,0.8348296880722046,5.238180637359619,paper,otros,1
117.291,-12.656773567199707,0.8348296880722046,5.238180637359619,paper,otros,1
117.309,-12.656773567199707,0.8348296880722046,5.238180637359619,paper,otros,1
117.34,-12.656773567199707,0.8348296880722046,5.238180637359619,paper,otros,1
117.389,-12.656773567199707,0.8348296880722046,5.238180637359619,paper,otros,1
117.405,-12.656773567199707,0.8348296880722046,5.238180637359619,paper,otros,1
117.441,-12.656773567199707,0.8348296880722046,5.238180637359619,paper,otros,1
117.487,-12.656773567199707,0.8348296880722046,5.238180637359619,paper,otros,1
117.507,-12.656773567199707,0.8348296880722046,5.238180637359619,paper,otros,1
117.537,-12.656773567199707,0.8348296880722046,5.238180637359619,paper,otros,1
117.587,-12.656773567199707,0.8348296880722046,5.238180637359619,paper,otros,1
117.603,-12.656773567199707,0.8348296880722046,5.238180637359619,paper,otros,1
117.636,-12.656773567199707,0.8348296880722046,5.238180637359619,paper,otros,1
117.67,-12.656773567199707,0.8348296880722046,5.238180637359619,paper,otros,1
117.685,-12.656773567199707,0.8348296880722046,5.238180637359619,paper,otros,1
117.703,-12.656773567199707,0.8348296880722046,5.238180637359619,paper,otros,1
117.736,-12.656773567199707,0.8348296880722046,5.238180637359619,paper,otros,1
117.786,-12.656773567199707,0.8348296880722046,5.238180637359619,paper,otros,1
117.806,-12.656773567199707,0.8348296880722046,5.238180637359619,paper,otros,1
117.838,-12.656773567199707,0.8348296880722046,5.238180637359619,paper,otros,1
117.885,-12.656773567199707,0.8348296880722046,5.238180637359619,paper,otros,1
117.903,-12.656773567199707,0.8348296880722046,5.238180637359619,paper,otros,1
117.936,-12.656773567199707,0.8348296880722046,5.238180637359619,paper,otros,1
117.984,-12.656773567199707,0.8348296880722046,5.238180637359619,paper,otros,1
118.001,-12.656773567199707,0.8348296880722046,5.238180637359619,paper,otros,1
118.036,-12.705114364624023,0.8348296880722046,5.25095272064209,paper,otros,1
118.082,-12.75345516204834,0.8348296880722046,5.2637248039245605,,otros,
118.103,-12.801795959472656,0.8348296880722046,5.276496887207031,,otros,
118.133,-12.850136756896973,0.8348296880722046,5.289268970489502,,otros,
118.182,-12.898477554321289,0.8348296880722046,5.302041053771973,paper,otros,1
118.199,-12.946818351745605,0.8348296880722046,5.314813137054443,paper,otros,1
118.23,-12.995159149169922,0.8348296880722046,5.327585220336914,paper,otros,1
118.275,-13.043499946594238,0.8348296880722046,5.340357303619385,,otros,
118.295,-13.091840744018555,0.8348296880722046,5.3531293869018555,,otros,
118.329,-13.140181541442871,0.8348296880722046,5.365901470184326,,otros,
118.375,-13.188522338867188,0.8348296880722046,5.378673553466797,,otros,
118.392,-13.236863136291504,0.8348296880722046,5.391445636749268,,otros,
118.425,-13.28520393371582,0.8348296880722046,5.404217720031738,,otros,
118.473,-13.333544731140137,0.8348296880722046,5.416989803314209,paper,otros,1
118.49,-13.381885528564453,0.8348296880722046,5.42976188659668,paper,otros,1
118.53,-13.43022632598877,0.8348296880722046,5.44253396987915,paper,otros,1
118.576,-13.478567123413086,0.8348296880722046,5.455306053161621,,otros,
118.596,-13.526907920837402,0.8348296880722046,5.468078136444092,,otros,
118.628,-13.575248718261719,0.8348296880722046,5.4808502197265625,,otros,
118.674,-13.623589515686035,0.8348296880722046,5.493622303009033,,otros,
118.693,-13.671930313110352,0.8348296880722046,5.506394386291504,,otros,
118.726,-13.720271110534668,0.8348296880722046,5.519166469573975,,otros,
118.789,-13.768611907958984,0.8348296880722046,5.531938552856445,,otros,
118.805,-13.8169527053833,0.8348296880722046,5.544710636138916,,otros,
118.838,-13.865293502807617,0.8348296880722046,5.557482719421387,,otros,
118.884,-13.913634300231934,0.8348296880722046,5.570254802703857,,otros,
118.904,-13.96197509765625,0.8348296880722046,5.583026885986328,,otros,
118.936,-14.010315895080566,0.8348296880722046,5.595798969268799,,otros,
118.983,-14.058656692504883,0.8348296880722046,5.6085710525512695,,otros,
119.002,-14.1069974899292,0.8348296880722046,5.62134313583374,,otros,
119.034,-14.155338287353516,0.8348296880722046,5.634115219116211,,otros,
119.083,-14.203679084777832,0.8348296880722046,5.646887302398682,,otros,
119.1,-14.203679084777832,0.8348296880722046,5.646887302398682,,otros,
119.131,-14.203679084777832,0.8348296880722046,5.646887302398682,,otros,
119.178,-14.203679084777832,0.8348296880722046,5.646887302398682,,otros,
119.196,-14.203679084777832,0.8348296880722046,5.646887302398682,,otros,
119.228,-14.203679084777832,0.8348296880722046,5.646887302398682,,otros,
119.275,-14.203679084777832,0.8348296880722046,5.646887302398682,,otros,
119.294,-14.203679084777832,0.8348296880722046,5.646887302398682,,otros,
119.324,-14.203679084777832,0.8348296880722046,5.646887302398682,,otros,
119.371,-14.203679084777832,0.8348296880722046,5.646887302398682,,otros,
119.39,-14.203679084777832,0.8348296880722046,5.646887302398682,,otros,
119.424,-14.203679084777832,0.8348296880722046,5.646887302398682,,otros,
119.471,-14.203679084777832,0.8348296880722046,5.646887302398682,,otros,
119.491,-14.203679084777832,0.8348296880722046,5.646887302398682,,otros,
119.525,-14.203679084777832,0.8348296880722046,5.646887302398682,,otros,
119.57,-14.203679084777832,0.8348296880722046,5.646887302398682,,otros,
119.589,-14.203679084777832,0.8348296880722046,5.646887302398682,,otros,
119.625,-14.203679084777832,0.8348296880722046,5.646887302398682,,otros,
119.671,-14.203679084777832,0.8348296880722046,5.646887302398682,,otros,
119.691,-14.203679084777832,0.8348296880722046,5.646887302398682,,otros,
119.723,-14.203679084777832,0.8348296880722046,5.646887302398682,,otros,
119.77,-14.203679084777832,0.8348296880722046,5.646887302398682,,otros,
119.788,-14.203679084777832,0.8348296880722046,5.646887302398682,,otros,
119.82,-14.203679084777832,0.8348296880722046,5.646887302398682,,otros,
119.869,-14.203679084777832,0.8348296880722046,5.646887302398682,,otros,
119.886,-14.203679084777832,0.8348296880722046,5.646887302398682,,otros,
119.919,-14.203679084777832,0.8348296880722046,5.646887302398682,,otros,
119.965,-14.203679084777832,0.8348296880722046,5.646887302398682,,otros,
119.984,-14.203679084777832,0.8348296880722046,5.646887302398682,,otros,
120.016,-14.203679084777832,0.8348296880722046,5.646887302398682,,otros,
120.063,-14.203679084777832,0.8348296880722046,5.646887302398682,,otros,
120.081,-14.203679084777832,0.8348296880722046,5.646887302398682,,otros,
120.113,-14.203679084777832,0.8348296880722046,5.646887302398682,,otros,
120.159,-14.203679084777832,0.8348296880722046,5.646887302398682,,otros,
120.18,-14.203679084777832,0.8348296880722046,5.646887302398682,,otros,
120.211,-14.203679084777832,0.8348296880722046,5.646887302398682,,otros,
120.259,-14.203679084777832,0.8348296880722046,5.646887302398682,,otros,
120.277,-14.203679084777832,0.8348296880722046,5.646887302398682,,otros,
120.311,-14.203679084777832,0.8348296880722046,5.646887302398682,,otros,
120.358,-14.203679084777832,0.8348296880722046,5.646887302398682,,otros,
120.376,-14.203679084777832,0.8348296880722046,5.646887302398682,,otros,
120.41,-14.203679084777832,0.8348296880722046,5.646887302398682,,otros,
120.454,-14.203679084777832,0.8348296880722046,5.646887302398682,,otros,
120.475,-14.203679084777832,0.8348296880722046,5.646887302398682,,otros,
120.506,-14.203679084777832,0.8348296880722046,5.646887302398682,,otros,
120.553,-14.203679084777832,0.8348296880722046,5.646887302398682,,otros,
120.572,-14.203679084777832,0.8348296880722046,5.646887302398682,,otros,
120.605,-14.203679084777832,0.8348296880722046,5.646887302398682,,otros,
120.66,-14.203679084777832,0.8348296880722046,5.646887302398682,,otros,
120.673,-14.203679084777832,0.8348296880722046,5.646887302398682,,otros,
120.706,-14.203679084777832,0.8348296880722046,5.646887302398682,,otros,
120.752,-14.203679084777832,0.8348296880722046,5.646887302398682,,otros,
120.771,-14.203679084777832,0.8348296880722046,5.646887302398682,,otros,
120.802,-14.203679084777832,0.8348296880722046,5.646887302398682,,otros,
120.848,-14.203679084777832,0.8348296880722046,5.646887302398682,,otros,
120.868,-14.203679084777832,0.8348296880722046,5.646887302398682,,otros,
120.9,-14.203679084777832,0.8348296880722046,5.646887302398682,,otros,
120.946,-14.203679084777832,0.8348296880722046,5.646887302398682,,otros,
120.965,-14.203679084777832,0.8348296880722046,5.646887302398682,,otros,
120.998,-14.203679084777832,0.8348296880722046,5.646887302398682,,otros,
121.043,-14.203679084777832,0.8348296880722046,5.646887302398682,,otros,
121.063,-14.203679084777832,0.8348296880722046,5.646887302398682,,otros,
121.094,-14.203679084777832,0.8348296880722046,5.646887302398682,,otros,
121.142,-14.203679084777832,0.8348296880722046,5.646887302398682,,otros,
121.159,-14.203679084777832,0.8348296880722046,5.646887302398682,,otros,
121.195,-14.203679084777832,0.8348296880722046,5.646887302398682,,otros,
121.241,-14.203679084777832,0.8348296880722046,5.646887302398682,,otros,
121.259,-14.203679084777832,0.8348296880722046,5.646887302398682,,otros,
121.291,-14.203679084777832,0.8348296880722046,5.646887302398682,,otros,
121.337,-14.203679084777832,0.8348296880722046,5.646887302398682,,otros,
121.356,-14.203679084777832,0.8348296880722046,5.646887302398682,,otros,
121.39,-14.203679084777832,0.8348296880722046,5.646887302398682,,otros,
121.434,-14.203679084777832,0.8348296880722046,5.646887302398682,,otros,
121.454,-14.203679084777832,0.8348296880722046,5.646887302398682,,otros,
121.486,-14.203679084777832,0.8348296880722046,5.646887302398682,,otros,
121.533,-14.203679084777832,0.8348296880722046,5.646887302398682,,otros,
121.552,-14.203679084777832,0.8348296880722046,5.646887302398682,,otros,
121.585,-14.203679084777832,0.8348296880722046,5.646887302398682,,otros,
121.636,-14.203679084777832,0.8348296880722046,5.646887302398682,,otros,
121.655,-14.203679084777832,0.8348296880722046,5.646887302398682,,otros,
121.688,-14.203679084777832,0.8348296880722046,5.646887302398682,,otros,
121.734,-14.203679084777832,0.8348296880722046,5.646887302398682,,otros,
121.753,-14.203679084777832,0.8348296880722046,5.646887302398682,,otros,
121.785,-14.203679084777832,0.8348296880722046,5.646887302398682,,otros,
121.832,-14.203679084777832,0.8348296880722046,5.646887302398682,,otros,
121.851,-14.203679084777832,0.8348296880722046,5.646887302398682,,otros,
121.884,-14.203679084777832,0.8348296880722046,5.646887302398682,,otros,
121.93,-14.203679084777832,0.8348296880722046,5.646887302398682,,otros,
121.955,-14.203679084777832,0.8348296880722046,5.646887302398682,,otros,
121.989,-14.203679084777832,0.8348296880722046,5.646887302398682,,otros,
122.035,-14.203679084777832,0.8348296880722046,5.646887302398682,,otros,
122.054,-14.203679084777832,0.8348296880722046,5.646887302398682,,otros,
122.087,-14.203679084777832,0.8348296880722046,5.646887302398682,,otros,
122.132,-14.203679084777832,0.8348296880722046,5.646887302398682,,otros,
122.152,-14.203679084777832,0.8348296880722046,5.646887302398682,,otros,
122.186,-14.203679084777832,0.8348296880722046,5.646887302398682,,otros,
122.232,-14.203679084777832,0.8348296880722046,5.646887302398682,,otros,
122.249,-14.203679084777832,0.8348296880722046,5.646887302398682,,otros,
122.28,-14.203679084777832,0.8348296880722046,5.646887302398682,,otros,
122.325,-14.203679084777832,0.8348296880722046,5.646887302398682,,otros,
122.345,-14.203679084777832,0.8348296880722046,5.646887302398682,,otros,
122.378,-14.203679084777832,0.8348296880722046,5.646887302398682,,otros,
122.423,-14.203679084777832,0.8348296880722046,5.646887302398682,,otros,
122.443,-14.203679084777832,0.8348296880722046,5.646887302398682,,otros,
122.476,-14.203679084777832,0.8348296880722046,5.646887302398682,,otros,
122.521,-14.203679084777832,0.8348296880722046,5.646887302398682,,otros,
122.541,-14.203679084777832,0.8348296880722046,5.646887302398682,,otros,
122.573,-14.203679084777832,0.8348296880722046,5.646887302398682,,otros,
122.62,-14.203679084777832,0.8348296880722046,5.646887302398682,,otros,
122.639,-14.203679084777832,0.8348296880722046,5.646887302398682,,otros,
122.671,-14.203679084777832,0.8348296880722046,5.646887302398682,,otros,
122.717,-14.203679084777832,0.8348296880722046,5.646887302398682,,otros,
122.736,-14.203679084777832,0.8348296880722046,5.646887302398682,,otros,
122.769,-14.203679084777832,0.8348296880722046,5.646887302398682,,otros,
122.813,-14.203679084777832,0.8348296880722046,5.646887302398682,,otros,
122.833,-14.253332138061523,0.8296900391578674,5.64402437210083,,otros,
122.866,-14.302985191345215,0.8245503902435303,5.6411614418029785,,otros,
122.912,-14.352638244628906,0.8194107413291931,5.638298511505127,,otros,
122.93,-14.402291297912598,0.814271092414856,5.635435581207275,,otros,
122.963,-14.451944351196289,0.8091314435005188,5.632572650909424,,otros,
123.01,-14.50159740447998,0.8039917945861816,5.629709720611572,,otros,
123.029,-14.551250457763672,0.7988521456718445,5.626846790313721,,otros,
123.061,-14.600903511047363,0.7937124967575073,5.623983860015869,,otros,
123.105,-14.650556564331055,0.7885728478431702,5.621120929718018,,otros,
123.126,-14.700209617614746,0.783433198928833,5.618257999420166,,otros,
123.158,-14.749862670898438,0.7782935500144958,5.6153950691223145,,otros,
123.202,-14.799515724182129,0.7731539011001587,5.612532138824463,,otros,
123.222,-14.84916877746582,0.7680142521858215,5.609669208526611,,otros,
123.254,-14.898821830749512,0.7628746032714844,5.60680627822876,,otros,
123.3,-14.948474884033203,0.7577349543571472,5.603943347930908,,otros,
123.32,-14.998127937316895,0.7525953054428101,5.601080417633057,,otros,
123.354,-15.047780990600586,0.7474556565284729,5.598217487335205,,otros,
123.4,-15.097434043884277,0.7423160076141357,5.5953545570373535,,otros,
123.419,-15.147239685058594,0.7384800314903259,5.593180179595947,,otros,
123.454,-15.197152137756348,0.736386239528656,5.59108829498291,,otros,
123.499,-15.247093200683594,0.7351646423339844,5.588994979858398,,otros,
123.523,-15.297061920166016,0.7348155975341797,5.587250232696533,,otros,
123.557,-15.347037315368652,0.7348155975341797,5.585679531097412,,otros,
123.601,-15.397006034851074,0.7357754707336426,5.5841965675354,,otros,
123.621,-15.446915626525879,0.7383922934532166,5.5827155113220215,,otros,
123.654,-15.496748924255371,0.7422282695770264,5.581323623657227,,otros,
123.698,-15.546531677246094,0.7466729879379272,5.579933166503906,,otros,
123.72,-15.596220016479492,0.7520729303359985,5.578545093536377,,otros,
123.754,-15.645840644836426,0.7580797672271729,5.577245712280273,,otros,
123.798,-15.695452690124512,0.7641732096672058,5.576033115386963,,otros,
123.818,-15.745064735412598,0.7702666521072388,5.574820518493652,,otros,
123.85,-15.794676780700684,0.7763600945472717,5.573607921600342,,otros,
123.896,-15.84428882598877,0.7824535369873047,5.572395324707031,,otros,
123.915,-15.893900871276855,0.7885469794273376,5.571182727813721,,otros,
123.948,-15.943512916564941,0.7946404218673706,5.56997013092041,,otros,
123.993,-15.993124961853027,0.8007338643074036,5.5687575340271,,otros,
124.015,-16.04273796081543,0.8068273067474365,5.567544937133789,,otros,
124.048,-16.092350006103516,0.8129207491874695,5.5663323402404785,,otros,
124.093,-16.1419620513916,0.8190141916275024,5.565119743347168,,otros,
124.114,-16.191574096679688,0.8251076340675354,5.563907146453857,,otros,
124.147,-16.241186141967773,0.8312010765075684,5.562694549560547,,otros,
124.19,-16.29079818725586,0.8372945189476013,5.561481952667236,,otros,
124.211,-16.340410232543945,0.8433879613876343,5.560269355773926,,otros,
124.241,-16.39002227783203,0.8494814038276672,5.559056758880615,,otros,
124.286,-16.439634323120117,0.8555748462677002,5.557844161987305,,otros,
124.306,-16.489246368408203,0.8616682887077332,5.556631565093994,,otros,
124.338,-16.53885841369629,0.8677617311477661,5.555418968200684,,otros,
124.383,-16.588470458984375,0.8738551735877991,5.554206371307373,,otros,
124.403,-16.63808250427246,0.879948616027832,5.5529937744140625,,otros,
124.436,-16.687694549560547,0.886042058467865,5.551781177520752,,otros,
124.481,-16.737306594848633,0.892135500907898,5.550568580627441,,otros,
124.5,-16.78691864013672,0.8982289433479309,5.549355983734131,,otros,
124.535,-16.836530685424805,0.9043223857879639,5.54814338684082,,otros,
124.58,-16.88614273071289,0.9104158282279968,5.54693078994751,,otros,
124.597,-16.935754776000977,0.9165092706680298,5.545718193054199,,otros,
124.629,-16.985366821289062,0.9226027131080627,5.544505596160889,,otros,
124.674,-17.03497886657715,0.9286961555480957,5.543292999267578,,otros,
124.693,-17.084590911865234,0.9347895979881287,5.542080402374268,,otros,
124.725,-17.13420295715332,0.9408830404281616,5.540867805480957,,otros,
124.77,-17.183815002441406,0.9469764828681946,5.5396552085876465,,otros,
124.79,-17.233427047729492,0.9530699253082275,5.538442611694336,,otros,
124.821,-17.283039093017578,0.9591633677482605,5.537230014801025,,otros,
124.868,-17.332651138305664,0.9652568101882935,5.536017417907715,,otros,
124.887,-17.38226318359375,0.9713502526283264,5.534804821014404,,otros,
124.92,-17.431875228881836,0.9774436950683594,5.533592224121094,,otros,
124.965,-17.481487274169922,0.9835371375083923,5.532379627227783,,otros,
124.983,-17.531099319458008,0.9896305799484253,5.531167030334473,,otros,
125.017,-17.580711364746094,0.9957240223884583,5.529954433441162,,otros,
125.063,-17.63032341003418,1.0018174648284912,5.528741836547852,,otros,
125.082,-17.679935455322266,1.007910966873169,5.527529239654541,,otros,
125.114,-17.72954750061035,1.0140044689178467,5.5263166427612305,,otros,
125.161,-17.779159545898438,1.0200979709625244,5.52510404586792,,otros,
125.179,-17.828771591186523,1.0261914730072021,5.523891448974609,,otros,
125.211,-17.87838363647461,1.0322849750518799,5.522678852081299,,otros,
125.257,-17.927995681762695,1.0383784770965576,5.521466255187988,,otros,
125.275,-17.97760772705078,1.0444719791412354,5.520253658294678,,otros,
125.307,-18.027219772338867,1.050565481185913,5.519041061401367,,otros,
125.354,-18.076831817626953,1.0566589832305908,5.517828464508057,,otros,
125.372,-18.12644386291504,1.0627524852752686,5.516615867614746,,otros,
125.405,-18.176055908203125,1.0688459873199463,5.5154032707214355,,otros,
125.454,-18.225664138793945,1.074939489364624,5.514017581939697,,otros,
125.469,-18.275222778320312,1.0810329914093018,5.511420249938965,,otros,
125.507,-18.32469367980957,1.087039828300476,5.507352828979492,,otros,
125.551,-18.37407875061035,1.092960000038147,5.502249240875244,,otros,
125.57,-18.42331314086914,1.0987935066223145,5.495767593383789,,otros,
125.603,-18.472423553466797,1.1045403480529785,5.488340377807617,,otros,
125.649,-18.5213565826416,1.1101137399673462,5.479712009429932,,otros,
125.67,-18.57007598876953,1.1150797605514526,5.469622611999512,,otros,
125.7,-18.618494033813477,1.119611382484436,5.457998275756836,,otros,
125.747,-18.666336059570312,1.1235343217849731,5.4440083503723145,,otros,
125.767,-18.713502883911133,1.1269351243972778,5.427767753601074,,otros,
125.799,-18.759979248046875,1.129813313484192,5.4095540046691895,,otros,
125.842,-18.805559158325195,1.132430076599121,5.38916540145874,,otros,
125.863,-18.850143432617188,1.1346982717514038,5.366644859313965,,otros,
125.896,-18.89396858215332,1.136617660522461,5.3426513671875,,otros,
125.94,-18.935354232788086,1.1381009817123413,5.314631938934326,,otros,
125.958,-18.973651885986328,1.1388863325119019,5.282496452331543,,otros,
125.991,-19.00986099243164,1.138973593711853,5.248015403747559,,otros,
126.036,-19.044530868530273,1.1386245489120483,5.211988925933838,,otros,
126.055,-19.07818031311035,1.1381882429122925,5.175008773803711,,otros,
126.088,-19.11150550842285,1.1376646757125854,5.137736797332764,,otros,
126.132,-19.144502639770508,1.136966586112976,5.10017728805542,,otros,
126.153,-19.177366256713867,1.1360939741134644,5.062504768371582,,otros,
126.186,-19.210098266601562,1.1352213621139526,5.024717807769775,,otros,
126.23,-19.242830276489258,1.134348750114441,4.986930847167969,,otros,
126.252,-19.275562286376953,1.1334761381149292,4.949143886566162,,otros,
126.284,-19.30829429626465,1.1326035261154175,4.9113569259643555,,otros,
126.329,-19.341026306152344,1.1317309141159058,4.873569965362549,,otros,
126.35,-19.37375831604004,1.130858302116394,4.835783004760742,,otros,
126.381,-19.406490325927734,1.1299856901168823,4.7979960441589355,,otros,
126.426,-19.43922233581543,1.1291130781173706,4.760209083557129,,otros,
126.447,-19.471954345703125,1.1282404661178589,4.722422122955322,,otros,
126.481,-19.50468635559082,1.1273678541183472,4.684635162353516,,otros,
126.525,-19.537418365478516,1.1264952421188354,4.646848201751709,,otros,
126.544,-19.57015037536621,1.1256226301193237,4.609061241149902,,otros,
126.575,-19.602882385253906,1.124750018119812,4.571274280548096,,otros,
126.628,-19.6356143951416,1.1238774061203003,4.533487319946289,,otros,
126.647,-19.668346405029297,1.1230047941207886,4.495700359344482,,otros,
126.68,-19.70088005065918,1.1221321821212769,4.457742691040039,,otros,
126.728,-19.7331485748291,1.1212595701217651,4.419558525085449,,otros,
126.746,-19.764406204223633,1.1203869581222534,4.380542755126953,,otros,
126.781,-19.793010711669922,1.119688868522644,4.339539051055908,,otros,
126.824,-19.817781448364258,1.1190780401229858,4.2961106300354,,otros,
126.844,-19.83922576904297,1.1184672117233276,4.250946998596191,,otros,
126.878,-19.858116149902344,1.1178563833236694,4.204657077789307,,otros,
126.924,-19.87422752380371,1.1172455549240112,4.157328128814697,,otros,
126.944,-19.885303497314453,1.1165474653244019,4.108575344085693,,otros,
126.975,-19.89234733581543,1.1158493757247925,4.059079170227051,,otros,
127.02,-19.8963565826416,1.1149767637252808,4.009247779846191,,otros,
127.039,-19.898536682128906,1.1140168905258179,3.9593045711517334,,otros,
127.072,-19.89949607849121,1.113057017326355,3.90932297706604,,otros,
127.115,-19.899669647216797,1.112097144126892,3.85933256149292,,otros,
127.136,-19.899669647216797,1.1111372709274292,3.8093416690826416,,otros,
127.168,-19.899669647216797,1.1101773977279663,3.7593507766723633,,otros,
127.214,-19.899669647216797,1.1092175245285034,3.709359884262085,,otros,
127.237,-19.899930953979492,1.1082576513290405,3.659369707107544,,otros,
127.27,-19.900192260742188,1.1072977781295776,3.609379529953003,,otros,
127.314,-19.900453567504883,1.1063379049301147,3.559389352798462,,otros,
127.337,-19.900714874267578,1.1053780317306519,3.509399175643921,,otros,
127.369,-19.900976181030273,1.104418158531189,3.45940899848938,,otros,
127.411,-19.90123748779297,1.103458285331726,3.409418821334839,,otros,
127.431,-19.901498794555664,1.1024984121322632,3.359428644180298,,otros,
127.465,-19.90176010131836,1.1015385389328003,3.309438467025757,,otros,
127.51,-19.902021408081055,1.1005786657333374,3.259448289871216,,otros,
127.53,-19.90228271484375,1.0996187925338745,3.209458112716675,,otros,
127.563,-19.902544021606445,1.0986589193344116,3.159467935562134,,otros,
127.607,-19.90280532836914,1.0976990461349487,3.1094777584075928,,otros,
127.628,-19.903066635131836,1.0967391729354858,3.0594875812530518,,otros,
127.659,-19.90332794189453,1.095779299736023,3.0094974040985107,,otros,
127.706,-19.903589248657227,1.09481942653656,2.9595072269439697,,otros,
127.725,-19.903589248657227,1.09481942653656,2.9595072269439697,,otros,
127.759,-19.903589248657227,1.09481942653656,2.9595072269439697,,otros,
127.803,-19.903589248657227,1.09481942653656,2.9595072269439697,,otros,
127.823,-19.903589248657227,1.09481942653656,2.9595072269439697,,otros,
127.856,-19.903589248657227,1.09481942653656,2.9595072269439697,,otros,
127.902,-19.903589248657227,1.09481942653656,2.9595072269439697,,otros,
127.922,-19.903589248657227,1.09481942653656,2.9595072269439697,,otros,
127.956,-19.903589248657227,1.09481942653656,2.9595072269439697,,otros,
127.999,-19.903589248657227,1.09481942653656,2.9595072269439697,,otros,
128.02,-19.903589248657227,1.09481942653656,2.9595072269439697,,otros,
128.052,-19.903589248657227,1.09481942653656,2.9595072269439697,,otros,
128.097,-19.903589248657227,1.09481942653656,2.9595072269439697,,otros,
128.116,-19.903589248657227,1.09481942653656,2.9595072269439697,,otros,
128.15,-19.903589248657227,1.09481942653656,2.9595072269439697,,otros,
128.195,-19.903589248657227,1.09481942653656,2.9595072269439697,,otros,
128.215,-19.903589248657227,1.09481942653656,2.9595072269439697,,otros,
128.249,-19.903589248657227,1.09481942653656,2.9595072269439697,,otros,
128.293,-19.903589248657227,1.09481942653656,2.9595072269439697,,otros,
128.315,-19.903589248657227,1.09481942653656,2.9595072269439697,,otros,
128.35,-19.903589248657227,1.09481942653656,2.9595072269439697,,otros,
128.392,-19.903589248657227,1.09481942653656,2.9595072269439697,,otros,
128.415,-19.903589248657227,1.09481942653656,2.9595072269439697,,otros,
128.446,-19.903589248657227,1.09481942653656,2.9595072269439697,,otros,
128.493,-19.903589248657227,1.09481942653656,2.9595072269439697,,otros,
128.512,-19.903589248657227,1.09481942653656,2.9595072269439697,,otros,
128.545,-19.903589248657227,1.09481942653656,2.9595072269439697,,otros,
128.59,-19.903589248657227,1.09481942653656,2.9595072269439697,,otros,
128.611,-19.903589248657227,1.09481942653656,2.9595072269439697,,otros,
128.642,-19.903589248657227,1.09481942653656,2.9595072269439697,,otros,
128.686,-19.903589248657227,1.09481942653656,2.9595072269439697,,otros,
128.706,-19.903589248657227,1.09481942653656,2.9595072269439697,,otros,
128.74,-19.903589248657227,1.09481942653656,2.9595072269439697,,otros,
128.783,-19.868507385253906,1.092900037765503,2.9239320755004883,,otros,
128.804,-19.833425521850586,1.0909806489944458,2.888356924057007,,otros,
128.839,-19.798343658447266,1.0890612602233887,2.8527817726135254,,otros,
128.884,-19.763261795043945,1.0871418714523315,2.817206621170044,,otros,
128.905,-19.728179931640625,1.0852224826812744,2.7816314697265625,,otros,
128.936,-19.693098068237305,1.0833030939102173,2.746056318283081,,otros,
128.981,-19.658016204833984,1.0813837051391602,2.7104811668395996,,otros,
129.003,-19.658016204833984,1.0813837051391602,2.7104811668395996,,otros,
129.035,-19.658016204833984,1.0813837051391602,2.7104811668395996,,otros,
129.079,-19.658016204833984,1.0813837051391602,2.7104811668395996,,otros,
129.099,-19.658016204833984,1.0813837051391602,2.7104811668395996,,otros,
129.133,-19.658016204833984,1.0813837051391602,2.7104811668395996,,otros,
129.176,-19.658016204833984,1.0813837051391602,2.7104811668395996,,otros,
129.199,-19.658016204833984,1.0813837051391602,2.7104811668395996,,otros,
129.231,-19.658016204833984,1.0813837051391602,2.7104811668395996,,otros,
129.276,-19.658016204833984,1.0813837051391602,2.7104811668395996,,otros,
129.296,-19.658016204833984,1.0813837051391602,2.7104811668395996,,otros,
129.328,-19.658016204833984,1.0813837051391602,2.7104811668395996,,otros,
129.374,-19.658016204833984,1.0813837051391602,2.7104811668395996,,otros,
129.396,-19.658016204833984,1.0813837051391602,2.7104811668395996,,otros,
129.427,-19.658016204833984,1.0813837051391602,2.7104811668395996,,otros,
129.472,-19.658016204833984,1.0813837051391602,2.7104811668395996,,otros,
129.492,-19.658016204833984,1.0813837051391602,2.7104811668395996,,otros,
129.524,-19.658016204833984,1.0813837051391602,2.7104811668395996,,otros,
129.57,-19.658016204833984,1.0813837051391602,2.7104811668395996,,otros,
129.589,-19.658016204833984,1.0813837051391602,2.7104811668395996,,otros,
129.621,-19.658016204833984,1.0813837051391602,2.7104811668395996,,otros,
129.668,-19.658016204833984,1.0813837051391602,2.7104811668395996,,otros,
129.687,-19.658016204833984,1.0813837051391602,2.7104811668395996,,otros,
129.719,-19.658016204833984,1.0813837051391602,2.7104811668395996,,otros,
129.765,-19.658016204833984,1.0813837051391602,2.7104811668395996,,otros,
129.786,-19.658016204833984,1.0813837051391602,2.7104811668395996,,otros,
129.818,-19.658016204833984,1.0813837051391602,2.7104811668395996,,otros,
129.864,-19.658016204833984,1.0813837051391602,2.7104811668395996,,otros,
129.882,-19.658016204833984,1.0813837051391602,2.7104811668395996,,otros,
129.914,-19.658016204833984,1.0813837051391602,2.7104811668395996,,otros,
129.96,-19.658016204833984,1.0813837051391602,2.7104811668395996,,otros,
129.979,-19.658016204833984,1.0813837051391602,2.7104811668395996,,otros,
130.013,-19.658016204833984,1.0813837051391602,2.7104811668395996,,otros,
130.057,-19.658016204833984,1.0813837051391602,2.7104811668395996,,otros,
130.078,-19.658016204833984,1.0813837051391602,2.7104811668395996,,otros,
130.111,-19.658016204833984,1.0813837051391602,2.7104811668395996,,otros,
130.156,-19.658016204833984,1.0813837051391602,2.7104811668395996,,otros,
130.176,-19.658016204833984,1.0813837051391602,2.7104811668395996,,otros,
130.209,-19.658016204833984,1.0813837051391602,2.7104811668395996,,otros,
130.251,-19.658016204833984,1.0813837051391602,2.7104811668395996,,otros,
130.272,-19.658016204833984,1.0813837051391602,2.7104811668395996,,otros,
130.305,-19.658016204833984,1.0813837051391602,2.7104811668395996,,otros,
130.35,-19.658016204833984,1.0813837051391602,2.7104811668395996,,otros,
130.371,-19.658016204833984,1.0813837051391602,2.7104811668395996,,otros,
130.404,-19.658016204833984,1.0813837051391602,2.7104811668395996,,otros,
130.449,-19.658016204833984,1.0813837051391602,2.7104811668395996,,otros,
130.468,-19.658016204833984,1.0813837051391602,2.7104811668395996,,otros,
130.501,-19.658016204833984,1.0813837051391602,2.7104811668395996,,otros,
130.547,-19.658016204833984,1.0813837051391602,2.7104811668395996,,otros,
130.571,-19.658016204833984,1.0813837051391602,2.7104811668395996,,otros,
130.605,-19.658016204833984,1.0813837051391602,2.7104811668395996,,otros,
130.649,-19.658016204833984,1.0813837051391602,2.7104811668395996,,otros,
130.669,-19.658016204833984,1.0813837051391602,2.7104811668395996,,otros,
130.702,-19.658016204833984,1.0813837051391602,2.7104811668395996,,otros,
130.749,-19.608484268188477,1.0788540840148926,2.7041361331939697,,otros,
130.767,-19.55895233154297,1.076324462890625,2.69779109954834,,otros,
130.801,-19.50942039489746,1.0737948417663574,2.69144606590271,,otros,
130.844,-19.459888458251953,1.0712652206420898,2.68510103225708,,otros,
130.866,-19.410356521606445,1.0687355995178223,2.67875599861145,,otros,
130.897,-19.360824584960938,1.0662059783935547,2.6724109649658203,,otros,
130.943,-19.360824584960938,1.0662059783935547,2.6724109649658203,,otros,
130.964,-19.360824584960938,1.0662059783935547,2.6724109649658203,,otros,
130.997,-19.360824584960938,1.0662059783935547,2.6724109649658203,,otros,
131.043,-19.360824584960938,1.0662059783935547,2.6724109649658203,,otros,
131.063,-19.360824584960938,1.0662059783935547,2.6724109649658203,,otros,
131.095,-19.360824584960938,1.0662059783935547,2.6724109649658203,,otros,
131.137,-19.360824584960938,1.0662059783935547,2.6724109649658203,,otros,
131.161,-19.360824584960938,1.0662059783935547,2.6724109649658203,,otros,
131.194,-19.360824584960938,1.0662059783935547,2.6724109649658203,,otros,
131.238,-19.360824584960938,1.0662059783935547,2.6724109649658203,,otros,
131.259,-19.360824584960938,1.0662059783935547,2.6724109649658203,,otros,
131.294,-19.360824584960938,1.0662059783935547,2.6724109649658203,,otros,
131.337,-19.360824584960938,1.0662059783935547,2.6724109649658203,,otros,
131.357,-19.360824584960938,1.0662059783935547,2.6724109649658203,,otros,
131.39,-19.360824584960938,1.0662059783935547,2.6724109649658203,,otros,
131.433,-19.360824584960938,1.0662059783935547,2.6724109649658203,,otros,
131.455,-19.360824584960938,1.0662059783935547,2.6724109649658203,,otros,
131.487,-19.360824584960938,1.0662059783935547,2.6724109649658203,,otros,
131.533,-19.360824584960938,1.0662059783935547,2.6724109649658203,,otros,
131.551,-19.360824584960938,1.0662059783935547,2.6724109649658203,,otros,
131.586,-19.360824584960938,1.0662059783935547,2.6724109649658203,,otros,
131.63,-19.360824584960938,1.0662059783935547,2.6724109649658203,,otros,
131.649,-19.360824584960938,1.0662059783935547,2.6724109649658203,,otros,
131.688,-19.360824584960938,1.0662059783935547,2.6724109649658203,,otros,
131.732,-19.360824584960938,1.0662059783935547,2.6724109649658203,,otros,
131.752,-19.360824584960938,1.0662059783935547,2.6724109649658203,,otros,
131.784,-19.360824584960938,1.0662059783935547,2.6724109649658203,,otros,
131.831,-19.360824584960938,1.0662059783935547,2.6724109649658203,,otros,
131.851,-19.360824584960938,1.0662059783935547,2.6724109649658203,,otros,
131.884,-19.360824584960938,1.0662059783935547,2.6724109649658203,,otros,
131.929,-19.31129264831543,1.063676357269287,2.6660659313201904,,otros,
131.949,-19.261760711669922,1.0611467361450195,2.6597208976745605,,otros,
131.983,-19.212228775024414,1.058617115020752,2.6533758640289307,,otros,
132.027,-19.162696838378906,1.0560874938964844,2.647030830383301,,otros,
132.047,-19.162696838378906,1.0560874938964844,2.647030830383301,,otros,
132.08,-19.162696838378906,1.0560874938964844,2.647030830383301,,otros,
132.126,-19.162696838378906,1.0560874938964844,2.647030830383301,,otros,
132.144,-19.162696838378906,1.0560874938964844,2.647030830383301,,otros,
132.178,-19.162696838378906,1.0560874938964844,2.647030830383301,,otros,
132.222,-19.162696838378906,1.0560874938964844,2.647030830383301,,otros,
132.243,-19.162696838378906,1.0560874938964844,2.647030830383301,,otros,
132.276,-19.162696838378906,1.0560874938964844,2.647030830383301,,otros,
132.32,-19.162696838378906,1.0560874938964844,2.647030830383301,,otros,
132.339,-19.162696838378906,1.0560874938964844,2.647030830383301,,otros,
132.373,-19.162696838378906,1.0560874938964844,2.647030830383301,,otros,
132.419,-19.162696838378906,1.0560874938964844,2.647030830383301,,otros,
132.44,-19.169050216674805,1.0560874938964844,2.5974361896514893,,otros,
132.47,-19.175403594970703,1.0560874938964844,2.5478415489196777,,otros,
132.518,-19.1817569732666,1.0560874938964844,2.498246908187866,,otros,
132.536,-19.1881103515625,1.0560874938964844,2.4486522674560547,,otros,
132.569,-19.1944637298584,1.0560874938964844,2.399057626724243,,otros,
132.613,-19.200817108154297,1.0560874938964844,2.3494629859924316,,otros,
132.634,-19.207170486450195,1.0560874938964844,2.29986834526062,,otros,
132.667,-19.213523864746094,1.0560874938964844,2.2502737045288086,,otros,
132.712,-19.219877243041992,1.0560874938964844,2.200679063796997,,otros,
132.731,-19.22623062133789,1.0560874938964844,2.1510844230651855,,otros,
132.764,-19.23258399963379,1.0560874938964844,2.101489782333374,,otros,
132.809,-19.238937377929688,1.0560874938964844,2.0518951416015625,,otros,
132.83,-19.245290756225586,1.0560874938964844,2.002300500869751,,otros,
132.862,-19.251644134521484,1.0560874938964844,1.95270574092865,,otros,
132.907,-19.257997512817383,1.0560874938964844,1.9031109809875488,,otros,
132.927,-19.26435089111328,1.0560874938964844,1.8535162210464478,,otros,
132.96,-19.27070426940918,1.0560874938964844,1.8039214611053467,,otros,
133.004,-19.277057647705078,1.0560874938964844,1.7543267011642456,,otros,
133.024,-19.283411026000977,1.0560874938964844,1.7047319412231445,,otros,
133.056,-19.289764404296875,1.0560874938964844,1.6551371812820435,,otros,
133.102,-19.296117782592773,1.0560874938964844,1.6055424213409424,,otros,
133.123,-19.302471160888672,1.0560874938964844,1.5559476613998413,,otros,
133.155,-19.30882453918457,1.0560874938964844,1.5063529014587402,,otros,
133.2,-19.31517791748047,1.0560874938964844,1.4567581415176392,,otros,
133.22,-19.321531295776367,1.0560874938964844,1.407163381576538,,otros,
133.252,-19.327884674072266,1.0560874938964844,1.357568621635437,,otros,
133.299,-19.334238052368164,1.0560874938964844,1.307973861694336,,otros,
133.316,-19.291059494018555,1.0535578727722168,1.2520339488983154,,otros,
133.348,-19.247880935668945,1.0510282516479492,1.196094036102295,,otros,
133.394,-19.204702377319336,1.0484986305236816,1.1401541233062744,,otros,
133.413,-19.161523818969727,1.045969009399414,1.084214210510254,,otros,
133.445,-19.118345260620117,1.0434393882751465,1.0282742977142334,,otros,
133.495,-19.075166702270508,1.040909767150879,0.9723344445228577,,otros,
133.513,-19.0319881439209,1.0383801460266113,0.9163946509361267,,otros,
133.545,-18.98880958557129,1.0358505249023438,0.8604548573493958,,otros,
133.592,-18.93927764892578,1.0333209037780762,0.8541097640991211,,otros,
133.609,-18.889745712280273,1.0307912826538086,0.8477646708488464,,otros,
133.641,-18.840213775634766,1.028261661529541,0.8414195775985718,,otros,
133.688,-18.790681838989258,1.0257320404052734,0.8350744843482971,,otros,
133.707,-18.790681838989258,1.0257320404052734,0.8350744843482971,,otros,
133.74,-18.790681838989258,1.0257320404052734,0.8350744843482971,,otros,
133.786,-18.790681838989258,1.0257320404052734,0.8350744843482971,,otros,
133.804,-18.790681838989258,1.0257320404052734,0.8350744843482971,,otros,
133.839,-18.790681838989258,1.0257320404052734,0.8350744843482971,,otros,
133.884,-18.790681838989258,1.0257320404052734,0.8350744843482971,,otros,
133.903,-18.790681838989258,1.0257320404052734,0.8350744843482971,,otros,
133.935,-18.790681838989258,1.0257320404052734,0.8350744843482971,,otros,
133.981,-18.790681838989258,1.0257320404052734,0.8350744843482971,,otros,
134.001,-18.790681838989258,1.0257320404052734,0.8350744843482971,,otros,
134.034,-18.790681838989258,1.0257320404052734,0.8350744843482971,,otros,
134.083,-18.790681838989258,1.0257320404052734,0.8350744843482971,,otros,
134.1,-18.790681838989258,1.0257320404052734,0.8350744843482971,,otros,
134.132,-18.790681838989258,1.0257320404052734,0.8350744843482971,,otros,
134.178,-18.790681838989258,1.0257320404052734,0.8350744843482971,,otros,
134.196,-18.790681838989258,1.0257320404052734,0.8350744843482971,,otros,
134.229,-18.790681838989258,1.0257320404052734,0.8350744843482971,,otros,
134.274,-18.790681838989258,1.0257320404052734,0.8350744843482971,,otros,
134.293,-18.790681838989258,1.0257320404052734,0.8350744843482971,,otros,
134.325,-18.790681838989258,1.0257320404052734,0.8350744843482971,,otros,
134.372,-18.790681838989258,1.0257320404052734,0.8350744843482971,,otros,
134.391,-18.790681838989258,1.0257320404052734,0.8350744843482971,,otros,
134.425,-18.790681838989258,1.0257320404052734,0.8350744843482971,,otros,
134.469,-18.790681838989258,1.0257320404052734,0.8350744843482971,,otros,
134.489,-18.790681838989258,1.0257320404052734,0.8350744843482971,,otros,
134.524,-18.790681838989258,1.0257320404052734,0.8350744843482971,,otros,
134.569,-18.790681838989258,1.0257320404052734,0.8350744843482971,,otros,
134.587,-18.790681838989258,1.0257320404052734,0.8350744843482971,,otros,
134.619,-18.790681838989258,1.0257320404052734,0.8350744843482971,,otros,
134.667,-18.790681838989258,1.0257320404052734,0.8350744843482971,,otros,
134.685,-18.790681838989258,1.0257320404052734,0.8350744843482971,,otros,
134.718,-18.790681838989258,1.0257320404052734,0.8350744843482971,,otros,
134.764,-18.790681838989258,1.0257320404052734,0.8350744843482971,,otros,
134.784,-18.790681838989258,1.0257320404052734,0.8350744843482971,,otros,
134.817,-18.790681838989258,1.0257320404052734,0.8350744843482971,,otros,
134.863,-18.790681838989258,1.0257320404052734,0.8350744843482971,,otros,
134.882,-18.790681838989258,1.0257320404052734,0.8350744843482971,,otros,
134.915,-18.790681838989258,1.0257320404052734,0.8350744843482971,,otros,
134.961,-18.790681838989258,1.0257320404052734,0.8350744843482971,,otros,
134.98,-18.790681838989258,1.0257320404052734,0.8350744843482971,,otros,
135.011,-18.790681838989258,1.0257320404052734,0.8350744843482971,,otros,
135.059,-18.790681838989258,1.0257320404052734,0.8350744843482971,,otros,
135.076,-18.790681838989258,1.0257320404052734,0.8350744843482971,,otros,
135.109,-18.790681838989258,1.0257320404052734,0.8350744843482971,,otros,
135.155,-18.74114990234375,1.0232024192810059,0.8287293910980225,,otros,
135.173,-18.691617965698242,1.0206727981567383,0.8223842978477478,,otros,
135.206,-18.642086029052734,1.0181431770324707,0.8160392045974731,,otros,
135.252,-18.592554092407227,1.0156135559082031,0.8096941113471985,,otros,
135.271,-18.54302215576172,1.0130839347839355,0.8033490180969238,,otros,
135.304,-18.54302215576172,1.0130839347839355,0.8033490180969238,,otros,
135.349,-18.54302215576172,1.0130839347839355,0.8033490180969238,,otros,
135.369,-18.54302215576172,1.0130839347839355,0.8033490180969238,,otros,
135.401,-18.54302215576172,1.0130839347839355,0.8033490180969238,,otros,
135.447,-18.54302215576172,1.0130839347839355,0.8033490180969238,,otros,
135.47,-18.54302215576172,1.0130839347839355,0.8033490180969238,,otros,
135.503,-18.54302215576172,1.0130839347839355,0.8033490180969238,,otros,
135.547,-18.54302215576172,1.0130839347839355,0.8033490180969238,,otros,
135.569,-18.54302215576172,1.0130839347839355,0.8033490180969238,,otros,
135.6,-18.54302215576172,1.0130839347839355,0.8033490180969238,,otros,
135.644,-18.54302215576172,1.0130839347839355,0.8033490180969238,,otros,
135.665,-18.54302215576172,1.0130839347839355,0.8033490180969238,,otros,
135.699,-18.592554092407227,1.0156135559082031,0.8096941113471985,,otros,
135.743,-18.642086029052734,1.0181431770324707,0.8160392045974731,,otros,
135.763,-18.691617965698242,1.0206727981567383,0.8223842978477478,,otros,
135.796,-18.74114990234375,1.0232024192810059,0.8287293910980225,,otros,
135.842,-18.790681838989258,1.0257320404052734,0.8350744843482971,,otros,
135.861,-18.840213775634766,1.028261661529541,0.8414195775985718,,otros,
135.894,-18.889745712280273,1.0307912826538086,0.8477646708488464,,otros,
135.938,-18.93927764892578,1.0333209037780762,0.8541097640991211,,otros,
135.959,-18.98880958557129,1.0358505249023438,0.8604548573493958,,otros,
135.991,-19.038341522216797,1.0383801460266113,0.8667999505996704,,otros,
136.036,-19.087873458862305,1.040909767150879,0.8731450438499451,,otros,
136.057,-19.087873458862305,1.040909767150879,0.8731450438499451,,otros,
136.089,-19.087873458862305,1.040909767150879,0.8731450438499451,,otros,
136.134,-19.087873458862305,1.040909767150879,0.8731450438499451,,otros,
136.154,-19.087873458862305,1.040909767150879,0.8731450438499451,,otros,
136.187,-19.087873458862305,1.040909767150879,0.8731450438499451,,otros,
136.232,-19.087873458862305,1.040909767150879,0.8731450438499451,,otros,
136.254,-19.085363388061523,1.0908457040786743,0.8728235960006714,,otros,
136.286,-19.082853317260742,1.1407816410064697,0.8725021481513977,,otros,
136.331,-19.08034324645996,1.1907175779342651,0.872180700302124,,otros,
136.351,-19.07783317565918,1.2406535148620605,0.8718592524528503,,otros,
136.384,-19.0753231048584,1.290589451789856,0.8715378046035767,,otros,
136.429,-19.072813034057617,1.3405253887176514,0.871216356754303,,otros,
136.449,-19.070302963256836,1.3904613256454468,0.8708949089050293,,otros,
136.481,-19.067792892456055,1.4403972625732422,0.8705734610557556,,otros,
136.526,-19.065282821655273,1.4903331995010376,0.8702520132064819,,otros,
136.546,-19.062772750854492,1.540269136428833,0.8699305653572083,,otros,
136.579,-19.06026268005371,1.5902050733566284,0.8696091175079346,,otros,
136.624,-19.05775260925293,1.6401410102844238,0.8692876696586609,,otros,
136.644,-19.05524253845215,1.6900769472122192,0.8689662218093872,,otros,
136.677,-19.052732467651367,1.7400128841400146,0.8686447739601135,,otros,
136.726,-19.050222396850586,1.78994882106781,0.8683233261108398,,otros,
136.746,-19.047712326049805,1.8398847579956055,0.8680018782615662,,otros,
136.782,-19.045202255249023,1.8898206949234009,0.8676804304122925,,otros,
136.828,-19.042692184448242,1.9397566318511963,0.8673589825630188,,otros,
136.848,-19.04018211364746,1.9896925687789917,0.8670375347137451,,otros,
136.88,-19.03767204284668,2.039628505706787,0.8667160868644714,,otros,
136.928,-19.0351619720459,2.089564561843872,0.8663946390151978,,otros,
136.947,-19.032651901245117,2.139500617980957,0.8660731911659241,,otros,
136.981,-19.030141830444336,2.189436674118042,0.8657517433166504,,otros,
137.025,-19.027631759643555,2.239372730255127,0.8654302954673767,,otros,
137.046,-19.025121688842773,2.289308786392212,0.865108847618103,,otros,
137.079,-19.022611618041992,2.339244842529297,0.8647873997688293,,otros,
137.126,-19.02010154724121,2.389180898666382,0.8644659519195557,,otros,
137.147,-19.01759147644043,2.439116954803467,0.864144504070282,,otros,
137.179,-19.01508140563965,2.4890530109405518,0.8638230562210083,,otros,
137.225,-19.012571334838867,2.5389890670776367,0.8635016083717346,,otros,
137.244,-19.010061264038086,2.5889251232147217,0.8631801605224609,,otros,
137.277,-19.007551193237305,2.6388611793518066,0.8628587126731873,,otros,
137.322,-19.005041122436523,2.6887972354888916,0.8625372648239136,,otros,
137.343,-19.002531051635742,2.7387332916259766,0.8622158169746399,,otros,
137.375,-19.00002098083496,2.7886693477630615,0.8618943691253662,,otros,
137.419,-18.99751091003418,2.8386054039001465,0.8615729212760925,,otros,
137.439,-18.9950008392334,2.8885414600372314,0.8612514734268188,,otros,
137.472,-18.992490768432617,2.9384775161743164,0.8609300255775452,,otros,
137.518,-18.989980697631836,2.9884135723114014,0.8606085777282715,,otros,
137.538,-18.987470626831055,3.0383496284484863,0.8602871298789978,,otros,
137.577,-18.984960556030273,3.0882856845855713,0.8599656820297241,,otros,
137.622,-18.982450485229492,3.1382217407226562,0.8596442341804504,,otros,
137.643,-18.97994041442871,3.188157796859741,0.8593227863311768,,otros,
137.675,-18.97743034362793,3.238093852996826,0.8590013384819031,,otros,
137.72,-18.97492027282715,3.288029909133911,0.8586798906326294,,otros,
137.74,-18.972410202026367,3.337965965270996,0.8583584427833557,,otros,
137.772,-18.969900131225586,3.387902021408081,0.858036994934082,,otros,
137.817,-18.967390060424805,3.437838077545166,0.8577155470848083,,otros,
137.837,-18.967390060424805,3.437838077545166,0.8577155470848083,,otros,
137.87,-18.967390060424805,3.437838077545166,0.8577155470848083,,otros,
137.915,-18.967390060424805,3.437838077545166,0.8577155470848083,,otros,
137.934,-18.967390060424805,3.437838077545166,0.8577155470848083,,otros,
137.967,-18.967390060424805,3.437838077545166,0.8577155470848083,,otros,
138.011,-18.967390060424805,3.437838077545166,0.8577155470848083,,otros,
138.031,-18.967390060424805,3.437838077545166,0.8577155470848083,,otros,
138.065,-18.917858123779297,3.4353084564208984,0.8513704538345337,,otros,
138.111,-18.86832618713379,3.432778835296631,0.845025360584259,,otros,
138.129,-18.81879425048828,3.4302492141723633,0.8386802673339844,,otros,
138.163,-18.769262313842773,3.4277195930480957,0.8323351740837097,,otros,
138.208,-18.719730377197266,3.425189971923828,0.8259900808334351,,otros,
138.227,-18.670198440551758,3.4226603507995605,0.8196449875831604,,otros,
138.26,-18.670198440551758,3.4226603507995605,0.8196449875831604,,otros,
138.305,-18.670198440551758,3.4226603507995605,0.8196449875831604,,otros,
138.325,-18.670198440551758,3.4226603507995605,0.8196449875831604,,otros,
138.357,-18.670198440551758,3.4226603507995605,0.8196449875831604,,otros,
138.405,-18.670198440551758,3.4226603507995605,0.8196449875831604,,otros,
138.425,-18.670198440551758,3.4226603507995605,0.8196449875831604,,otros,
138.457,-18.670198440551758,3.4226603507995605,0.8196449875831604,,otros,
138.502,-18.670198440551758,3.4226603507995605,0.8196449875831604,,otros,
138.522,-18.670198440551758,3.4226603507995605,0.8196449875831604,,otros,
138.555,-18.62066650390625,3.420130729675293,0.8132998943328857,,otros,
138.601,-18.571134567260742,3.4176011085510254,0.8069548010826111,,otros,
138.619,-18.521602630615234,3.415071487426758,0.8006097078323364,,otros,
138.652,-18.472070693969727,3.4125418663024902,0.7942646145820618,,otros,
138.699,-18.472070693969727,3.4125418663024902,0.7942646145820618,sponge,otros,4
138.719,-18.472070693969727,3.4125418663024902,0.7942646145820618,sponge,otros,4
138.75,-18.472070693969727,3.4125418663024902,0.7942646145820618,sponge,otros,4
138.796,-18.472070693969727,3.4125418663024902,0.7942646145820618,sponge,otros,4
138.817,-18.472070693969727,3.4125418663024902,0.7942646145820618,sponge,otros,4
138.85,-18.472070693969727,3.4125418663024902,0.7942646145820618,sponge,otros,4
138.896,-18.472070693969727,3.4125418663024902,0.7942646145820618,sponge,otros,4
138.914,-18.472070693969727,3.4125418663024902,0.7942646145820618,sponge,otros,4
138.948,-18.472070693969727,3.4125418663024902,0.7942646145820618,sponge,otros,4
138.994,-18.472070693969727,3.4125418663024902,0.7942646145820618,sponge,otros,4
139.013,-18.472070693969727,3.4125418663024902,0.7942646145820618,sponge,otros,4
139.046,-18.472070693969727,3.4125418663024902,0.7942646145820618,sponge,otros,4
139.091,-18.472070693969727,3.4125418663024902,0.7942646145820618,sponge,otros,4
139.111,-18.472070693969727,3.4125418663024902,0.7942646145820618,sponge,otros,4
139.143,-18.472070693969727,3.4125418663024902,0.7942646145820618,sponge,otros,4
139.191,-18.472070693969727,3.4125418663024902,0.7942646145820618,sponge,otros,4
139.207,-18.472070693969727,3.4125418663024902,0.7942646145820618,sponge,otros,4
139.241,-18.472070693969727,3.4125418663024902,0.7942646145820618,sponge,otros,4
139.288,-18.472070693969727,3.4125418663024902,0.7942646145820618,sponge,otros,4
139.305,-18.472070693969727,3.4125418663024902,0.7942646145820618,sponge,otros,4
139.355,-18.472070693969727,3.4125418663024902,0.7942646145820618,sponge,otros,4
139.402,-18.472070693969727,3.4125418663024902,0.7942646145820618,sponge,otros,4
139.42,-18.472070693969727,3.4125418663024902,0.7942646145820618,sponge,otros,4
139.454,-18.472070693969727,3.4125418663024902,0.7942646145820618,sponge,otros,4
139.5,-18.472070693969727,3.4125418663024902,0.7942646145820618,,otros,
139.518,-18.472070693969727,3.4125418663024902,0.7942646145820618,,otros,
139.552,-18.472070693969727,3.4125418663024902,0.7942646145820618,,otros,
139.599,-18.465717315673828,3.4125418663024902,0.8438593149185181,,otros,
139.616,-18.45936393737793,3.4125418663024902,0.8934540152549744,,otros,
139.65,-18.45301055908203,3.4125418663024902,0.9430487155914307,,otros,
139.696,-18.446657180786133,3.4125418663024902,0.992643415927887,,otros,
139.716,-18.440303802490234,3.4125418663024902,1.0422381162643433,,otros,
139.748,-18.433950424194336,3.4125418663024902,1.0918328762054443,,otros,
139.795,-18.427597045898438,3.4125418663024902,1.1414276361465454,,otros,
139.813,-18.42124366760254,3.4125418663024902,1.1910223960876465,,otros,
139.847,-18.41489028930664,3.4125418663024902,1.2406171560287476,,otros,
139.892,-18.408536911010742,3.4125418663024902,1.2902119159698486,,otros,
139.912,-18.402183532714844,3.4125418663024902,1.3398066759109497,,otros,
139.953,-18.395830154418945,3.4125418663024902,1.3894014358520508,,otros,
139.997,-18.389476776123047,3.4125418663024902,1.4389961957931519,,otros,
140.018,-18.38312339782715,3.4125418663024902,1.488590955734253,,otros,
140.05,-18.37677001953125,3.4125418663024902,1.538185715675354,,otros,
140.095,-18.37041664123535,3.4125418663024902,1.587780475616455,,otros,
140.116,-18.364063262939453,3.4125418663024902,1.6373752355575562,,otros,
140.148,-18.357709884643555,3.4125418663024902,1.6869699954986572,,otros,
140.193,-18.351356506347656,3.4125418663024902,1.7365647554397583,,otros,
140.213,-18.345003128051758,3.4125418663024902,1.7861595153808594,,otros,
140.246,-18.33864974975586,3.4125418663024902,1.8357542753219604,,otros,
140.291,-18.33229637145996,3.4125418663024902,1.8853490352630615,,otros,
140.31,-18.33229637145996,3.4125418663024902,1.8853490352630615,,otros,
140.343,-18.33229637145996,3.4125418663024902,1.8853490352630615,,otros,
140.387,-18.33229637145996,3.4125418663024902,1.8853490352630615,,otros,
140.408,-18.282764434814453,3.4100122451782227,1.879003882408142,,otros,
140.441,-18.233232498168945,3.407482624053955,1.8726587295532227,,otros,
140.485,-18.183700561523438,3.4049530029296875,1.8663135766983032,,otros,
140.506,-18.13416862487793,3.40242338180542,1.8599684238433838,,otros,
140.539,-18.084636688232422,3.3998937606811523,1.8536232709884644,,otros,
140.584,-18.035104751586914,3.3973641395568848,1.847278118133545,,otros,
140.605,-17.985572814941406,3.394834518432617,1.8409329652786255,,otros,
140.636,-17.9360408782959,3.3923048973083496,1.834587812423706,,otros,
140.681,-17.88650894165039,3.389775276184082,1.8282426595687866,,otros,
140.703,-17.836977005004883,3.3872456550598145,1.8218975067138672,,otros,
140.736,-17.787445068359375,3.384716033935547,1.8155523538589478,,otros,
140.78,-17.737913131713867,3.3821864128112793,1.8092072010040283,,otros,
140.801,-17.68838119506836,3.3796567916870117,1.8028620481491089,,otros,
140.833,-17.63884925842285,3.377127170562744,1.7965168952941895,,otros,
140.878,-17.589317321777344,3.3745975494384766,1.79017174243927,,otros,
140.898,-17.539785385131836,3.372067928314209,1.7838265895843506,,otros,
140.929,-17.490253448486328,3.3695383071899414,1.7774814367294312,,otros,
140.976,-17.44072151184082,3.367008686065674,1.7711362838745117,,otros,
140.995,-17.391189575195312,3.3644790649414062,1.7647911310195923,,otros,
141.027,-17.341657638549805,3.3619494438171387,1.7584459781646729,,otros,
141.072,-17.292125701904297,3.359419822692871,1.7521008253097534,,otros,
141.094,-17.23624038696289,3.3568902015686035,1.795350432395935,,otros,
141.125,-17.180355072021484,3.354360580444336,1.8386000394821167,,otros,
141.171,-17.124469757080078,3.3518309593200684,1.8818496465682983,,otros,
141.19,-17.068584442138672,3.349301338195801,1.92509925365448,,otros,
141.223,-17.012699127197266,3.346771717071533,1.9683488607406616,,otros,
141.272,-16.95681381225586,3.3442420959472656,2.0115983486175537,,otros,
141.289,-16.900928497314453,3.341712474822998,2.0548479557037354,,otros,
141.322,-16.851396560668945,3.3391828536987305,2.0485029220581055,,otros,
141.367,-16.801864624023438,3.336653232574463,2.0421578884124756,,otros,
141.387,-16.75233268737793,3.3341236114501953,2.0358128547668457,,otros,
141.419,-16.702800750732422,3.3315939903259277,2.029467821121216,,otros,
141.463,-16.653268814086914,3.32906436920166,2.023122787475586,,otros,
141.484,-16.603736877441406,3.3265347480773926,2.016777753829956,,otros,
141.516,-16.5542049407959,3.324005126953125,2.010432720184326,,otros,
141.561,-16.50467300415039,3.3214755058288574,2.0040876865386963,,otros,
141.583,-16.455141067504883,3.31894588470459,1.9977425336837769,,otros,
141.615,-16.405609130859375,3.3164162635803223,1.9913973808288574,,otros,
141.659,-16.356077194213867,3.3138866424560547,1.985052227973938,,otros,
141.68,-16.30654525756836,3.311357021331787,1.9787070751190186,,otros,
141.714,-16.25701332092285,3.3088274002075195,1.9723619222640991,,otros,
141.757,-16.207481384277344,3.306297779083252,1.9660167694091797,,otros,
141.78,-16.157949447631836,3.3037681579589844,1.9596716165542603,,otros,
141.812,-16.108417510986328,3.301238536834717,1.9533264636993408,,otros,
141.856,-16.05888557434082,3.298708915710449,1.9469813108444214,,otros,
141.877,-16.009353637695312,3.2961792945861816,1.940636157989502,,otros,
141.91,-15.959822654724121,3.293649673461914,1.9342910051345825,,otros,
141.955,-15.91029167175293,3.2911200523376465,1.927945852279663,,otros,
141.975,-15.860760688781738,3.288590431213379,1.9216006994247437,,otros,
142.008,-15.811298370361328,3.2860608100891113,1.9147372245788574,,otros,
142.053,-15.761937141418457,3.2835311889648438,1.9071838855743408,,otros,
142.072,-15.71264362335205,3.281001567840576,1.8992000818252563,,otros,
142.106,-15.663392066955566,3.2784719467163086,1.890958309173584,,otros,
142.15,-15.6141996383667,3.275942325592041,1.8823728561401367,,otros,
142.17,-15.565037727355957,3.2734127044677734,1.8736157417297363,,otros,
142.202,-15.515875816345215,3.270883083343506,1.864858627319336,,otros,
142.247,-15.466744422912598,3.2683534622192383,1.855929970741272,,otros,
142.267,-15.41761302947998,3.2658238410949707,1.847001314163208,,otros,
142.3,-15.368481636047363,3.263294219970703,1.838072657585144,,otros,
142.351,-15.319173812866211,3.2607645988464355,1.8301749229431152,,otros,
142.37,-15.26974868774414,3.258234977722168,1.8230526447296143,,otros,
142.404,-15.22022819519043,3.2557053565979004,1.8166210651397705,,otros,
142.449,-15.170647621154785,3.2530884742736816,1.810708999633789,,otros,
142.469,-15.121007919311523,3.250471591949463,1.80531644821167,,otros,
142.501,-15.071319580078125,3.247767686843872,1.800444483757019,,otros,
142.545,-15.021574974060059,3.2450637817382812,1.7961798906326294,,otros,
142.566,-14.971769332885742,3.2423598766326904,1.7926971912384033,,otros,
142.598,-14.921903610229492,3.2394816875457764,1.7904328107833862,,otros,
142.644,-14.872030258178711,3.2366034984588623,1.7883424758911133,,otros,
142.664,-14.822153091430664,3.2337253093719482,1.7863391637802124,,otros,
142.696,-14.772275924682617,3.230847120285034,1.7843358516693115,,otros,
142.741,-14.722414016723633,3.22796893119812,1.7819844484329224,,otros,
142.761,-14.672574996948242,3.225090742111206,1.7791980504989624,,otros,
142.794,-14.622745513916016,3.222212553024292,1.7762376070022583,,otros,
142.839,-14.572937965393066,3.219334363937378,1.7729294300079346,,otros,
142.859,-14.523130416870117,3.216456174850464,1.7696212530136108,,otros,
142.891,-14.473322868347168,3.21357798576355,1.766313076019287,,otros,
142.936,-14.423515319824219,3.2106997966766357,1.7630048990249634,,otros,
142.956,-14.37370777130127,3.2078216075897217,1.7596967220306396,,otros,
142.988,-14.32390022277832,3.2049434185028076,1.756388545036316,,otros,
143.033,-14.274092674255371,3.2020652294158936,1.7530803680419922,,otros,
143.057,-14.224285125732422,3.1991870403289795,1.7497721910476685,,otros,
143.09,-14.174483299255371,3.1963088512420654,1.7463771104812622,,otros,
143.135,-14.124688148498535,3.1934306621551514,1.7428951263427734,,otros,
143.155,-14.0748929977417,3.1905524730682373,1.7394131422042847,,otros,
143.188,-14.025097846984863,3.1876742839813232,1.735931158065796,,otros,
143.232,-13.975302696228027,3.184796094894409,1.7324491739273071,,otros,
143.253,-13.925507545471191,3.181917905807495,1.7289671897888184,,otros,
143.285,-13.875712394714355,3.179039716720581,1.7254852056503296,,otros,
143.34,-13.82591724395752,3.176161527633667,1.7220032215118408,,otros,
143.358,-13.776122093200684,3.173283338546753,1.718521237373352,,otros,
143.391,-13.726326942443848,3.170405149459839,1.7150392532348633,,otros,
143.438,-13.726326942443848,3.170405149459839,1.7150392532348633,,otros,
143.456,-13.726326942443848,3.170405149459839,1.7150392532348633,,otros,
143.488,-13.726326942443848,3.170405149459839,1.7150392532348633,,otros,
143.536,-13.726326942443848,3.170405149459839,1.7150392532348633,,otros,
143.554,-13.726326942443848,3.170405149459839,1.7150392532348633,,otros,
143.586,-13.726326942443848,3.170405149459839,1.7150392532348633,,otros,
143.632,-13.726326942443848,3.170405149459839,1.7150392532348633,,otros,
143.651,-13.726326942443848,3.170405149459839,1.7150392532348633,,otros,
143.684,-13.726326942443848,3.170405149459839,1.7150392532348633,,otros,
143.729,-13.726326942443848,3.170405149459839,1.7150392532348633,,otros,
143.748,-13.726326942443848,3.170405149459839,1.7150392532348633,,otros,
143.781,-13.726326942443848,3.170405149459839,1.7150392532348633,,otros,
143.827,-13.726326942443848,3.170405149459839,1.7150392532348633,,otros,
143.846,-13.726326942443848,3.170405149459839,1.7150392532348633,,otros,
143.878,-13.726326942443848,3.170405149459839,1.7150392532348633,,otros,
143.925,-13.726326942443848,3.170405149459839,1.7150392532348633,,otros,
143.944,-13.726326942443848,3.170405149459839,1.7150392532348633,,otros,
143.978,-13.726326942443848,0.009999999776482582,1.7150392532348633,,otros,
144.025,-13.726326942443848,0.009999999776482582,1.7150392532348633,,otros,
144.042,-13.726326942443848,0.009999999776482582,1.7150392532348633,,otros,
144.074,-13.726326942443848,0.009999999776482582,1.7150392532348633,,otros,
144.12,-13.726326942443848,0.009999999776482582,1.7150392532348633,,otros,
144.139,-13.726326942443848,0.009999999776482582,1.7150392532348633,,otros,
144.171,-13.726326942443848,0.009999999776482582,1.7150392532348633,,otros,
144.218,-13.726326942443848,0.009999999776482582,1.7150392532348633,,otros,
144.236,-13.726326942443848,0.009999999776482582,1.7150392532348633,,otros,
144.269,-13.726326942443848,0.009999999776482582,1.7150392532348633,,otros,
144.322,-13.726326942443848,0.009999999776482582,1.7150392532348633,,otros,
144.336,-13.726326942443848,0.009999999776482582,1.7150392532348633,,otros,
144.369,-13.726326942443848,0.009999999776482582,1.7150392532348633,,otros,
144.419,-13.726326942443848,0.009999999776482582,1.7150392532348633,,otros,
144.436,-13.726326942443848,0.009999999776482582,1.7150392532348633,,otros,
144.469,-13.726326942443848,0.009999999776482582,1.7150392532348633,,otros,
144.517,-13.726326942443848,0.009999999776482582,1.7150392532348633,,otros,
144.535,-13.726326942443848,0.009999999776482582,1.7150392532348633,,otros,
144.568,-13.726326942443848,0.009999999776482582,1.7150392532348633,,otros,
144.614,-13.726326942443848,0.009999999776482582,1.7150392532348633,,otros,
144.634,-13.726326942443848,0.009999999776482582,1.7150392532348633,,otros,
144.667,-13.64652156829834,0.009999999776482582,1.7094587087631226,,otros,
144.713,-13.566716194152832,0.009999999776482582,1.7038781642913818,,otros,
144.731,-13.486910820007324,0.009999999776482582,1.6982976198196411,,otros,
144.764,-13.407105445861816,0.009999999776482582,1.6927170753479004,,otros,
144.812,-13.327300071716309,0.009999999776482582,1.6871365308761597,,otros,
144.829,-13.2474946975708,0.009999999776482582,1.681555986404419,,otros,
144.862,-13.167689323425293,0.009999999776482582,1.6759754419326782,,otros,
144.908,-13.087883949279785,0.009999999776482582,1.6703948974609375,,otros,
144.927,-13.008078575134277,0.009999999776482582,1.6648143529891968,,otros,
144.959,-12.92827320098877,0.009999999776482582,1.659233808517456,,otros,
145.007,-12.848467826843262,0.009999999776482582,1.6536532640457153,,otros,
145.025,-12.768662452697754,0.009999999776482582,1.6480727195739746,,otros,
145.057,-12.688857078552246,0.009999999776482582,1.6424921751022339,,otros,
145.104,-12.609051704406738,0.009999999776482582,1.6369116306304932,,otros,
145.122,-12.52924633026123,0.009999999776482582,1.6313310861587524,,otros,
145.155,-12.449440956115723,0.009999999776482582,1.6257505416870117,,otros,
145.201,-12.369635581970215,0.009999999776482582,1.620169997215271,,otros,
145.219,-12.289830207824707,0.009999999776482582,1.6145894527435303,,otros,
145.253,-12.2100248336792,0.009999999776482582,1.6090089082717896,,otros,
145.303,-12.130219459533691,0.009999999776482582,1.6034283638000488,,otros,
145.32,-12.050414085388184,0.009999999776482582,1.597847819328308,,otros,
145.352,-11.970608711242676,0.009999999776482582,1.5922672748565674,,otros,
145.403,-11.890803337097168,0.009999999776482582,1.5866867303848267,,otros,
145.418,-11.81099796295166,0.009999999776482582,1.581106185913086,,otros,
145.449,-11.731192588806152,0.009999999776482582,1.5755256414413452,,otros,
145.5,-11.651387214660645,0.009999999776482582,1.5699450969696045,,otros,
145.517,-11.571581840515137,0.009999999776482582,1.5643645524978638,,otros,
145.548,-11.491776466369629,0.009999999776482582,1.558784008026123,,otros,
145.596,-11.411971092224121,0.009999999776482582,1.5532034635543823,,otros,
145.612,-11.332165718078613,0.009999999776482582,1.5476229190826416,,otros,
145.644,-11.252360343933105,0.009999999776482582,1.5420423746109009,,otros,
145.693,-11.172554969787598,0.009999999776482582,1.5364618301391602,,otros,
145.709,-11.09274959564209,0.009999999776482582,1.5308812856674194,,otros,
145.742,-11.012944221496582,0.009999999776482582,1.5253007411956787,,otros,
145.792,-10.933138847351074,0.009999999776482582,1.519720196723938,,otros,
145.809,-10.853333473205566,0.009999999776482582,1.5141396522521973,,otros,
145.841,-10.773528099060059,0.009999999776482582,1.5085591077804565,,otros,
145.89,-10.69372272491455,0.009999999776482582,1.5029785633087158,,otros,
145.905,-10.613917350769043,0.009999999776482582,1.497398018836975,,otros,
145.938,-10.534111976623535,0.009999999776482582,1.4918174743652344,,otros,
145.984,-10.454306602478027,0.009999999776482582,1.4862369298934937,,otros,
146.002,-10.37450122833252,0.009999999776482582,1.480656385421753,,otros,
146.035,-10.294695854187012,0.009999999776482582,1.4750758409500122,,otros,
146.088,-10.214862823486328,0.009999999776482582,1.4699132442474365,,otros,
146.103,-10.13492202758789,0.009999999776482582,1.4668421745300293,,otros,
146.134,-10.054927825927734,0.009999999776482582,1.4658647775650024,,otros,
146.185,-9.974930763244629,0.009999999776482582,1.465166687965393,,otros,
146.203,-9.894930839538574,0.009999999776482582,1.4648873805999756,,otros,
146.235,-9.81493091583252,0.009999999776482582,1.464608073234558,,otros,
146.283,-9.734930992126465,0.009999999776482582,1.4643287658691406,,otros,
146.301,-9.65493106842041,0.009999999776482582,1.4640494585037231,,otros,
146.335,-9.574931144714355,0.009999999776482582,1.4637701511383057,,otros,
146.384,-9.4949312210083,0.009999999776482582,1.4634908437728882,,otros,
146.401,-9.414931297302246,0.009999999776482582,1.4632115364074707,,otros,
146.435,-9.414931297302246,0.009999999776482582,1.4632115364074707,,otros,
146.485,-9.414931297302246,0.009999999776482582,1.4632115364074707,,otros,
146.5,-9.414931297302246,0.009999999776482582,1.4632115364074707,,otros,
146.534,-9.414931297302246,0.009999999776482582,1.4632115364074707,,otros,
146.581,-9.414931297302246,0.009999999776482582,1.4632115364074707,,otros,
146.6,-9.414931297302246,0.009999999776482582,1.4632115364074707,,otros,
146.632,-9.414931297302246,0.009999999776482582,1.4632115364074707,,otros,
146.679,-9.334931373596191,0.009999999776482582,1.4629322290420532,,otros,
146.695,-9.254931449890137,0.009999999776482582,1.4626529216766357,,otros,
146.728,-9.174931526184082,0.009999999776482582,1.4623736143112183,,otros,
146.776,-9.094931602478027,0.009999999776482582,1.4620943069458008,,otros,
146.794,-9.014931678771973,0.009999999776482582,1.4618149995803833,,otros,
146.826,-8.934931755065918,0.009999999776482582,1.4615356922149658,,otros,
146.872,-8.854931831359863,0.009999999776482582,1.4612563848495483,,otros,
146.891,-8.774931907653809,0.009999999776482582,1.4609770774841309,,otros,
146.924,-8.694931983947754,0.009999999776482582,1.4606977701187134,,otros,
146.971,-8.6149320602417,0.009999999776482582,1.460418462753296,,otros,
146.99,-8.534932136535645,0.009999999776482582,1.4601391553878784,,otros,
147.023,-8.45493221282959,0.009999999776482582,1.459859848022461,,otros,
147.072,-8.374932289123535,0.009999999776482582,1.4595805406570435,,otros,
147.088,-8.29493236541748,0.009999999776482582,1.459301233291626,,otros,
147.121,-8.214932441711426,0.009999999776482582,1.4590219259262085,,otros,
147.17,-8.134932518005371,0.009999999776482582,1.458742618560791,,otros,
147.185,-8.054932594299316,0.009999999776482582,1.4584633111953735,,otros,
147.217,-7.97493314743042,0.009999999776482582,1.458184003829956,,comida,
147.265,-7.894933700561523,0.009999999776482582,1.4579046964645386,,comida,
147.282,-7.814934253692627,0.009999999776482582,1.457625389099121,,comida,
147.317,-7.7349348068237305,0.009999999776482582,1.4573460817337036,,comida,
147.364,-7.654935359954834,0.009999999776482582,1.4570667743682861,,comida,
147.383,-7.5749359130859375,0.009999999776482582,1.4567874670028687,,comida,
147.414,-7.494936466217041,0.009999999776482582,1.4565081596374512,,comida,
147.461,-7.4149370193481445,0.009999999776482582,1.4562288522720337,,comida,
147.48,-7.334937572479248,0.009999999776482582,1.4559495449066162,,comida,
147.514,-7.254938125610352,0.009999999776482582,1.4556702375411987,,comida,
147.561,-7.174938678741455,0.009999999776482582,1.4553909301757812,,comida,
147.579,-7.094939231872559,0.009999999776482582,1.4551116228103638,,comida,
147.611,-7.014939785003662,0.009999999776482582,1.4548323154449463,,comida,
147.657,-6.934940338134766,0.009999999776482582,1.4545530080795288,,comida,
147.677,-6.854940891265869,0.009999999776482582,1.4542737007141113,,comida,
147.708,-6.774941444396973,0.009999999776482582,1.4539943933486938,,comida,
147.756,-6.694941997528076,0.009999999776482582,1.4537150859832764,,comida,
147.773,-6.61494255065918,0.009999999776482582,1.4534357786178589,,comida,
147.807,-6.534943103790283,0.009999999776482582,1.4531564712524414,,comida,
147.854,-6.454943656921387,0.009999999776482582,1.452877163887024,,comida,
147.872,-6.37494421005249,0.009999999776482582,1.4525978565216064,,comida,
147.905,-6.294944763183594,0.009999999776482582,1.452318549156189,,comida,
147.953,-6.294944763183594,0.009999999776482582,1.452318549156189,,comida,
147.97,-6.294944763183594,0.009999999776482582,1.452318549156189,,comida,
148.002,-6.294944763183594,0.009999999776482582,1.452318549156189,,comida,
148.054,-6.294944763183594,0.009999999776482582,1.452318549156189,,comida,
148.072,-6.294944763183594,0.009999999776482582,1.452318549156189,,comida,
148.108,-6.294944763183594,0.009999999776482582,1.452318549156189,,comida,
148.154,-6.294944763183594,0.009999999776482582,1.452318549156189,,comida,
148.173,-6.294944763183594,0.009999999776482582,1.452318549156189,,comida,
148.204,-6.294944763183594,0.009999999776482582,1.452318549156189,,comida,
148.251,-6.294944763183594,0.009999999776482582,1.452318549156189,,comida,
148.268,-6.294944763183594,0.009999999776482582,1.452318549156189,,comida,
148.302,-6.294944763183594,0.009999999776482582,1.452318549156189,,comida,
148.351,-6.294944763183594,0.009999999776482582,1.452318549156189,,comida,
148.366,-6.294944763183594,0.009999999776482582,1.452318549156189,,comida,
148.401,-6.294944763183594,0.009999999776482582,1.452318549156189,,comida,
148.448,-6.294944763183594,0.009999999776482582,1.452318549156189,,comida,
148.466,-6.294944763183594,0.009999999776482582,1.452318549156189,,comida,
148.5,-6.294944763183594,0.009999999776482582,1.452318549156189,,comida,
148.55,-6.294944763183594,0.009999999776482582,1.452318549156189,,comida,
148.567,-6.294944763183594,0.009999999776482582,1.452318549156189,,comida,
148.601,-6.294944763183594,0.009999999776482582,1.452318549156189,,comida,
148.65,-6.294944763183594,0.009999999776482582,1.452318549156189,,comida,
148.665,-6.294944763183594,0.009999999776482582,1.452318549156189,,comida,
148.698,-6.294944763183594,0.009999999776482582,1.452318549156189,,comida,
148.745,-6.294944763183594,0.009999999776482582,1.452318549156189,,comida,
148.763,-6.294944763183594,0.009999999776482582,1.452318549156189,,comida,
148.798,-6.294944763183594,0.009999999776482582,1.452318549156189,,comida,
148.845,-6.294944763183594,0.009999999776482582,1.452318549156189,,comida,
148.862,-6.250789642333984,0.009999999776482582,1.5190293788909912,,comida,
148.894,-6.206634521484375,0.009999999776482582,1.5857402086257935,,comida,
148.941,-6.162479400634766,0.009999999776482582,1.6524510383605957,,comida,
148.961,-6.118324279785156,0.009999999776482582,1.719161868095398,,comida,
148.991,-6.074169158935547,0.009999999776482582,1.7858726978302002,,comida,
149.04,-6.0300140380859375,0.009999999776482582,1.8525835275650024,,comida,
149.058,-5.985858917236328,0.009999999776482582,1.9192943572998047,,comida,
149.091,-5.941703796386719,0.009999999776482582,1.986005187034607,,comida,
149.136,-5.897548675537109,0.009999999776482582,2.052716016769409,,comida,
149.155,-5.8533935546875,0.009999999776482582,2.119426965713501,,comida,
149.187,-5.809238433837891,0.009999999776482582,2.1861379146575928,,comida,
149.236,-5.765083312988281,0.009999999776482582,2.2528488636016846,,comida,
149.254,-5.720928192138672,0.009999999776482582,2.3195598125457764,,comida,
149.287,-5.6767730712890625,0.009999999776482582,2.386270761489868,,comida,
149.334,-5.632617950439453,0.009999999776482582,2.45298171043396,,comida,
149.354,-5.588462829589844,0.009999999776482582,2.5196926593780518,,comida,
149.386,-5.544307708740234,0.009999999776482582,2.5864036083221436,,comida,
149.435,-5.500152587890625,0.009999999776482582,2.6531145572662354,cereals,comida,2
149.45,-5.500152587890625,0.009999999776482582,2.6531145572662354,cereals,comida,2
149.483,-5.500152587890625,0.009999999776482582,2.6531145572662354,cereals,comida,2
149.533,-5.500152587890625,0.009999999776482582,2.6531145572662354,cereals,comida,2
149.55,-5.500152587890625,0.009999999776482582,2.6531145572662354,cereals,comida,2
149.582,-5.500152587890625,0.009999999776482582,2.6531145572662354,cereals,comida,2
149.633,-5.500152587890625,0.009999999776482582,2.6531145572662354,cereals,comida,2
149.648,-5.500152587890625,0.009999999776482582,2.6531145572662354,cereals,comida,2
149.681,-5.500152587890625,0.009999999776482582,2.6531145572662354,cereals,comida,2
149.734,-5.500152587890625,0.009999999776482582,2.6531145572662354,cereals,comida,2
149.749,-5.500152587890625,0.009999999776482582,2.6531145572662354,cereals,comida,2
149.781,-5.500152587890625,0.009999999776482582,2.6531145572662354,cereals,comida,2
149.831,-5.500152587890625,0.009999999776482582,2.6531145572662354,cereals,comida,2
149.847,-5.500152587890625,0.009999999776482582,2.6531145572662354,cereals,comida,2
149.88,-5.500152587890625,0.009999999776482582,2.6531145572662354,cereals,comida,2
149.928,-5.500152587890625,0.009999999776482582,2.6531145572662354,cereals,comida,2
149.945,-5.500152587890625,0.009999999776482582,2.6531145572662354,cereals,comida,2
149.978,-5.500152587890625,0.009999999776482582,2.6531145572662354,cereals,comida,2
150.026,-5.500152587890625,0.009999999776482582,2.6531145572662354,cereals,comida,2
150.042,-5.500152587890625,0.009999999776482582,2.6531145572662354,cereals,comida,2
150.088,-5.500152587890625,0.009999999776482582,2.6531145572662354,cereals,comida,2
150.14,-5.500152587890625,0.009999999776482582,2.6531145572662354,cereals,comida,2
150.156,-5.500152587890625,0.009999999776482582,2.6531145572662354,cereals,comida,2
150.189,-5.500152587890625,0.009999999776482582,2.6531145572662354,cereals,comida,2
150.238,-5.544307708740234,0.009999999776482582,2.5864036083221436,cereals,comida,2
150.253,-5.588462829589844,0.009999999776482582,2.5196926593780518,cereals,comida,2
150.287,-5.632617950439453,0.009999999776482582,2.45298171043396,cereals,comida,2
150.335,-5.6767730712890625,0.009999999776482582,2.386270761489868,,comida,
150.352,-5.720928192138672,0.009999999776482582,2.3195598125457764,,comida,
150.384,-5.765083312988281,0.009999999776482582,2.2528488636016846,,comida,
150.432,-5.809238433837891,0.009999999776482582,2.1861379146575928,,comida,
150.453,-5.8533935546875,0.009999999776482582,2.119426965713501,,comida,
150.484,-5.897548675537109,0.009999999776482582,2.052716016769409,,comida,
150.536,-5.941703796386719,0.009999999776482582,1.986005187034607,,comida,
150.551,-5.985858917236328,0.009999999776482582,1.9192943572998047,,comida,
150.585,-6.0300140380859375,0.009999999776482582,1.8525835275650024,,comida,
150.633,-6.074169158935547,0.009999999776482582,1.7858726978302002,,comida,
150.651,-6.118324279785156,0.009999999776482582,1.719161868095398,,comida,
150.686,-6.162479400634766,0.009999999776482582,1.6524510383605957,,comida,
150.734,-6.162479400634766,0.009999999776482582,1.6524510383605957,,comida,
150.754,-6.162479400634766,0.009999999776482582,1.6524510383605957,,comida,
150.784,-6.162479400634766,0.009999999776482582,1.6524510383605957,,comida,
150.83,-6.162479400634766,0.009999999776482582,1.6524510383605957,,comida,
150.849,-6.162479400634766,0.009999999776482582,1.6524510383605957,,comida,
150.882,-6.162479400634766,0.009999999776482582,1.6524510383605957,,comida,
150.934,-6.162479400634766,0.009999999776482582,1.6524510383605957,,comida,
150.956,-6.162479400634766,0.009999999776482582,1.6524510383605957,,comida,
150.988,-6.162479400634766,0.009999999776482582,1.6524510383605957,,comida,
151.033,-6.162479400634766,0.009999999776482582,1.6524510383605957,,comida,
151.052,-6.162479400634766,0.009999999776482582,1.6524510383605957,,comida,
151.086,-6.162479400634766,0.009999999776482582,1.6524510383605957,,comida,
151.131,-6.162479400634766,0.009999999776482582,1.6524510383605957,,comida,
151.154,-6.162479400634766,0.009999999776482582,1.6524510383605957,,comida,
151.186,-6.162479400634766,0.009999999776482582,1.6524510383605957,,comida,
151.233,-6.162479400634766,0.009999999776482582,1.6524510383605957,,comida,
151.25,-6.162479400634766,0.009999999776482582,1.6524510383605957,,comida,
151.284,-6.162479400634766,0.009999999776482582,1.6524510383605957,,comida,
151.329,-6.162479400634766,0.009999999776482582,1.6524510383605957,,comida,
151.348,-6.162479400634766,0.009999999776482582,1.6524510383605957,,comida,
151.38,-6.162479400634766,0.009999999776482582,1.6524510383605957,,comida,
151.427,-6.162479400634766,0.009999999776482582,1.6524510383605957,,comida,
151.446,-6.162479400634766,0.009999999776482582,1.6524510383605957,,comida,
151.479,-6.162479400634766,0.009999999776482582,1.6524510383605957,,comida,
151.526,-6.162479400634766,0.009999999776482582,1.6524510383605957,,comida,
151.545,-6.162479400634766,0.009999999776482582,1.6524510383605957,,comida,
151.577,-6.162479400634766,0.009999999776482582,1.6524510383605957,,comida,
151.624,-6.162479400634766,0.009999999776482582,1.6524510383605957,,comida,
151.643,-6.162479400634766,0.009999999776482582,1.6524510383605957,,comida,
151.676,-6.162479400634766,0.009999999776482582,1.6524510383605957,,comida,
151.72,-6.162479400634766,0.009999999776482582,1.6524510383605957,,comida,
151.74,-6.162479400634766,0.009999999776482582,1.6524510383605957,,comida,
151.772,-6.162479400634766,0.009999999776482582,1.6524510383605957,,comida,
151.82,-6.162479400634766,0.009999999776482582,1.6524510383605957,,comida,
151.838,-6.162479400634766,0.009999999776482582,1.6524510383605957,,comida,
151.872,-6.162479400634766,0.009999999776482582,1.6524510383605957,,comida,
151.919,-6.162479400634766,0.009999999776482582,1.6524510383605957,,comida,
151.938,-6.162479400634766,0.009999999776482582,1.6524510383605957,,comida,
151.968,-6.162479400634766,0.009999999776482582,1.6524510383605957,,comida,
152.016,-6.162479400634766,0.009999999776482582,1.6524510383605957,,comida,
152.035,-6.118324279785156,0.009999999776482582,1.719161868095398,,comida,
152.067,-6.074169158935547,0.009999999776482582,1.7858726978302002,,comida,
152.114,-6.0300140380859375,0.009999999776482582,1.8525835275650024,,comida,
152.132,-5.985858917236328,0.009999999776482582,1.9192943572998047,,comida,
152.168,-5.941703796386719,0.009999999776482582,1.986005187034607,,comida,
152.215,-5.897548675537109,0.009999999776482582,2.052716016769409,,comida,
152.232,-5.8533935546875,0.009999999776482582,2.119426965713501,,comida,
152.265,-5.809238433837891,0.009999999776482582,2.1861379146575928,,comida,
152.314,-5.765083312988281,0.009999999776482582,2.2528488636016846,,comida,
152.33,-5.720928192138672,0.009999999776482582,2.3195598125457764,,comida,
152.364,-5.720928192138672,0.009999999776482582,2.3195598125457764,,comida,
152.411,-5.720928192138672,0.009999999776482582,2.3195598125457764,,comida,
152.43,-5.720928192138672,0.009999999776482582,2.3195598125457764,,comida,
152.46,-5.720928192138672,0.009999999776482582,2.3195598125457764,,comida,
152.507,-5.720928192138672,0.009999999776482582,2.3195598125457764,,comida,
152.527,-5.720928192138672,0.009999999776482582,2.3195598125457764,,comida,
152.558,-5.720928192138672,0.009999999776482582,2.3195598125457764,,comida,
152.606,-5.720928192138672,0.009999999776482582,2.3195598125457764,,comida,
152.625,-5.720928192138672,0.009999999776482582,2.3195598125457764,,comida,
152.658,-5.720928192138672,0.009999999776482582,2.3195598125457764,,comida,
152.705,-5.720928192138672,0.009999999776482582,2.3195598125457764,,comida,
152.723,-5.720928192138672,0.009999999776482582,2.3195598125457764,,comida,
152.755,-5.720928192138672,0.009999999776482582,2.3195598125457764,,comida,
152.803,-5.720928192138672,0.009999999776482582,2.3195598125457764,,comida,
152.822,-5.720928192138672,0.009999999776482582,2.3195598125457764,,comida,
152.855,-5.720928192138672,0.009999999776482582,2.3195598125457764,,comida,
152.902,-5.720928192138672,0.009999999776482582,2.3195598125457764,,comida,
152.92,-5.720928192138672,0.009999999776482582,2.3195598125457764,,comida,
152.953,-5.720928192138672,0.009999999776482582,2.3195598125457764,,comida,
152.998,-5.720928192138672,0.009999999776482582,2.3195598125457764,,comida,
153.018,-5.720928192138672,0.009999999776482582,2.3195598125457764,,comida,
153.052,-5.720928192138672,0.009999999776482582,2.3195598125457764,,comida,
153.109,-5.720928192138672,0.009999999776482582,2.3195598125457764,,comida,
153.13,-5.720928192138672,0.009999999776482582,2.3195598125457764,,comida,
153.164,-5.720928192138672,0.009999999776482582,2.3195598125457764,,comida,
153.208,-5.720928192138672,0.009999999776482582,2.3195598125457764,,comida,
153.23,-5.720928192138672,0.009999999776482582,2.3195598125457764,,comida,
153.262,-5.720928192138672,0.009999999776482582,2.3195598125457764,,comida,
153.309,-5.720928192138672,0.009999999776482582,2.3195598125457764,cereals,comida,2
153.326,-5.720928192138672,0.009999999776482582,2.3195598125457764,cereals,comida,2
153.36,-5.720928192138672,0.009999999776482582,2.3195598125457764,cereals,comida,2
153.407,-5.720928192138672,0.009999999776482582,2.3195598125457764,cereals,comida,2
153.424,-5.720928192138672,0.009999999776482582,2.3195598125457764,cereals,comida,2
153.457,-5.699145793914795,0.009999999776482582,2.3965373039245605,cereals,comida,2
153.505,-5.677363395690918,0.009999999776482582,2.4735147953033447,cereals,comida,2
153.522,-5.655580997467041,0.009999999776482582,2.550492286682129,cereals,comida,2
153.555,-5.633798599243164,0.009999999776482582,2.627469778060913,cereals,comida,2
153.602,-5.633798599243164,0.009999999776482582,2.627469778060913,cereals,comida,2
153.622,-5.633798599243164,0.009999999776482582,2.627469778060913,cereals,comida,2
153.654,-5.633798599243164,0.009999999776482582,2.627469778060913,cereals,comida,2
153.703,-5.633798599243164,0.009999999776482582,2.627469778060913,cereals,comida,2
153.721,-5.633798599243164,0.009999999776482582,2.627469778060913,cereals,comida,2
153.754,-5.633798599243164,0.009999999776482582,2.627469778060913,cereals,comida,2
153.801,-5.633798599243164,0.009999999776482582,2.627469778060913,cereals,comida,2
153.82,-5.633798599243164,0.009999999776482582,2.627469778060913,cereals,comida,2
153.854,-5.633798599243164,0.009999999776482582,2.627469778060913,cereals,comida,2
153.901,-5.633798599243164,0.009999999776482582,2.627469778060913,cereals,comida,2
153.919,-5.633798599243164,0.009999999776482582,2.627469778060913,cereals,comida,2
153.95,-5.633798599243164,0.009999999776482582,2.627469778060913,cereals,comida,2
153.999,-5.633798599243164,0.009999999776482582,2.627469778060913,cereals,comida,2
154.015,-5.633798599243164,0.009999999776482582,2.627469778060913,cereals,comida,2
154.049,-5.633798599243164,0.009999999776482582,2.627469778060913,cereals,comida,2
154.098,-5.633798599243164,0.009999999776482582,2.627469778060913,cereals,comida,2
154.114,-5.633798599243164,0.009999999776482582,2.627469778060913,cereals,comida,2
154.147,-5.633798599243164,0.009999999776482582,2.627469778060913,cereals,comida,2
154.195,-5.633798599243164,0.009999999776482582,2.627469778060913,cereals,comida,2
154.213,-5.633798599243164,0.009999999776482582,2.627469778060913,cereals,comida,2
154.245,-5.633798599243164,0.009999999776482582,2.627469778060913,cereals,comida,2
154.295,-5.633798599243164,0.009999999776482582,2.627469778060913,cereals,comida,2
154.315,-5.579342365264893,1.600000023841858,2.819913387298584,cereals,comida,2
154.316,-5.633798599243164,0.009999999776482582,2.627469778060913,cereals,comida,2
154.347,-5.633798599243164,0.009999999776482582,2.627469778060913,cereals,comida,2
154.393,-5.633798599243164,0.009999999776482582,2.627469778060913,cereals,comida,2
154.413,-5.633798599243164,0.009999999776482582,2.627469778060913,cereals,comida,2
154.445,-5.633798599243164,0.009999999776482582,2.627469778060913,cereals,comida,2
154.506,-5.633798599243164,0.009999999776482582,2.627469778060913,cereals,comida,2
154.521,-5.633798599243164,0.009999999776482582,2.627469778060913,cereals,comida,2
154.554,-5.633798599243164,0.009999999776482582,2.627469778060913,cereals,comida,2
154.603,-5.633798599243164,0.009999999776482582,2.627469778060913,cereals,comida,2
154.621,-5.633798599243164,0.009999999776482582,2.627469778060913,cereals,comida,2
154.655,-5.633798599243164,0.009999999776482582,2.627469778060913,cereals,comida,2
154.704,-5.633798599243164,0.009999999776482582,2.627469778060913,cereals,comida,2
154.721,-5.633798599243164,0.009999999776482582,2.627469778060913,cereals,comida,2
154.753,-5.633798599243164,0.009999999776482582,2.627469778060913,cereals,comida,2
154.8,-5.633798599243164,0.009999999776482582,2.627469778060913,cereals,comida,2
154.819,-5.633798599243164,0.009999999776482582,2.627469778060913,cereals,comida,2
154.85,-5.633798599243164,0.009999999776482582,2.627469778060913,cereals,comida,2
154.899,-5.633798599243164,0.009999999776482582,2.627469778060913,,comida,
154.915,-5.633798599243164,0.009999999776482582,2.627469778060913,,comida,
154.947,-5.633798599243164,0.009999999776482582,2.627469778060913,,comida,
154.995,-5.633798599243164,0.009999999776482582,2.627469778060913,,comida,
155.013,-5.655580997467041,0.009999999776482582,2.550492286682129,,comida,
155.046,-5.677363395690918,0.009999999776482582,2.4735147953033447,,comida,
155.094,-5.699145793914795,0.009999999776482582,2.3965373039245605,,comida,
155.113,-5.720928192138672,0.009999999776482582,2.3195598125457764,,comida,
155.145,-5.742710590362549,0.009999999776482582,2.242582321166992,,comida,
155.193,-5.764492988586426,0.009999999776482582,2.165604829788208,,comida,
155.211,-5.786275386810303,0.009999999776482582,2.088627338409424,,comida,
155.244,-5.80805778503418,0.009999999776482582,2.0116498470306396,,comida,
155.293,-5.829840183258057,0.009999999776482582,1.9346723556518555,,comida,
155.309,-5.851622581481934,0.009999999776482582,1.8576948642730713,,comida,
155.343,-5.8734049797058105,0.009999999776482582,1.780717372894287,,comida,
155.391,-5.8734049797058105,0.009999999776482582,1.780717372894287,,comida,
155.408,-5.8734049797058105,0.009999999776482582,1.780717372894287,,comida,
155.454,-5.8734049797058105,0.009999999776482582,1.780717372894287,,comida,
155.503,-5.8734049797058105,0.009999999776482582,1.780717372894287,,comida,
155.519,-5.8734049797058105,0.009999999776482582,1.780717372894287,,comida,
155.552,-5.8734049797058105,0.009999999776482582,1.780717372894287,,comida,
155.599,-5.8734049797058105,0.009999999776482582,1.780717372894287,,comida,
155.617,-5.8734049797058105,0.009999999776482582,1.780717372894287,,comida,
155.65,-5.8734049797058105,0.009999999776482582,1.780717372894287,,comida,
155.697,-5.8734049797058105,0.009999999776482582,1.780717372894287,,comida,
155.716,-5.8734049797058105,0.009999999776482582,1.780717372894287,,comida,
155.748,-5.8734049797058105,0.009999999776482582,1.780717372894287,,comida,
155.796,-5.8734049797058105,0.009999999776482582,1.780717372894287,,comida,
155.813,-5.8734049797058105,0.009999999776482582,1.780717372894287,,comida,
155.846,-5.8734049797058105,0.009999999776482582,1.780717372894287,,comida,
155.893,-5.8734049797058105,0.009999999776482582,1.780717372894287,,comida,
155.911,-5.8734049797058105,0.009999999776482582,1.780717372894287,,comida,
155.944,-5.8734049797058105,0.009999999776482582,1.780717372894287,,comida,
155.991,-5.8734049797058105,0.009999999776482582,1.780717372894287,,comida,
156.009,-5.8734049797058105,0.009999999776482582,1.780717372894287,,comida,
156.043,-5.851622581481934,0.009999999776482582,1.8576948642730713,,comida,
156.09,-5.829840183258057,0.009999999776482582,1.9346723556518555,,comida,
156.108,-5.80805778503418,0.009999999776482582,2.0116498470306396,,comida,
156.14,-5.786275386810303,0.009999999776482582,2.088627338409424,,comida,
156.188,-5.764492988586426,0.009999999776482582,2.165604829788208,,comida,
156.206,-5.764492988586426,0.009999999776482582,2.165604829788208,,comida,
156.239,-5.764492988586426,0.009999999776482582,2.165604829788208,,comida,
156.287,-5.764492988586426,0.009999999776482582,2.165604829788208,,comida,
156.304,-5.764492988586426,0.009999999776482582,2.165604829788208,,comida,
156.337,-5.764492988586426,0.009999999776482582,2.165604829788208,,comida,
156.386,-5.764492988586426,0.009999999776482582,2.165604829788208,,comida,
156.402,-5.764492988586426,0.009999999776482582,2.165604829788208,,comida,
156.435,-5.764492988586426,0.009999999776482582,2.165604829788208,,comida,
156.483,-5.764492988586426,0.009999999776482582,2.165604829788208,,comida,
156.501,-5.764492988586426,0.009999999776482582,2.165604829788208,,comida,
156.533,-5.764492988586426,0.009999999776482582,2.165604829788208,,comida,
156.581,-5.764492988586426,-0.07000000029802322,2.165604829788208,,comida,
156.599,-5.764492988586426,-0.15000000596046448,2.165604829788208,,comida,
156.63,-5.764492988586426,-0.23000000417232513,2.165604829788208,,comida,
156.678,-5.764492988586426,-0.3100000023841858,2.165604829788208,,comida,
156.696,-5.764492988586426,-0.38999998569488525,2.165604829788208,,comida,
156.728,-5.764492988586426,-0.4699999690055847,2.165604829788208,,comida,
156.776,-5.764492988586426,-0.5499999523162842,2.165604829788208,,comida,
156.794,-5.764492988586426,-0.6299999356269836,2.165604829788208,,comida,
156.826,-5.764492988586426,-0.7099999189376831,2.165604829788208,,comida,
156.873,-5.764492988586426,-0.7899999022483826,2.165604829788208,,comida,
156.892,-5.764492988586426,-0.869999885559082,2.165604829788208,,comida,
156.925,-5.764492988586426,-0.9499998688697815,2.165604829788208,,comida,
156.973,-5.764492988586426,-1.029999852180481,2.165604829788208,,comida,
156.99,-5.764492988586426,-1.1099998950958252,2.165604829788208,,comida,
157.023,-5.764492988586426,-1.1899999380111694,2.165604829788208,,comida,
157.071,-5.764492988586426,-1.1899999380111694,2.165604829788208,,comida,
157.089,-5.764492988586426,-1.1899999380111694,2.165604829788208,,comida,
157.121,-5.764492988586426,-1.1899999380111694,2.165604829788208,,comida,
157.169,-5.764492988586426,-1.1899999380111694,2.165604829788208,,comida,
157.187,-5.764492988586426,-1.1899999380111694,2.165604829788208,,comida,
157.219,-5.764492988586426,-1.2699999809265137,2.165604829788208,,comida,
157.267,-5.764492988586426,-1.350000023841858,2.165604829788208,,comida,
157.285,-5.764492988586426,-1.4300000667572021,2.165604829788208,,comida,
157.317,-5.764492988586426,-1.5100001096725464,2.165604829788208,,comida,
157.366,-5.764492988586426,-1.5900001525878906,2.165604829788208,,comida,
157.383,-5.764492988586426,-1.6700001955032349,2.165604829788208,,comida,
157.415,-5.764492988586426,-1.750000238418579,2.165604829788208,,comida,
157.464,-5.764492988586426,-1.8300002813339233,2.165604829788208,,comida,
157.481,-5.764492988586426,-1.9100003242492676,2.165604829788208,,comida,
157.514,-5.764492988586426,-1.9900003671646118,2.165604829788208,,comida,
157.561,-5.764492988586426,-2.070000410079956,2.165604829788208,,comida,
157.579,-5.764492988586426,-2.070000410079956,2.165604829788208,,comida,
157.611,-5.764492988586426,-2.070000410079956,2.165604829788208,,comida,
157.659,-5.764492988586426,-2.070000410079956,2.165604829788208,,comida,
157.677,-5.764492988586426,-2.070000410079956,2.165604829788208,,comida,
157.709,-5.764492988586426,-2.070000410079956,2.165604829788208,,comida,
157.756,-5.764492988586426,-2.070000410079956,2.165604829788208,,comida,
157.774,-5.764492988586426,-2.070000410079956,2.165604829788208,,comida,
157.807,-5.764492988586426,-2.070000410079956,2.165604829788208,,comida,
157.856,-5.764492988586426,-2.070000410079956,2.165604829788208,,comida,
157.874,-5.764492988586426,-2.070000410079956,2.165604829788208,,comida,
157.906,-5.764492988586426,-2.070000410079956,2.165604829788208,,comida,
157.953,-5.764492988586426,-2.070000410079956,2.165604829788208,,comida,
157.972,-5.764492988586426,-2.070000410079956,2.165604829788208,,comida,
158.004,-5.764492988586426,-2.070000410079956,2.165604829788208,,comida,
158.052,-5.764492988586426,-2.070000410079956,2.165604829788208,,comida,
158.069,-5.764492988586426,-2.070000410079956,2.165604829788208,,comida,
158.105,-5.764492988586426,-2.070000410079956,2.165604829788208,,comida,
158.152,-5.764492988586426,-2.070000410079956,2.165604829788208,,comida,
158.17,-5.764492988586426,-2.070000410079956,2.165604829788208,,comida,
158.203,-5.764492988586426,-2.070000410079956,2.165604829788208,,comida,
158.252,-5.764492988586426,-2.070000410079956,2.165604829788208,,comida,
158.271,-5.764492988586426,-2.070000410079956,2.165604829788208,,comida,
158.302,-5.764492988586426,-2.070000410079956,2.165604829788208,,comida,
158.35,-5.764492988586426,-2.070000410079956,2.165604829788208,,comida,
158.367,-5.764492988586426,-2.070000410079956,2.165604829788208,,comida,
158.4,-5.764492988586426,-2.070000410079956,2.165604829788208,,comida,
158.449,-5.764492988586426,-2.070000410079956,2.165604829788208,,comida,
158.464,-5.764492988586426,-2.070000410079956,2.165604829788208,,comida,
158.498,-5.764492988586426,-2.070000410079956,2.165604829788208,,comida,
158.548,-5.764492988586426,-2.070000410079956,2.165604829788208,,comida,
158.566,-5.764492988586426,-2.070000410079956,2.165604829788208,,comida,
158.597,-5.764492988586426,-2.070000410079956,2.165604829788208,,comida,
158.643,-5.764492988586426,-2.070000410079956,2.165604829788208,,comida,
158.661,-5.764492988586426,-2.070000410079956,2.165604829788208,,comida,
158.694,-5.764492988586426,-2.070000410079956,2.165604829788208,,comida,
158.742,-5.764492988586426,-2.070000410079956,2.165604829788208,,comida,
158.76,-5.764492988586426,-2.070000410079956,2.165604829788208,,comida,
158.793,-5.764492988586426,-2.070000410079956,2.165604829788208,,comida,
158.841,-5.764492988586426,-2.070000410079956,2.165604829788208,,comida,
158.857,-5.764492988586426,-2.070000410079956,2.165604829788208,,comida,
158.889,-5.764492988586426,-2.070000410079956,2.165604829788208,,comida,
158.944,-5.764492988586426,-2.070000410079956,2.165604829788208,,comida,
158.956,-5.764492988586426,-2.070000410079956,2.165604829788208,,comida,
158.992,-5.764492988586426,-2.070000410079956,2.165604829788208,,comida,
159.04,-5.764492988586426,-2.070000410079956,2.165604829788208,,comida,
159.061,-5.764492988586426,-2.070000410079956,2.165604829788208,,comida,
159.095,-5.764492988586426,-2.070000410079956,2.165604829788208,,comida,
159.141,-5.764492988586426,-2.070000410079956,2.165604829788208,,comida,
159.16,-5.764492988586426,-2.070000410079956,2.165604829788208,,comida,
159.191,-5.764492988586426,-2.070000410079956,2.165604829788208,,comida,
159.239,-5.764492988586426,-2.070000410079956,2.165604829788208,,comida,
159.258,-5.764492988586426,-2.070000410079956,2.165604829788208,,comida,
159.29,-5.764492988586426,-2.070000410079956,2.165604829788208,,comida,
159.337,-5.764492988586426,-2.070000410079956,2.165604829788208,,comida,
159.356,-5.764492988586426,-2.070000410079956,2.165604829788208,,comida,
159.39,-5.764492988586426,-2.070000410079956,2.165604829788208,,comida,
159.435,-5.764492988586426,-2.070000410079956,2.165604829788208,,comida,
159.454,-5.764492988586426,-2.070000410079956,2.165604829788208,,comida,
159.486,-5.764492988586426,-2.070000410079956,2.165604829788208,,comida,
159.534,-5.764492988586426,-2.070000410079956,2.165604829788208,,comida,
159.551,-5.764492988586426,-2.070000410079956,2.165604829788208,,comida,
159.583,-5.764492988586426,-2.070000410079956,2.165604829788208,,comida,
159.631,-5.764492988586426,-2.070000410079956,2.165604829788208,,comida,
159.649,-5.764492988586426,-2.070000410079956,2.165604829788208,,comida,
159.682,-5.764492988586426,-2.070000410079956,2.165604829788208,,comida,
159.728,-5.764492988586426,-2.070000410079956,2.165604829788208,,comida,
159.748,-5.764492988586426,-2.070000410079956,2.165604829788208,,comida,
159.779,-5.764492988586426,-2.070000410079956,2.165604829788208,,comida,
159.829,-5.764492988586426,-2.070000410079956,2.165604829788208,,comida,
159.847,-5.764492988586426,-2.070000410079956,2.165604829788208,,comida,
159.881,-5.764492988586426,-2.070000410079956,2.165604829788208,,comida,
159.927,-5.764492988586426,-2.070000410079956,2.165604829788208,,comida,
159.947,-5.764492988586426,-2.070000410079956,2.165604829788208,,comida,
159.98,-5.764492988586426,-2.070000410079956,2.165604829788208,,comida,
160.027,-5.764492988586426,-2.070000410079956,2.165604829788208,,comida,
160.046,-5.764492988586426,-2.070000410079956,2.165604829788208,,comida,
160.08,-5.764492988586426,-2.070000410079956,2.165604829788208,,comida,
160.127,-5.764492988586426,-2.070000410079956,2.165604829788208,,comida,
160.147,-5.764492988586426,-2.070000410079956,2.165604829788208,,comida,
160.18,-5.764492988586426,-2.070000410079956,2.165604829788208,,comida,
160.226,-5.764492988586426,-2.070000410079956,2.165604829788208,,comida,
160.245,-5.764492988586426,-2.070000410079956,2.165604829788208,,comida,
160.278,-5.764492988586426,-2.070000410079956,2.165604829788208,,comida,
160.322,-5.764492988586426,-2.070000410079956,2.165604829788208,,comida,
160.341,-5.764492988586426,-2.070000410079956,2.165604829788208,,comida,
160.373,-5.764492988586426,-2.070000410079956,2.165604829788208,,comida,
160.418,-5.764492988586426,-2.070000410079956,2.165604829788208,,comida,
160.438,-5.764492988586426,-2.070000410079956,2.165604829788208,,comida,
160.471,-5.764492988586426,-2.070000410079956,2.165604829788208,,comida,
160.518,-5.764492988586426,-2.070000410079956,2.165604829788208,,comida,
160.538,-5.764492988586426,-2.070000410079956,2.165604829788208,,comida,
160.572,-5.764492988586426,-2.070000410079956,2.165604829788208,,comida,
160.617,-5.764492988586426,-2.070000410079956,2.165604829788208,,comida,
160.638,-5.764492988586426,-2.070000410079956,2.165604829788208,,comida,
160.671,-5.764492988586426,-2.070000410079956,2.165604829788208,,comida,
160.717,-5.764492988586426,-2.070000410079956,2.165604829788208,,comida,
160.738,-5.764492988586426,-2.070000410079956,2.165604829788208,,comida,
160.773,-5.764492988586426,-2.070000410079956,2.165604829788208,,comida,
160.817,-5.764492988586426,-2.070000410079956,2.165604829788208,,comida,
160.839,-5.764492988586426,-2.070000410079956,2.165604829788208,,comida,
160.874,-5.764492988586426,-2.070000410079956,2.165604829788208,,comida,
160.917,-5.764492988586426,-2.070000410079956,2.165604829788208,,comida,
160.938,-5.764492988586426,-2.070000410079956,2.165604829788208,,comida,
160.972,-5.764492988586426,-2.070000410079956,2.165604829788208,,comida,
161.017,-5.764492988586426,-2.070000410079956,2.165604829788208,,comida,
161.037,-5.764492988586426,-2.070000410079956,2.165604829788208,,comida,
161.07,-5.764492988586426,-2.070000410079956,2.165604829788208,,comida,
161.115,-5.764492988586426,-2.070000410079956,2.165604829788208,,comida,
161.136,-5.764492988586426,-2.070000410079956,2.165604829788208,,comida,
161.168,-5.764492988586426,-2.070000410079956,2.165604829788208,,comida,
161.213,-5.764492988586426,-2.070000410079956,2.165604829788208,,comida,
161.233,-5.764492988586426,-2.070000410079956,2.165604829788208,,comida,
161.266,-5.764492988586426,-2.070000410079956,2.165604829788208,,comida,
161.31,-5.764492988586426,-2.070000410079956,2.165604829788208,,comida,
161.331,-5.764492988586426,-2.070000410079956,2.165604829788208,,comida,
161.365,-5.764492988586426,-2.070000410079956,2.165604829788208,,comida,
161.408,-5.764492988586426,-2.070000410079956,2.165604829788208,,comida,
161.429,-5.764492988586426,-2.070000410079956,2.165604829788208,,comida,
161.462,-5.764492988586426,-2.070000410079956,2.165604829788208,,comida,
161.506,-5.764492988586426,-2.070000410079956,2.165604829788208,,comida,
161.528,-5.764492988586426,-2.070000410079956,2.165604829788208,,comida,
161.56,-5.764492988586426,-2.070000410079956,2.165604829788208,,comida,
161.606,-5.764492988586426,-2.070000410079956,2.165604829788208,,comida,
161.625,-5.764492988586426,-2.070000410079956,2.165604829788208,,comida,
161.66,-5.764492988586426,-2.070000410079956,2.165604829788208,,comida,
161.701,-5.764492988586426,-2.070000410079956,2.165604829788208,,comida,
161.723,-5.764492988586426,-2.070000410079956,2.165604829788208,,comida,
161.755,-5.764492988586426,-2.070000410079956,2.165604829788208,,comida,
161.799,-5.764492988586426,-2.070000410079956,2.165604829788208,,comida,
161.82,-5.764492988586426,-2.070000410079956,2.165604829788208,,comida,
161.852,-5.764492988586426,-2.070000410079956,2.165604829788208,,comida,
161.897,-5.764492988586426,-2.070000410079956,2.165604829788208,,comida,
161.918,-5.764492988586426,-2.070000410079956,2.165604829788208,,comida,
161.95,-5.764492988586426,-2.070000410079956,2.165604829788208,,comida,
161.995,-5.764492988586426,-2.070000410079956,2.165604829788208,,comida,
162.016,-5.764492988586426,-2.070000410079956,2.165604829788208,,comida,
162.048,-5.764492988586426,-2.070000410079956,2.165604829788208,,comida,
162.093,-5.764492988586426,-2.070000410079956,2.165604829788208,,comida,
162.114,-5.764492988586426,-2.070000410079956,2.165604829788208,,comida,
162.148,-5.764492988586426,-2.070000410079956,2.165604829788208,,comida,
162.192,-5.764492988586426,-2.070000410079956,2.165604829788208,,comida,
162.213,-5.764492988586426,-2.070000410079956,2.165604829788208,,comida,
162.245,-5.764492988586426,-2.070000410079956,2.165604829788208,,comida,
162.29,-5.764492988586426,-2.070000410079956,2.165604829788208,,comida,
162.312,-5.764492988586426,-2.070000410079956,2.165604829788208,,comida,
162.344,-5.764492988586426,-2.070000410079956,2.165604829788208,,comida,
162.39,-5.764492988586426,-2.070000410079956,2.165604829788208,,comida,
162.411,-5.764492988586426,-2.070000410079956,2.165604829788208,,comida,
162.444,-5.764492988586426,-2.070000410079956,2.165604829788208,,comida,
162.492,-5.632230758666992,1.600000023841858,2.315627098083496,,comida,
162.51,-5.632230758666992,1.600000023841858,2.315627098083496,,comida,
162.542,-5.632230758666992,1.600000023841858,2.315627098083496,,comida,
162.587,-5.632230758666992,1.600000023841858,2.315627098083496,,comida,
162.608,-5.632230758666992,1.600000023841858,2.315627098083496,,comida,
162.644,-5.632230758666992,1.600000023841858,2.315627098083496,,comida,
162.688,-5.632230758666992,1.600000023841858,2.315627098083496,,comida,
162.709,-5.632230758666992,1.600000023841858,2.315627098083496,,comida,
162.74,-5.632230758666992,1.600000023841858,2.315627098083496,,comida,
162.787,-5.632230758666992,1.600000023841858,2.315627098083496,,comida,
162.806,-5.632230758666992,1.600000023841858,2.315627098083496,,comida,
162.841,-5.632230758666992,1.600000023841858,2.315627098083496,,comida,
162.884,-5.632230758666992,1.600000023841858,2.315627098083496,,comida,
162.905,-5.632230758666992,1.600000023841858,2.315627098083496,,comida,
162.939,-5.632230758666992,1.600000023841858,2.315627098083496,,comida,
162.984,-5.632230758666992,1.600000023841858,2.315627098083496,,comida,
163.003,-5.632230758666992,1.600000023841858,2.315627098083496,,comida,
163.036,-5.632230758666992,1.600000023841858,2.315627098083496,,comida,
163.082,-5.632230758666992,1.600000023841858,2.315627098083496,,comida,
163.102,-5.632230758666992,1.600000023841858,2.315627098083496,,comida,
163.14,-5.632230758666992,1.600000023841858,2.315627098083496,,comida,
163.188,-5.632230758666992,1.600000023841858,2.315627098083496,,comida,
163.206,-5.632230758666992,1.600000023841858,2.315627098083496,,comida,
163.239,-5.632230758666992,1.600000023841858,2.315627098083496,,comida,
163.284,-5.632230758666992,1.600000023841858,2.315627098083496,,comida,
163.303,-5.632230758666992,1.600000023841858,2.315627098083496,,comida,
163.336,-5.632230758666992,1.600000023841858,2.315627098083496,,comida,
163.382,-5.632230758666992,1.600000023841858,2.315627098083496,,comida,
163.4,-5.632230758666992,1.600000023841858,2.315627098083496,,comida,
163.432,-5.632230758666992,1.600000023841858,2.315627098083496,,comida,
163.479,-5.632230758666992,1.600000023841858,2.315627098083496,,comida,
163.499,-5.632230758666992,1.600000023841858,2.315627098083496,,comida,
163.532,-5.632230758666992,1.600000023841858,2.315627098083496,,comida,
163.579,-5.632230758666992,1.600000023841858,2.315627098083496,,comida,
163.597,-5.632230758666992,1.600000023841858,2.315627098083496,,comida,
163.631,-5.632230758666992,1.600000023841858,2.315627098083496,,comida,
163.676,-5.632230758666992,1.600000023841858,2.315627098083496,,comida,
163.7,-5.632230758666992,1.600000023841858,2.315627098083496,,comida,
163.733,-5.632230758666992,1.600000023841858,2.315627098083496,,comida,
163.779,-5.632230758666992,1.600000023841858,2.315627098083496,,comida,
163.798,-5.632230758666992,1.600000023841858,2.315627098083496,,comida,
163.833,-5.632230758666992,1.600000023841858,2.315627098083496,,comida,
163.879,-5.632230758666992,1.600000023841858,2.315627098083496,,comida,
163.897,-5.632230758666992,1.600000023841858,2.315627098083496,,comida,
163.93,-5.632230758666992,1.600000023841858,2.315627098083496,,comida,
163.977,-5.632230758666992,1.600000023841858,2.315627098083496,,comida,
163.996,-5.632230758666992,1.600000023841858,2.315627098083496,,comida,
164.027,-5.632230758666992,1.600000023841858,2.315627098083496,,comida,
164.078,-5.632230758666992,1.600000023841858,2.315627098083496,,comida,
164.094,-5.632230758666992,1.600000023841858,2.315627098083496,,comida,
164.127,-5.632230758666992,1.600000023841858,2.315627098083496,,comida,
164.174,-5.632230758666992,1.600000023841858,2.315627098083496,,comida,
164.192,-5.632230758666992,1.600000023841858,2.315627098083496,,comida,
164.224,-5.632230758666992,1.600000023841858,2.315627098083496,,comida,
164.27,-5.632230758666992,1.600000023841858,2.315627098083496,,comida,
164.289,-5.632230758666992,1.600000023841858,2.315627098083496,,comida,
164.321,-5.632230758666992,1.600000023841858,2.315627098083496,,comida,
164.368,-5.632230758666992,1.600000023841858,2.315627098083496,,comida,
164.387,-5.632230758666992,1.600000023841858,2.315627098083496,,comida,
164.419,-5.632230758666992,1.600000023841858,2.315627098083496,,comida,
164.466,-5.632230758666992,1.600000023841858,2.315627098083496,,comida,
164.485,-5.632230758666992,1.600000023841858,2.315627098083496,,comida,
164.519,-5.632230758666992,1.600000023841858,2.315627098083496,,comida,
164.565,-5.632230758666992,1.600000023841858,2.315627098083496,,comida,
164.586,-5.632230758666992,1.600000023841858,2.315627098083496,,comida,
164.617,-5.632230758666992,1.600000023841858,2.315627098083496,,comida,
164.662,-5.632230758666992,1.600000023841858,2.315627098083496,,comida,
164.682,-5.632230758666992,1.600000023841858,2.315627098083496,,comida,
164.715,-5.632230758666992,1.600000023841858,2.315627098083496,,comida,
164.761,-5.632230758666992,1.600000023841858,2.315627098083496,,comida,
164.78,-5.632230758666992,1.600000023841858,2.315627098083496,,comida,
164.812,-5.632230758666992,1.600000023841858,2.315627098083496,,comida,
164.858,-5.632230758666992,1.600000023841858,2.315627098083496,,comida,
164.879,-5.632230758666992,1.600000023841858,2.315627098083496,,comida,
164.911,-5.632230758666992,1.600000023841858,2.315627098083496,,comida,
164.958,-5.632230758666992,1.600000023841858,2.315627098083496,,comida,
164.977,-5.632230758666992,1.600000023841858,2.315627098083496,,comida,
165.009,-5.632230758666992,1.600000023841858,2.315627098083496,,comida,
165.056,-5.632230758666992,1.600000023841858,2.315627098083496,,comida,
165.074,-5.632230758666992,1.600000023841858,2.315627098083496,,comida,
165.106,-5.632230758666992,1.600000023841858,2.315627098083496,,comida,
165.153,-5.632230758666992,1.600000023841858,2.315627098083496,,comida,
165.173,-5.632230758666992,1.600000023841858,2.315627098083496,,comida,
165.205,-5.632230758666992,1.600000023841858,2.315627098083496,,comida,
165.253,-5.632230758666992,1.600000023841858,2.315627098083496,,comida,
165.269,-5.632230758666992,1.600000023841858,2.315627098083496,,comida,
165.303,-5.632230758666992,1.600000023841858,2.315627098083496,,comida,
165.352,-5.632230758666992,1.600000023841858,2.315627098083496,,comida,
165.367,-5.632230758666992,1.600000023841858,2.315627098083496,,comida,
165.4,-5.632230758666992,1.600000023841858,2.315627098083496,,comida,
165.449,-5.632230758666992,1.600000023841858,2.315627098083496,,comida,
165.465,-5.632230758666992,1.600000023841858,2.315627098083496,,comida,
165.497,-5.632230758666992,1.600000023841858,2.315627098083496,,comida,
165.547,-5.632230758666992,1.600000023841858,2.315627098083496,,comida,
165.563,-5.632230758666992,1.600000023841858,2.315627098083496,,comida,
165.595,-5.632230758666992,1.600000023841858,2.315627098083496,,comida,
165.643,-5.632230758666992,1.600000023841858,2.315627098083496,,comida,
165.661,-5.632230758666992,1.600000023841858,2.315627098083496,,comida,
165.692,-5.632230758666992,1.600000023841858,2.315627098083496,,comida,
165.741,-5.632230758666992,1.600000023841858,2.315627098083496,,comida,
165.76,-5.632230758666992,1.600000023841858,2.315627098083496,,comida,
165.795,-5.632230758666992,1.600000023841858,2.315627098083496,,comida,
165.844,-5.632230758666992,1.600000023841858,2.315627098083496,,comida,
165.863,-5.632230758666992,1.600000023841858,2.315627098083496,,comida,
165.894,-5.632230758666992,1.600000023841858,2.315627098083496,,comida,
165.942,-5.632230758666992,1.600000023841858,2.315627098083496,,comida,
165.961,-5.632230758666992,1.600000023841858,2.315627098083496,,comida,
165.994,-5.632230758666992,1.600000023841858,2.315627098083496,,comida,
166.041,-5.586952209472656,1.600000023841858,2.33683705329895,,comida,
166.058,-5.54167366027832,1.600000023841858,2.3580470085144043,,comida,
166.09,-5.496395111083984,1.600000023841858,2.3792569637298584,,comida,
166.137,-5.451116561889648,1.600000023841858,2.4004669189453125,,comida,
166.155,-5.4058380126953125,1.600000023841858,2.4216768741607666,,comida,
166.188,-5.360559463500977,1.600000023841858,2.4428868293762207,,comida,
166.235,-5.315280914306641,1.600000023841858,2.464096784591675,,comida,
166.253,-5.270002365112305,1.600000023841858,2.485306739807129,,comida,
166.285,-5.224723815917969,1.600000023841858,2.506516695022583,,comida,
166.333,-5.179445266723633,1.600000023841858,2.527726650238037,,comida,
166.35,-5.134166717529297,1.600000023841858,2.548936605453491,,comida,
166.383,-5.088888168334961,1.600000023841858,2.5701465606689453,,comida,
166.432,-5.043609619140625,1.600000023841858,2.5913565158843994,,comida,
166.448,-4.998331069946289,1.600000023841858,2.6125664710998535,,comida,
166.482,-4.953052520751953,1.600000023841858,2.6337764263153076,,comida,
166.528,-4.907773971557617,1.600000023841858,2.6549863815307617,,comida,
166.546,-4.841647624969482,1.5908024311065674,2.631690502166748,,comida,
166.578,-4.775521278381348,1.5816048383712769,2.6083946228027344,,comida,
166.625,-4.709394931793213,1.5724072456359863,2.5850987434387207,,comida,
166.644,-4.643268585205078,1.5632096529006958,2.561802864074707,,comida,
166.677,-4.577142238616943,1.5540120601654053,2.5385069847106934,,comida,
166.725,-4.511015892028809,1.5448144674301147,2.5152111053466797,,comida,
166.744,-4.444889545440674,1.5356168746948242,2.491915225982666,,comida,
166.777,-4.378763198852539,1.5264192819595337,2.4686193466186523,,comida,
166.823,-4.312636852264404,1.5172216892242432,2.4453234672546387,,comida,
166.841,-4.2465105056762695,1.5080240964889526,2.422027587890625,,comida,
166.874,-4.180384159088135,1.498826503753662,2.3987317085266113,,comida,
166.923,-4.1142578125,1.4896289110183716,2.3754358291625977,,comida,
166.939,-4.048131465911865,1.480431318283081,2.352139949798584,,comida,
166.972,-3.9820051193237305,1.4712337255477905,2.3288440704345703,,comida,
167.021,-3.9158785343170166,1.4620361328125,2.3055481910705566,,comida,
167.038,-3.8497519493103027,1.4528385400772095,2.282252311706543,,comida,
167.07,-3.783625364303589,1.443640947341919,2.2589564323425293,,comida,
167.117,-3.717498779296875,1.4344433546066284,2.2356605529785156,,comida,
167.137,-3.651372194290161,1.425245761871338,2.212364673614502,,comida,
167.169,-3.630524158477783,1.4160481691360474,2.167858839035034,,comida,
167.218,-3.6096761226654053,1.4068505764007568,2.1233530044555664,,comida,
167.236,-3.5888280868530273,1.3976529836654663,2.0788471698760986,,comida,
167.268,-3.5679800510406494,1.3884553909301758,2.034341335296631,,comida,
167.316,-3.5471320152282715,1.3792577981948853,1.989835500717163,,comida,
167.332,-3.5262839794158936,1.3700602054595947,1.9453296661376953,,comida,
167.366,-3.5054359436035156,1.3608626127243042,1.9008238315582275,,comida,
167.415,-3.4845879077911377,1.3516650199890137,1.8563179969787598,,comida,
167.434,-3.4637398719787598,1.3424674272537231,1.811812162399292,,comida,
167.465,-3.442891836166382,1.3332698345184326,1.7673063278198242,,comida,
167.512,-3.422043800354004,1.324072241783142,1.7228004932403564,,comida,
167.53,-3.401195764541626,1.3148746490478516,1.6782946586608887,,comida,
167.562,-3.380347728729248,1.305677056312561,1.633788824081421,,comida,
167.611,-3.35949969291687,1.2964794635772705,1.5892829895019531,,comida,
167.629,-3.338651657104492,1.28728187084198,1.5447771549224854,,comida,
167.662,-3.338651657104492,1.28728187084198,1.5447771549224854,,comida,
167.711,-3.338651657104492,1.28728187084198,1.5447771549224854,,comida,
167.728,-3.338651657104492,1.28728187084198,1.5447771549224854,,comida,
167.76,-3.338651657104492,1.28728187084198,1.5447771549224854,,comida,
167.809,-3.338651657104492,1.28728187084198,1.5447771549224854,,comida,
167.824,-3.338651657104492,1.28728187084198,1.5447771549224854,,comida,
167.856,-3.338651657104492,1.28728187084198,1.5447771549224854,,comida,
167.904,-3.338651657104492,1.28728187084198,1.5447771549224854,,comida,
167.922,-3.338651657104492,1.28728187084198,1.5447771549224854,,comida,
167.953,-3.338651657104492,1.28728187084198,1.5447771549224854,,comida,
168.004,-3.338651657104492,1.28728187084198,1.5447771549224854,,comida,
168.019,-3.338651657104492,1.28728187084198,1.5447771549224854,,comida,
168.053,-3.338651657104492,1.28728187084198,1.5447771549224854,,comida,
168.1,-3.338651657104492,1.28728187084198,1.5447771549224854,,comida,
168.118,-3.338651657104492,1.28728187084198,1.5447771549224854,,comida,
168.153,-3.338651657104492,1.28728187084198,1.5447771549224854,,comida,
168.201,-3.338651657104492,1.28728187084198,1.5447771549224854,,comida,
168.218,-3.338651657104492,1.28728187084198,1.5447771549224854,,comida,
168.253,-3.338651657104492,1.28728187084198,1.5447771549224854,,comida,
168.299,-3.338651657104492,1.28728187084198,1.5447771549224854,,comida,
168.316,-3.338651657104492,1.28728187084198,1.5447771549224854,,comida,
168.349,-3.338651657104492,1.28728187084198,1.5447771549224854,,comida,
168.396,-3.338651657104492,1.28728187084198,1.5447771549224854,,comida,
168.413,-3.338651657104492,1.28728187084198,1.5447771549224854,,comida,
168.448,-3.338651657104492,1.28728187084198,1.5447771549224854,,comida,
168.497,-3.338651657104492,1.28728187084198,1.5447771549224854,,comida,
168.513,-3.338651657104492,1.28728187084198,1.5447771549224854,,comida,
168.544,-3.338651657104492,1.28728187084198,1.5447771549224854,,comida,
168.592,-3.338651657104492,1.28728187084198,1.5447771549224854,,comida,
168.61,-3.338651657104492,1.28728187084198,1.5447771549224854,,comida,
168.642,-3.338651657104492,1.28728187084198,1.5447771549224854,,comida,
168.689,-3.338651657104492,1.28728187084198,1.5447771549224854,,comida,
168.706,-3.338651657104492,1.28728187084198,1.5447771549224854,,comida,
168.739,-3.338651657104492,1.28728187084198,1.5447771549224854,,comida,
168.786,-3.338651657104492,1.28728187084198,1.5447771549224854,,comida,
168.804,-3.338651657104492,1.28728187084198,1.5447771549224854,,comida,
168.837,-3.338651657104492,1.28728187084198,1.5447771549224854,,comida,
168.885,-3.338651657104492,1.28728187084198,1.5447771549224854,,comida,
168.903,-3.338651657104492,1.28728187084198,1.5447771549224854,,comida,
168.934,-3.338651657104492,1.28728187084198,1.5447771549224854,,comida,
168.983,-3.338651657104492,1.28728187084198,1.5447771549224854,,comida,
169.002,-3.338651657104492,1.28728187084198,1.5447771549224854,,comida,
169.033,-3.338651657104492,1.28728187084198,1.5447771549224854,,comida,
169.082,-3.338651657104492,1.28728187084198,1.5447771549224854,,comida,
169.1,-3.338651657104492,1.28728187084198,1.5447771549224854,,comida,
169.131,-3.338651657104492,1.28728187084198,1.5447771549224854,,comida,
169.181,-3.383930206298828,1.28728187084198,1.5235671997070312,kinder,comida,2
169.197,-3.429208755493164,1.28728187084198,1.5023572444915771,kinder,comida,2
169.23,-3.4744873046875,1.28728187084198,1.481147289276123,kinder,comida,2
169.284,-3.519765853881836,1.28728187084198,1.459937334060669,kinder,comida,2
169.306,-3.565044403076172,1.28728187084198,1.4387273788452148,kinder,comida,2
169.336,-3.610322952270508,1.28728187084198,1.4175174236297607,kinder,comida,2
169.385,-3.6556015014648438,1.28728187084198,1.3963074684143066,,comida,
169.401,-3.7008800506591797,1.28728187084198,1.3750975131988525,,comida,
169.433,-3.7461585998535156,1.28728187084198,1.3538875579833984,,comida,
169.482,-3.7914371490478516,1.28728187084198,1.3326776027679443,kinder,comida,2
169.505,-3.7914371490478516,1.28728187084198,1.3326776027679443,kinder,comida,2
169.539,-3.7914371490478516,1.28728187084198,1.3326776027679443,kinder,comida,2
169.589,-3.7914371490478516,1.28728187084198,1.3326776027679443,kinder,comida,2
169.603,-3.7914371490478516,1.28728187084198,1.3326776027679443,kinder,comida,2
169.639,-3.7914371490478516,1.28728187084198,1.3326776027679443,kinder,comida,2
169.687,-3.7914371490478516,1.28728187084198,1.3326776027679443,,comida,
169.703,-3.7914371490478516,1.28728187084198,1.3326776027679443,,comida,
169.738,-3.7914371490478516,1.28728187084198,1.3326776027679443,,comida,
169.79,-3.7914371490478516,1.28728187084198,1.3326776027679443,kinder,comida,2
169.804,-3.7914371490478516,1.28728187084198,1.3326776027679443,kinder,comida,2
169.839,-3.7914371490478516,1.28728187084198,1.3326776027679443,kinder,comida,2
169.885,-3.7914371490478516,1.28728187084198,1.3326776027679443,kinder,comida,2
169.903,-3.7914371490478516,1.28728187084198,1.3326776027679443,kinder,comida,2
169.938,-3.7914371490478516,1.28728187084198,1.3326776027679443,kinder,comida,2
169.986,-3.7914371490478516,1.28728187084198,1.3326776027679443,kinder,comida,2
170.003,-3.7914371490478516,1.28728187084198,1.3326776027679443,kinder,comida,2
170.037,-3.7914371490478516,1.28728187084198,1.3326776027679443,kinder,comida,2
170.087,-3.7914371490478516,1.28728187084198,1.3326776027679443,kinder,comida,2
170.103,-3.7914371490478516,1.28728187084198,1.3326776027679443,kinder,comida,2
170.135,-3.7914371490478516,1.28728187084198,1.3326776027679443,kinder,comida,2
170.183,-3.7461585998535156,1.28728187084198,1.3538875579833984,,comida,
170.2,-3.7008800506591797,1.28728187084198,1.3750975131988525,,comida,
170.234,-3.6556015014648438,1.28728187084198,1.3963074684143066,,comida,
170.281,-3.610322952270508,1.28728187084198,1.4175174236297607,,comida,
170.297,-3.565044403076172,1.28728187084198,1.4387273788452148,,comida,
170.329,-3.519765853881836,1.28728187084198,1.459937334060669,,comida,
170.38,-3.4744873046875,1.28728187084198,1.481147289276123,,comida,
170.395,-3.429208755493164,1.28728187084198,1.5023572444915771,,comida,
170.426,-3.383930206298828,1.28728187084198,1.5235671997070312,,comida,
170.474,-3.338651657104492,1.28728187084198,1.5447771549224854,,comida,
170.491,-3.2933731079101562,1.28728187084198,1.5659871101379395,,comida,
170.524,-3.2480945587158203,1.28728187084198,1.5871970653533936,,comida,
170.57,-3.2028160095214844,1.28728187084198,1.6084070205688477,,comida,
170.588,-3.1575374603271484,1.28728187084198,1.6296169757843018,,comida,
170.62,-3.1122589111328125,1.28728187084198,1.6508269309997559,,comida,
170.668,-3.0669803619384766,1.28728187084198,1.67203688621521,,comida,
170.686,-3.0217018127441406,1.28728187084198,1.693246841430664,,comida,
170.718,-2.9764232635498047,1.28728187084198,1.7144567966461182,,comida,
170.768,-2.9311447143554688,1.28728187084198,1.7356667518615723,,comida,
170.784,-2.885866165161133,1.28728187084198,1.7568767070770264,,comida,
170.817,-2.840587615966797,1.28728187084198,1.7780866622924805,,comida,
170.864,-2.795309066772461,1.28728187084198,1.7992966175079346,,comida,
170.882,-2.750030517578125,1.28728187084198,1.8205065727233887,,comida,
170.916,-2.704751968383789,1.28728187084198,1.8417165279388428,,comida,
170.965,-2.659473419189453,1.28728187084198,1.8629264831542969,,comida,
170.983,-2.614194869995117,1.28728187084198,1.884136438369751,,comida,
171.016,-2.5689163208007812,1.28728187084198,1.905346393585205,,comida,
171.063,-2.5236377716064453,1.28728187084198,1.9265563488006592,,comida,
171.081,-2.5236377716064453,1.28728187084198,1.9265563488006592,,comida,
171.113,-2.5236377716064453,1.28728187084198,1.9265563488006592,,comida,
171.16,-2.5236377716064453,1.28728187084198,1.9265563488006592,,comida,
171.179,-2.5236377716064453,1.28728187084198,1.9265563488006592,,comida,
171.211,-2.5236377716064453,1.28728187084198,1.9265563488006592,,comida,
171.259,-2.5236377716064453,1.28728187084198,1.9265563488006592,,comida,
171.277,-2.5236377716064453,1.28728187084198,1.9265563488006592,,comida,
171.309,-2.5236377716064453,1.28728187084198,1.9265563488006592,,comida,
171.355,-2.5236377716064453,1.28728187084198,1.9265563488006592,,comida,
171.374,-2.5236377716064453,1.28728187084198,1.9265563488006592,,comida,
171.406,-2.5236377716064453,1.28728187084198,1.9265563488006592,,comida,
171.453,-2.5236377716064453,1.28728187084198,1.9265563488006592,,comida,
171.472,-2.5236377716064453,1.28728187084198,1.9265563488006592,,comida,
171.505,-2.5197360515594482,1.3364286422729492,1.9182273149490356,,comida,
171.552,-2.515834331512451,1.3855754137039185,1.909898281097412,,comida,
171.57,-2.511932611465454,1.4347221851348877,1.9015692472457886,,comida,
171.603,-2.508030891418457,1.483868956565857,1.893240213394165,,comida,
171.65,-2.50412917137146,1.5330157279968262,1.8849111795425415,,comida,
171.668,-2.500227451324463,1.5821624994277954,1.876582145690918,,comida,
171.701,-2.496325731277466,1.6313092708587646,1.8682531118392944,,comida,
171.748,-2.4924240112304688,1.6804560422897339,1.859924077987671,,comida,
171.766,-2.4885222911834717,1.7296028137207031,1.8515950441360474,,comida,
171.799,-2.4846205711364746,1.7787495851516724,1.8432660102844238,,comida,
171.846,-2.4807188510894775,1.8278963565826416,1.8349369764328003,,comida,
171.864,-2.4768171310424805,1.8770431280136108,1.8266079425811768,,comida,
171.897,-2.4729154109954834,1.92618989944458,1.8182789087295532,,comida,
171.945,-2.4690136909484863,1.9753366708755493,1.8099498748779297,,comida,
171.963,-2.4651119709014893,2.0244834423065186,1.8016208410263062,,comida,
171.996,-2.461210250854492,2.0736300945281982,1.7932918071746826,,comida,
172.044,-2.457308530807495,2.122776746749878,1.784962773323059,,comida,
172.061,-2.453406810760498,2.1719233989715576,1.7766337394714355,,comida,
172.094,-2.449505090713501,2.2210700511932373,1.768304705619812,,comida,
172.143,-2.445603370666504,2.270216703414917,1.7599756717681885,,comida,
172.159,-2.441701650619507,2.3193633556365967,1.751646637916565,,comida,
172.192,-2.4377999305725098,2.3685100078582764,1.7433176040649414,,comida,
172.239,-2.4338982105255127,2.417656660079956,1.7349885702133179,,comida,
172.257,-2.4299964904785156,2.4668033123016357,1.7266595363616943,,comida,
172.292,-2.4260947704315186,2.5159499645233154,1.7183305025100708,,comida,
172.341,-2.4221930503845215,2.565096616744995,1.7100014686584473,,comida,
172.356,-2.4182913303375244,2.614243268966675,1.7016724348068237,,comida,
172.388,-2.4143896102905273,2.6633899211883545,1.6933434009552002,,comida,
172.439,-2.4104878902435303,2.712536573410034,1.6850143671035767,,comida,
172.455,-2.406586170196533,2.761683225631714,1.6766853332519531,,comida,
172.489,-2.402684450149536,2.8108298778533936,1.6683562994003296,,comida,
172.536,-2.398782730102539,2.8599765300750732,1.660027265548706,,comida,
172.552,-2.394881010055542,2.909123182296753,1.6516982316970825,,comida,
172.586,-2.390979290008545,2.9582698345184326,1.643369197845459,,comida,
172.632,-2.387077569961548,3.0074164867401123,1.6350401639938354,,comida,
172.65,-2.383175849914551,3.056563138961792,1.626711130142212,,comida,
172.681,-2.3792741298675537,3.1057097911834717,1.6183820962905884,,comida,
172.729,-2.3753724098205566,3.1548564434051514,1.6100530624389648,,comida,
172.746,-2.3714706897735596,3.204003095626831,1.6017240285873413,,comida,
172.779,-2.3675689697265625,3.2531497478485107,1.5933949947357178,,comida,
172.825,-2.3636672496795654,3.3022964000701904,1.5850659608840942,,comida,
172.843,-2.3597655296325684,3.35144305229187,1.5767369270324707,,comida,
172.876,-2.3597655296325684,3.35144305229187,1.5767369270324707,,comida,
172.924,-2.3597655296325684,3.35144305229187,1.5767369270324707,,comida,
172.942,-2.3597655296325684,3.35144305229187,1.5767369270324707,,comida,
172.976,-2.3597655296325684,3.35144305229187,1.5767369270324707,,comida,
173.022,-2.3597655296325684,3.35144305229187,1.5767369270324707,,comida,
173.039,-2.3597655296325684,3.35144305229187,1.5767369270324707,,comida,
173.073,-2.3597655296325684,3.35144305229187,1.5767369270324707,,comida,
173.121,-2.3597655296325684,3.35144305229187,1.5767369270324707,,comida,
173.137,-2.3597655296325684,3.35144305229187,1.5767369270324707,,comida,
173.173,-2.3597655296325684,3.35144305229187,1.5767369270324707,,comida,
173.22,-2.3597655296325684,3.35144305229187,1.5767369270324707,,comida,
173.237,-2.3597655296325684,3.35144305229187,1.5767369270324707,,comida,
173.27,-2.3597655296325684,3.35144305229187,1.5767369270324707,,comida,
173.318,-2.3597655296325684,3.35144305229187,1.5767369270324707,,comida,
173.337,-2.3597655296325684,3.35144305229187,1.5767369270324707,,comida,
173.369,-2.3597655296325684,3.35144305229187,1.5767369270324707,,comida,
173.416,-2.3597655296325684,3.35144305229187,1.5767369270324707,,comida,
173.435,-2.3597655296325684,3.35144305229187,1.5767369270324707,,comida,
173.468,-2.3597655296325684,3.35144305229187,1.5767369270324707,,comida,
173.515,-2.3597655296325684,3.35144305229187,1.5767369270324707,,comida,
173.533,-2.3389174938201904,3.342245578765869,1.532231092453003,,comida,
173.565,-2.3180694580078125,3.333048105239868,1.4877252578735352,,comida,
173.612,-2.2972214221954346,3.323850631713867,1.4432194232940674,,comida,
173.63,-2.2763733863830566,3.314653158187866,1.3987135887145996,,comida,
173.664,-2.2763733863830566,3.314653158187866,1.3987135887145996,,comida,
173.712,-2.2763733863830566,3.314653158187866,1.3987135887145996,,comida,
173.728,-2.2763733863830566,3.314653158187866,1.3987135887145996,,comida,
173.762,-2.2763733863830566,3.314653158187866,1.3987135887145996,,comida,
173.81,-2.2763733863830566,3.314653158187866,1.3987135887145996,,comida,
173.827,-2.2763733863830566,3.314653158187866,1.3987135887145996,,comida,
173.858,-2.2763733863830566,3.314653158187866,1.3987135887145996,,comida,
173.907,-2.2763733863830566,3.314653158187866,1.3987135887145996,,comida,
173.925,-2.2763733863830566,3.314653158187866,1.3987135887145996,,comida,
173.957,-2.2763733863830566,3.314653158187866,1.3987135887145996,,comida,
174.006,-2.2763733863830566,3.314653158187866,1.3987135887145996,,comida,
174.021,-2.2763733863830566,3.314653158187866,1.3987135887145996,,comida,
174.054,-2.2763733863830566,3.314653158187866,1.3987135887145996,,comida,
174.11,-2.2555253505706787,3.3054556846618652,1.3542077541351318,kinder,comida,4
174.12,-2.234677314758301,3.2962582111358643,1.309701919555664,kinder,comida,4
174.152,-2.213829278945923,3.2870607376098633,1.2651960849761963,kinder,comida,4
174.203,-2.192981243133545,3.2778632640838623,1.2206902503967285,kinder,comida,4
174.222,-2.172133207321167,3.2686657905578613,1.1761844158172607,kinder,comida,4
174.257,-2.172133207321167,3.2686657905578613,1.1761844158172607,kinder,comida,4
174.306,-2.172133207321167,3.2686657905578613,1.1761844158172607,kinder,comida,4
174.324,-2.172133207321167,3.2686657905578613,1.1761844158172607,kinder,comida,4
174.355,-2.172133207321167,3.2686657905578613,1.1761844158172607,kinder,comida,4
174.406,-2.172133207321167,3.2686657905578613,1.1761844158172607,kinder,comida,4
174.423,-2.172133207321167,3.2686657905578613,1.1761844158172607,kinder,comida,4
174.455,-2.172133207321167,3.2686657905578613,1.1761844158172607,kinder,comida,4
174.506,-2.172133207321167,3.2686657905578613,1.1761844158172607,kinder,comida,4
174.525,-2.172133207321167,3.2686657905578613,1.1761844158172607,kinder,comida,4
174.558,-2.172133207321167,3.2686657905578613,1.1761844158172607,kinder,comida,4
174.605,-2.172133207321167,3.2686657905578613,1.1761844158172607,kinder,comida,4
174.624,-2.172133207321167,3.2686657905578613,1.1761844158172607,kinder,comida,4
174.656,-2.172133207321167,3.2686657905578613,1.1761844158172607,kinder,comida,4
174.709,-2.172133207321167,3.2686657905578613,1.1761844158172607,kinder,comida,4
174.723,-2.172133207321167,3.2686657905578613,1.1761844158172607,kinder,comida,4
174.756,-2.172133207321167,3.2686657905578613,1.1761844158172607,kinder,comida,4
174.806,-2.172133207321167,3.2686657905578613,1.1761844158172607,kinder,comida,4
174.82,-2.172133207321167,3.2686657905578613,1.1761844158172607,kinder,comida,4
174.852,-2.172133207321167,3.2686657905578613,1.1761844158172607,kinder,comida,4
174.9,-2.172133207321167,3.2686657905578613,1.1761844158172607,kinder,comida,4
174.916,-2.126854658126831,3.2686657905578613,1.1973943710327148,kinder,comida,4
174.951,-2.081576108932495,3.2686657905578613,1.218604326248169,kinder,comida,4
174.998,-2.036297559738159,3.2686657905578613,1.239814281463623,kinder,comida,4
175.015,-1.9910191297531128,3.2686657905578613,1.2610242366790771,kinder,comida,4
175.047,-1.9457406997680664,3.2686657905578613,1.2822341918945312,kinder,comida,4
175.097,-1.90046226978302,3.2686657905578613,1.3034441471099854,,comida,
175.111,-1.8551838397979736,3.2686657905578613,1.3246541023254395,,comida,
175.144,-1.8099054098129272,3.2686657905578613,1.3458640575408936,,comida,
175.191,-1.7646269798278809,3.2686657905578613,1.3670740127563477,,comida,
175.209,-1.7193485498428345,3.2686657905578613,1.3882839679718018,,comida,
175.242,-1.674070119857788,3.2686657905578613,1.4094939231872559,,comida,
175.29,-1.6287916898727417,3.2686657905578613,1.43070387840271,,comida,
175.308,-1.6287916898727417,3.2686657905578613,1.43070387840271,,comida,
175.341,-1.6287916898727417,3.2686657905578613,1.43070387840271,,comida,
175.391,-1.6287916898727417,3.2686657905578613,1.43070387840271,,comida,
175.408,-1.6287916898727417,3.2686657905578613,1.43070387840271,,comida,
175.44,-1.6287916898727417,3.2686657905578613,1.43070387840271,,comida,
175.485,-1.6287916898727417,3.2686657905578613,1.43070387840271,,comida,
175.503,-1.6287916898727417,3.2686657905578613,1.43070387840271,,comida,
175.534,-1.6287916898727417,3.2686657905578613,1.43070387840271,,comida,
175.582,-1.5835132598876953,3.2686657905578613,1.451913833618164,,comida,
175.601,-1.538234829902649,3.2686657905578613,1.4731237888336182,,comida,
175.63,-1.4929563999176025,3.2686657905578613,1.4943337440490723,,comida,
175.679,-1.4476779699325562,3.2686657905578613,1.5155436992645264,,comida,
175.695,-1.4023995399475098,3.2686657905578613,1.5367536544799805,,comida,
175.728,-1.3571211099624634,3.2686657905578613,1.5579636096954346,,comida,
175.775,-1.311842679977417,3.2686657905578613,1.5791735649108887,,comida,
175.791,-1.2665642499923706,3.2686657905578613,1.6003835201263428,,comida,
175.823,-1.2212858200073242,3.2686657905578613,1.6215934753417969,,comida,
175.872,-1.1760073900222778,3.2686657905578613,1.642803430557251,,comida,
175.887,-1.1307289600372314,3.2686657905578613,1.664013385772705,,comida,
175.919,-1.085450530052185,3.2686657905578613,1.6852233409881592,,comida,
175.968,-1.0401721000671387,3.2686657905578613,1.7064332962036133,,comida,
175.984,-0.9948936700820923,3.2686657905578613,1.7276432514190674,,comida,
176.017,-0.9496152400970459,3.2686657905578613,1.7488532066345215,,comida,
176.065,-0.9043368101119995,3.2686657905578613,1.7700631618499756,,comida,
176.083,-0.8590583801269531,3.2686657905578613,1.7912731170654297,,comida,
176.116,-0.8137799501419067,3.2686657905578613,1.8124830722808838,,comida,
176.165,-0.7685015201568604,3.2686657905578613,1.833693027496338,,comida,
176.182,-0.723223090171814,3.2686657905578613,1.854902982711792,,comida,
176.216,-0.6779446601867676,3.2686657905578613,1.876112937927246,,comida,
176.263,-0.6326662302017212,3.2686657905578613,1.8973228931427002,,comida,
176.28,-0.5873878002166748,3.2686657905578613,1.9185328483581543,,comida,
176.313,-0.5421093702316284,3.2686657905578613,1.9397428035736084,,comida,
176.361,-0.49683094024658203,3.2686657905578613,1.9609527587890625,,comida,
176.378,-0.45155251026153564,3.2686657905578613,1.9821627140045166,,comida,
176.411,-0.40627408027648926,3.2686657905578613,2.0033726692199707,,comida,
176.457,-0.36099565029144287,3.2686657905578613,2.024582624435425,,comida,
176.476,-0.3157172203063965,3.2686657905578613,2.045792579650879,,comida,
176.507,-0.2704387903213501,3.2686657905578613,2.067002534866333,,comida,
176.555,-0.22516034543514252,3.2686657905578613,2.088212490081787,,comida,
176.572,-0.17988190054893494,3.2686657905578613,2.109422445297241,,comida,
176.606,-0.13460345566272736,3.2686657905578613,2.1306324005126953,,comida,
176.656,-0.08899744600057602,3.2686657905578613,2.1511285305023193,,comida,
176.671,-0.04307512566447258,3.2686657905578613,2.170905828475952,,comida,
176.702,0.0031521767377853394,3.2686657905578613,2.1899592876434326,,comida,
176.748,0.04983120039105415,3.2686657905578613,2.2078776359558105,,comida,
176.767,0.0970500111579895,3.2686657905578613,2.224320888519287,,comida,
176.797,0.14473585784435272,3.2686657905578613,2.239356279373169,,comida,
176.842,0.19284676015377045,3.2686657905578613,2.2529702186584473,,comida,
176.861,0.24121014773845673,3.2686657905578613,2.265658140182495,,comida,
176.893,0.2896609306335449,3.2686657905578613,2.278007984161377,,comida,
176.938,0.3382176458835602,3.2686657905578613,2.2899346351623535,,comida,
176.958,0.38685643672943115,3.2686657905578613,2.3015220165252686,,comida,
176.99,0.43555521965026855,3.2686657905578613,2.312854528427124,,comida,
177.034,0.48425400257110596,3.2686657905578613,2.3241870403289795,,comida,
177.054,0.532972514629364,3.2686657905578613,2.335434675216675,,comida,
177.084,0.5816910266876221,3.2686657905578613,2.34668231010437,,comida,
177.129,0.6304290890693665,3.2686657905578613,2.357844829559326,,comida,
177.147,0.6791671514511108,3.2686657905578613,2.3690073490142822,,comida,
177.179,0.727924644947052,3.2686657905578613,2.380084753036499,,comida,
177.223,0.727924644947052,3.2686657905578613,2.380084753036499,,comida,
177.242,0.727924644947052,3.2686657905578613,2.380084753036499,,comida,
177.273,0.727924644947052,3.2686657905578613,2.380084753036499,,comida,
177.32,0.727924644947052,3.2686657905578613,2.380084753036499,,comida,
177.336,0.727924644947052,3.2686657905578613,2.380084753036499,,comida,
177.367,0.727924644947052,3.2686657905578613,2.380084753036499,,comida,
177.413,0.727924644947052,3.2686657905578613,2.380084753036499,,comida,
177.43,0.727924644947052,3.2686657905578613,2.380084753036499,,comida,
177.463,0.727924644947052,3.2686657905578613,2.380084753036499,,comida,
177.506,0.727924644947052,3.2686657905578613,2.380084753036499,,comida,
177.528,0.727924644947052,3.2686657905578613,2.380084753036499,,comida,
177.558,0.727924644947052,3.2686657905578613,2.380084753036499,,comida,
177.602,0.727924644947052,3.2686657905578613,2.380084753036499,,comida,
177.622,0.727924644947052,3.2686657905578613,2.380084753036499,,comida,
177.653,0.727924644947052,3.2686657905578613,2.380084753036499,,comida,
177.696,0.727924644947052,3.2686657905578613,2.380084753036499,,comida,
177.716,0.727924644947052,3.2686657905578613,2.380084753036499,,comida,
177.747,0.727924644947052,3.2686657905578613,2.380084753036499,,comida,
177.792,0.727924644947052,3.2686657905578613,2.380084753036499,,comida,
177.811,0.727924644947052,3.2686657905578613,2.380084753036499,,comida,
177.843,0.727924644947052,3.2686657905578613,2.380084753036499,,comida,
177.886,0.727924644947052,3.2686657905578613,2.380084753036499,,comida,
177.905,0.727924644947052,3.2686657905578613,2.380084753036499,,comida,
177.937,0.727924644947052,3.2686657905578613,2.380084753036499,,comida,
177.981,0.727924644947052,3.2686657905578613,2.380084753036499,,comida,
178.0,0.727924644947052,3.2686657905578613,2.380084753036499,,comida,
178.032,0.727924644947052,3.2686657905578613,2.380084753036499,,comida,
178.073,0.727924644947052,3.2686657905578613,2.380084753036499,,comida,
178.094,0.727924644947052,3.2686657905578613,2.380084753036499,,comida,
178.126,0.727924644947052,3.2686657905578613,2.380084753036499,,comida,
178.166,0.727924644947052,3.2686657905578613,2.380084753036499,,comida,
178.191,0.727924644947052,3.2686657905578613,2.380084753036499,,comida,
178.222,0.727924644947052,3.2686657905578613,2.380084753036499,,comida,
178.266,0.727924644947052,3.2686657905578613,2.380084753036499,,comida,
178.286,0.727924644947052,3.2686657905578613,2.380084753036499,,comida,
178.317,0.727924644947052,3.2686657905578613,2.380084753036499,,comida,
178.36,0.727924644947052,3.2686657905578613,2.380084753036499,,comida,
178.381,0.72577303647995,3.219618082046509,2.3895552158355713,,comida,
178.413,0.7236214280128479,3.1705703735351562,2.3990256786346436,,comida,
178.455,0.7214698195457458,3.1215226650238037,2.408496141433716,,comida,
178.476,0.7193182110786438,3.072474956512451,2.417966604232788,,comida,
178.507,0.7171666026115417,3.0234272480010986,2.4274370670318604,,comida,
178.549,0.7150149941444397,2.974379539489746,2.4369075298309326,,comida,
178.571,0.7128633856773376,2.9253318309783936,2.446377992630005,,comida,
178.603,0.7107117772102356,2.876284122467041,2.455848455429077,,comida,
178.646,0.7085601687431335,2.8272364139556885,2.4653189182281494,,comida,
178.666,0.7064085602760315,2.778188705444336,2.4747893810272217,,comida,
178.698,0.7042569518089294,2.7291409969329834,2.484259843826294,,comida,
178.74,0.7021053433418274,2.680093288421631,2.493730306625366,,comida,
178.761,0.6999537348747253,2.6310455799102783,2.5032007694244385,,comida,
178.793,0.6978021264076233,2.581997871398926,2.5126712322235107,,comida,
178.835,0.6956505179405212,2.5329501628875732,2.522141695022583,,comida,
178.856,0.6934989094734192,2.4839024543762207,2.5316121578216553,,comida,
178.889,0.6913473010063171,2.434854745864868,2.5410826206207275,,comida,
178.931,0.6891956925392151,2.3858070373535156,2.5505530834198,,comida,
178.952,0.687044084072113,2.336759328842163,2.560023546218872,,comida,
178.983,0.684892475605011,2.2877116203308105,2.5694940090179443,,comida,
179.026,0.6827408671379089,2.238663911819458,2.5789644718170166,,comida,
179.047,0.6827408671379089,2.238663911819458,2.5789644718170166,,comida,
179.079,0.6827408671379089,2.238663911819458,2.5789644718170166,,comida,
179.124,0.6827408671379089,2.238663911819458,2.5789644718170166,,comida,
179.145,0.6827408671379089,2.238663911819458,2.5789644718170166,,comida,
179.177,0.6827408671379089,2.238663911819458,2.5789644718170166,,comida,
179.225,0.6827408671379089,2.238663911819458,2.5789644718170166,,comida,
179.242,0.6827408671379089,2.238663911819458,2.5789644718170166,,comida,
179.275,0.6827408671379089,2.238663911819458,2.5789644718170166,,comida,
179.317,0.6827408671379089,2.238663911819458,2.5789644718170166,,comida,
179.338,0.6827408671379089,2.238663911819458,2.5789644718170166,,comida,
179.371,0.6827408671379089,2.238663911819458,2.5789644718170166,,comida,
179.418,0.6827408671379089,2.238663911819458,2.5789644718170166,,comida,
179.436,0.6936073303222656,2.228952169418335,2.5311355590820312,,comida,
179.468,0.7044737935066223,2.219240427017212,2.483306646347046,,comida,
179.512,0.715340256690979,2.209528684616089,2.4354777336120605,,comida,
179.533,0.7262067198753357,2.199816942214966,2.387648820877075,,comida,
179.567,0.7370731830596924,2.1901051998138428,2.33981990814209,,comida,
179.609,0.7479396462440491,2.1803934574127197,2.2919909954071045,,comida,
179.631,0.7588061094284058,2.1706817150115967,2.244162082672119,,comida,
179.663,0.7696725726127625,2.1609699726104736,2.196333169937134,,comida,
179.707,0.7805390357971191,2.1512582302093506,2.1485042572021484,,comida,
179.727,0.7914054989814758,2.1415464878082275,2.100675344467163,,comida,
179.76,0.8022719621658325,2.1318347454071045,2.0528464317321777,,comida,
179.805,0.8131384253501892,2.1221230030059814,2.0050175189971924,,comida,
179.825,0.8240048885345459,2.1124112606048584,1.957188606262207,,comida,
179.858,0.8348713517189026,2.1026995182037354,1.9093596935272217,,comida,
179.903,0.8457378149032593,2.0929877758026123,1.8615307807922363,,comida,
179.925,0.856604278087616,2.0832760334014893,1.813701868057251,,comida,
179.956,0.8674707412719727,2.073564291000366,1.7658729553222656,,comida,
180.006,0.8773331642150879,2.063852548599243,1.7178269624710083,,comida,
180.024,0.8862744569778442,2.0542263984680176,1.6695839166641235,,comida,
180.057,0.8945469260215759,2.044771671295166,1.6211879253387451,,comida,
180.098,0.9024866223335266,2.0354883670806885,1.5727031230926514,,comida,
180.123,0.9095812439918518,2.0262908935546875,1.5240710973739624,,comida,
180.157,0.916085422039032,2.0172648429870605,1.4753245115280151,,comida,
180.198,0.9220787882804871,2.0082387924194336,1.4265124797821045,,comida,
180.221,0.9276477098464966,1.9992986917495728,1.3776344060897827,,comida,
180.255,0.9323657155036926,1.9905303716659546,1.3286359310150146,,comida,
180.297,0.9366559982299805,1.9817620515823364,1.2795981168746948,,comida,
180.319,0.9409462809562683,1.9729937314987183,1.230560302734375,,comida,
180.351,0.9452365636825562,1.9642254114151,1.1815224885940552,,comida,
180.396,0.949526846408844,1.955457091331482,1.1324846744537354,,comida,
180.417,0.9538171291351318,1.9466887712478638,1.0834468603134155,,comida,
180.452,0.9581074118614197,1.9379204511642456,1.0344090461730957,,comida,
180.495,0.9623976945877075,1.9291521310806274,0.9853711724281311,,comida,
180.519,0.9666879773139954,1.9203838109970093,0.9363332986831665,,comida,
180.551,0.9709782600402832,1.9116154909133911,0.8872954249382019,,comida,
180.597,0.975268542766571,1.902847170829773,0.8382575511932373,,comida,
180.616,0.9795588254928589,1.8940788507461548,0.7892196774482727,,comida,
180.651,0.9838491082191467,1.8853105306625366,0.7401818037033081,,comida,
180.693,0.9881393909454346,1.8765422105789185,0.6911439299583435,,comida,
180.715,0.9924296736717224,1.8677738904953003,0.6421060562133789,,comida,
180.748,0.9967199563980103,1.8590055704116821,0.5930681824684143,,comida,
180.797,1.0010101795196533,1.850237250328064,0.5440303087234497,,comida,
180.815,1.004615306854248,1.8414689302444458,0.49493736028671265,,comida,
180.85,1.0060756206512451,1.8327006101608276,0.4457338750362396,,comida,
180.892,1.0052162408828735,1.8240182399749756,0.39650097489356995,,comida,
180.913,1.001780390739441,1.8154218196868896,0.34736549854278564,,comida,
180.945,0.996715784072876,1.8069113492965698,0.2983560860157013,,comida,
180.99,0.9910528063774109,1.79840087890625,0.24941220879554749,,comida,
181.011,0.9853881001472473,1.7899763584136963,0.20045365393161774,,comida,
181.044,0.9797233939170837,1.7815518379211426,0.151495099067688,,comida,
181.088,0.9740586876869202,1.7731273174285889,0.10253654420375824,,comida,
181.112,0.9685649275779724,1.7647027969360352,0.05355851724743843,,comida,
181.143,0.9630711674690247,1.7562782764434814,0.004580490291118622,,comida,
181.189,0.9575774073600769,1.7478537559509277,-0.04439753666520119,,comida,
181.211,0.9520836472511292,1.739429235458374,-0.093375563621521,,comida,
181.243,0.9465898871421814,1.7310047149658203,-0.1423535943031311,,comida,
181.287,0.9410961270332336,1.7225801944732666,-0.1913316249847412,,comida,
181.31,0.9356023669242859,1.714155673980713,-0.24030965566635132,,comida,
181.342,0.9300945401191711,1.706506371498108,-0.2894131541252136,,comida,
181.384,0.9243835210800171,1.7009329795837402,-0.3387722373008728,,comida,
181.407,0.9182177782058716,1.6975321769714355,-0.3882739245891571,,comida,
181.438,0.9117043614387512,1.6943926811218262,-0.43774834275245667,,comida,
181.481,0.9051909446716309,1.6912531852722168,-0.4872227609157562,,comida,
181.505,0.8985034227371216,1.6882878541946411,-0.5366846919059753,,comida,
181.537,0.8917282223701477,1.6854968070983887,-0.5861448645591736,,comida,
181.58,0.8849530220031738,1.6827057600021362,-0.6356050372123718,,comida,
181.602,0.8781759142875671,1.6801761388778687,-0.6850789785385132,,comida,
181.637,0.8713960647583008,1.6780823469161987,-0.7345728874206543,,comida,
181.681,0.8646157383918762,1.67607581615448,-0.7840703725814819,,comida,
181.703,0.8582671880722046,1.6741564273834229,-0.8336285352706909,,comida,
181.737,0.8520916700363159,1.6722370386123657,-0.8832085728645325,,comida,
181.78,0.8520916700363159,1.6722370386123657,-0.8832085728645325,,comida,
181.802,0.8520916700363159,1.6722370386123657,-0.8832085728645325,,comida,
181.835,0.8520916700363159,1.6722370386123657,-0.8832085728645325,,comida,
181.877,0.8520916700363159,1.6722370386123657,-0.8832085728645325,,comida,
181.898,0.8520916700363159,1.6722370386123657,-0.8832085728645325,,comida,
181.931,0.8520916700363159,1.6722370386123657,-0.8832085728645325,,comida,
181.974,0.8520916700363159,1.6722370386123657,-0.8832085728645325,,comida,
181.998,0.9017082452774048,1.6722370386123657,-0.8893886208534241,,comida,
182.028,0.9513248205184937,1.6722370386123657,-0.8955686688423157,,comida,
182.072,1.0009413957595825,1.6722370386123657,-0.9017487168312073,,comida,
182.094,1.0505579710006714,1.6722370386123657,-0.9079287648200989,,comida,
182.126,1.1001745462417603,1.6722370386123657,-0.9141088128089905,,comida,
182.17,1.1497911214828491,1.6722370386123657,-0.9202888607978821,,comida,
182.193,1.199407696723938,1.6722370386123657,-0.9264689087867737,,comida,
182.224,1.2490242719650269,1.6722370386123657,-0.9326489567756653,,comida,
182.268,1.2986408472061157,1.6722370386123657,-0.9388290047645569,,comida,
182.29,1.2986408472061157,1.6722370386123657,-0.9388290047645569,,comida,
182.322,1.2986408472061157,1.6722370386123657,-0.9388290047645569,,comida,
182.364,1.2986408472061157,1.6722370386123657,-0.9388290047645569,,comida,
182.386,1.2986408472061157,1.6722370386123657,-0.9388290047645569,,comida,
182.419,1.2986408472061157,1.6722370386123657,-0.9388290047645569,,comida,
182.463,1.2986408472061157,1.6722370386123657,-0.9388290047645569,,comida,
182.486,1.2986408472061157,1.6722370386123657,-0.9388290047645569,,comida,
182.519,1.2986408472061157,1.6722370386123657,-0.9388290047645569,,comida,
182.564,1.2986408472061157,1.6722370386123657,-0.9388290047645569,,comida,
182.584,1.2986408472061157,1.6722370386123657,-0.9388290047645569,,comida,
182.616,1.2986408472061157,1.6722370386123657,-0.9388290047645569,,comida,
182.663,1.2986408472061157,1.6722370386123657,-0.9388290047645569,,comida,
182.683,1.2986408472061157,1.6722370386123657,-0.9388290047645569,,comida,
182.717,1.2986408472061157,1.6722370386123657,-0.9388290047645569,,comida,
182.76,1.2986408472061157,1.6722370386123657,-0.9388290047645569,,comida,
182.781,1.2986408472061157,1.6722370386123657,-0.9388290047645569,,comida,
182.813,1.2986408472061157,1.6722370386123657,-0.9388290047645569,,comida,
182.86,1.2986408472061157,1.6722370386123657,-0.9388290047645569,,comida,
182.889,1.2986408472061157,1.6722370386123657,-0.9388290047645569,,comida,
182.923,1.2986408472061157,1.6722370386123657,-0.9388290047645569,,comida,
182.968,1.2986408472061157,1.6722370386123657,-0.9388290047645569,,comida,
182.987,1.2986408472061157,1.6722370386123657,-0.9388290047645569,,comida,
183.019,1.2986408472061157,1.6722370386123657,-0.9388290047645569,,comida,
183.066,1.2986408472061157,1.6722370386123657,-0.9388290047645569,,comida,
183.086,1.2986408472061157,1.6722370386123657,-0.9388290047645569,,comida,
183.12,1.2986408472061157,1.6722370386123657,-0.9388290047645569,,comida,
183.163,1.2986408472061157,1.6722370386123657,-0.9388290047645569,,comida,
183.186,1.2986408472061157,1.6722370386123657,-0.9388290047645569,,comida,
183.218,1.2986408472061157,1.6722370386123657,-0.9388290047645569,,comida,
183.264,1.2986408472061157,1.6722370386123657,-0.9388290047645569,,comida,
183.285,1.2986408472061157,1.6722370386123657,-0.9388290047645569,,comida,
183.32,1.2986408472061157,1.6722370386123657,-0.9388290047645569,,comida,
183.366,1.2986408472061157,1.6722370386123657,-0.9388290047645569,,comida,
183.385,1.2986408472061157,1.6722370386123657,-0.9388290047645569,,comida,
183.417,1.2986408472061157,1.6722370386123657,-0.9388290047645569,,comida,
183.465,1.2986408472061157,1.6722370386123657,-0.9388290047645569,,comida,
183.481,1.2986408472061157,1.6722370386123657,-0.9388290047645569,,comida,
183.514,1.2986408472061157,1.6722370386123657,-0.9388290047645569,,comida,
183.563,1.2986408472061157,1.6722370386123657,-0.9388290047645569,,comida,
183.58,1.2986408472061157,1.6722370386123657,-0.9388290047645569,,comida,
183.612,1.2986408472061157,1.6722370386123657,-0.9388290047645569,,comida,
183.659,1.2986408472061157,1.6722370386123657,-0.9388290047645569,,comida,
183.679,1.2986408472061157,1.6722370386123657,-0.9388290047645569,,comida,
183.711,1.2986408472061157,1.6722370386123657,-0.9388290047645569,,comida,
183.759,1.2986408472061157,1.6722370386123657,-0.9388290047645569,,comida,
183.778,1.2986408472061157,1.6722370386123657,-0.9388290047645569,,comida,
183.809,1.2986408472061157,1.6722370386123657,-0.9388290047645569,,comida,
183.855,1.2986408472061157,1.6722370386123657,-0.9388290047645569,,comida,
183.877,1.2986408472061157,1.6722370386123657,-0.9388290047645569,,comida,
183.91,1.2986408472061157,1.6722370386123657,-0.9388290047645569,,comida,
183.961,1.2986408472061157,1.6722370386123657,-0.9388290047645569,,comida,
183.977,1.2986408472061157,1.6722370386123657,-0.9388290047645569,,comida,
184.009,1.2986408472061157,1.6722370386123657,-0.9388290047645569,,comida,
184.057,1.2986408472061157,1.6722370386123657,-0.9388290047645569,,comida,
184.078,1.2532799243927002,1.6678792238235474,-0.9594056010246277,,comida,
184.108,1.2079190015792847,1.663521409034729,-0.9799821972846985,,comida,
184.159,1.1625580787658691,1.6591635942459106,-1.000558853149414,,comida,
184.174,1.1171971559524536,1.6548057794570923,-1.0211354494094849,,comida,
184.207,1.071836233139038,1.650447964668274,-1.0417120456695557,,comida,
184.256,1.0264753103256226,1.6460901498794556,-1.0622886419296265,,comida,
184.274,0.981114387512207,1.6417323350906372,-1.0828652381896973,,comida,
184.306,0.9357534646987915,1.6373745203018188,-1.103441834449768,,comida,
184.355,0.890392541885376,1.6330167055130005,-1.1240184307098389,,comida,
184.37,0.8450316190719604,1.6286588907241821,-1.1445950269699097,,comida,
184.403,0.7996706962585449,1.6243010759353638,-1.1651716232299805,,comida,
184.451,0.7543097734451294,1.6199432611465454,-1.1857482194900513,,comida,
184.469,0.7089488506317139,1.615585446357727,-1.206324815750122,,comida,
184.5,0.6635879278182983,1.6112276315689087,-1.2269014120101929,,comida,
184.549,0.6182270050048828,1.6068698167800903,-1.2474780082702637,,comida,
184.571,0.5728302597999573,1.602512001991272,-1.2679754495620728,,comida,
184.602,0.52691251039505,1.5981541872024536,-1.2872774600982666,,comida,
184.651,0.47866106033325195,1.5941442251205444,-1.2997561693191528,,comida,
184.668,0.42904427647590637,1.5908305644989014,-1.3049710988998413,,comida,
184.701,0.37924155592918396,1.5876039266586304,-1.3080171346664429,,comida,
184.751,0.32942357659339905,1.5843772888183594,-1.3108023405075073,,comida,
184.769,0.2795952558517456,1.58123779296875,-1.313501000404358,,comida,
184.8,0.22976693511009216,1.5780982971191406,-1.3161996603012085,,comida,
184.848,0.17993861436843872,1.5749588012695312,-1.318898320198059,,comida,
184.866,0.13011029362678528,1.5718193054199219,-1.3215969800949097,,comida,
184.901,0.13011029362678528,1.5718193054199219,-1.3215969800949097,,comida,
184.945,0.13011029362678528,1.5718193054199219,-1.3215969800949097,,comida,
184.969,0.13011029362678528,1.5718193054199219,-1.3215969800949097,,comida,
185.003,0.13011029362678528,1.5718193054199219,-1.3215969800949097,,comida,
185.05,0.13011029362678528,1.5718193054199219,-1.3215969800949097,,comida,
185.067,0.13011029362678528,1.5718193054199219,-1.3215969800949097,,comida,
185.101,0.13011029362678528,1.5718193054199219,-1.3215969800949097,,comida,
185.15,0.13011029362678528,1.5718193054199219,-1.3215969800949097,,comida,
185.168,0.13011029362678528,1.5718193054199219,-1.3215969800949097,,comida,
185.199,0.13011029362678528,1.5718193054199219,-1.3215969800949097,,comida,
185.247,0.13011029362678528,1.5718193054199219,-1.3215969800949097,,comida,
185.266,0.13011029362678528,1.5718193054199219,-1.3215969800949097,,comida,
185.298,0.13011029362678528,1.5718193054199219,-1.3215969800949097,,comida,
185.346,0.13011029362678528,1.5718193054199219,-1.3215969800949097,,comida,
185.367,0.1328142285346985,1.5718193054199219,-1.3715238571166992,,comida,
185.398,0.1355181634426117,1.5718193054199219,-1.4214507341384888,,comida,
185.446,0.1382220983505249,1.5718193054199219,-1.4713776111602783,,comida,
185.464,0.1409260332584381,1.5718193054199219,-1.5213044881820679,,comida,
185.497,0.14362996816635132,1.5718193054199219,-1.5712313652038574,,comida,
185.544,0.14633390307426453,1.5718193054199219,-1.621158242225647,,comida,
185.562,0.14903783798217773,1.5718193054199219,-1.6710851192474365,,comida,
185.596,0.15174177289009094,1.5718193054199219,-1.721011996269226,,comida,
185.643,0.15444570779800415,1.5718193054199219,-1.7709388732910156,,comida,
185.661,0.15714964270591736,1.5718193054199219,-1.8208657503128052,,comida,
185.694,0.15985357761383057,1.5718193054199219,-1.8707926273345947,,comida,
185.743,0.16255751252174377,1.5718193054199219,-1.9207195043563843,,comida,
185.759,0.16526144742965698,1.5718193054199219,-1.9706463813781738,,comida,
185.793,0.1679653823375702,1.5718193054199219,-2.020573139190674,,comida,
185.842,0.1706693172454834,1.5718193054199219,-2.070499897003174,,comida,
185.859,0.1733732521533966,1.5718193054199219,-2.120426654815674,,comida,
185.894,0.17607718706130981,1.5718193054199219,-2.170353412628174,,comida,
185.942,0.17878112196922302,1.5718193054199219,-2.220280170440674,,comida,
185.96,0.18148505687713623,1.5718193054199219,-2.270206928253174,,comida,
185.992,0.18148505687713623,1.5718193054199219,-2.270206928253174,,comida,
186.039,0.18148505687713623,1.5718193054199219,-2.270206928253174,,comida,
186.056,0.18148505687713623,1.5718193054199219,-2.270206928253174,,comida,
186.09,0.18148505687713623,1.5718193054199219,-2.270206928253174,,comida,
186.136,0.18148505687713623,1.5718193054199219,-2.270206928253174,,comida,
186.156,0.18148505687713623,1.5718193054199219,-2.270206928253174,,comida,
186.187,0.18148505687713623,1.5718193054199219,-2.270206928253174,,comida,
186.237,0.18148505687713623,1.5718193054199219,-2.270206928253174,,comida,
186.254,0.18148505687713623,1.5718193054199219,-2.270206928253174,,comida,
186.286,0.18148505687713623,1.5718193054199219,-2.270206928253174,,comida,
186.333,0.18148505687713623,1.5718193054199219,-2.270206928253174,,comida,
186.354,0.18148505687713623,1.5718193054199219,-2.270206928253174,,comida,
186.386,0.18148505687713623,1.5718193054199219,-2.270206928253174,,comida,
186.435,0.18148505687713623,1.5718193054199219,-2.270206928253174,,comida,
186.453,0.18148505687713623,1.5718193054199219,-2.270206928253174,,comida,
186.489,0.18148505687713623,1.5718193054199219,-2.270206928253174,,comida,
186.534,0.18148505687713623,1.5718193054199219,-2.270206928253174,,comida,
186.552,0.18148505687713623,1.5718193054199219,-2.270206928253174,,comida,
186.584,0.18148505687713623,1.5718193054199219,-2.270206928253174,,comida,
186.632,0.18148505687713623,1.5718193054199219,-2.270206928253174,,comida,
186.65,0.18148505687713623,1.5718193054199219,-2.270206928253174,,comida,
186.682,0.18148505687713623,1.5718193054199219,-2.270206928253174,,comida,
186.732,0.18148505687713623,1.5718193054199219,-2.270206928253174,,comida,
186.749,0.18148505687713623,1.5718193054199219,-2.270206928253174,,comida,
186.781,0.18148505687713623,1.5718193054199219,-2.270206928253174,,comida,
186.829,0.18148505687713623,1.5718193054199219,-2.270206928253174,,comida,
186.848,0.18148505687713623,1.5718193054199219,-2.270206928253174,,comida,
186.88,0.18148505687713623,1.5718193054199219,-2.270206928253174,,comida,
186.931,0.18148505687713623,1.5718193054199219,-2.270206928253174,,comida,
186.946,0.18148505687713623,1.5718193054199219,-2.270206928253174,,comida,
186.98,0.18148505687713623,1.5718193054199219,-2.270206928253174,,comida,
187.026,0.18148505687713623,1.5718193054199219,-2.270206928253174,,comida,
187.044,0.18148505687713623,1.5718193054199219,-2.270206928253174,,comida,
187.076,0.18148505687713623,1.5718193054199219,-2.270206928253174,,comida,
187.123,0.18148505687713623,1.5718193054199219,-2.270206928253174,,comida,
187.141,0.18148505687713623,1.5718193054199219,-2.270206928253174,,comida,
187.176,0.18148505687713623,1.5718193054199219,-2.270206928253174,,comida,
187.225,0.18148505687713623,1.5718193054199219,-2.270206928253174,,comida,
187.24,0.18148505687713623,1.5718193054199219,-2.270206928253174,,comida,
187.275,0.18148505687713623,1.5718193054199219,-2.270206928253174,,comida,
187.322,0.18148505687713623,1.5718193054199219,-2.270206928253174,,comida,
187.338,0.18148505687713623,1.5718193054199219,-2.270206928253174,,comida,
187.372,0.18148505687713623,1.5718193054199219,-2.270206928253174,,comida,
187.421,0.18148505687713623,1.5718193054199219,-2.270206928253174,,comida,
187.438,0.1477097123861313,1.5726046562194824,-2.2333476543426514,,comida,
187.47,0.11393436789512634,1.573390007019043,-2.196488380432129,,comida,
187.517,0.0801590234041214,1.5741753578186035,-2.1596291065216064,,comida,
187.537,0.046383678913116455,1.574960708618164,-2.122769832611084,,comida,
187.568,0.012608334422111511,1.5757460594177246,-2.0859105587005615,,comida,
187.616,-0.021167010068893433,1.5765314102172852,-2.049051284790039,,comida,
187.634,-0.054942354559898376,1.5773167610168457,-2.0121920108795166,,comida,
187.666,-0.08871769905090332,1.5781021118164062,-1.9753327369689941,,comida,
187.714,-0.12249304354190826,1.5788874626159668,-1.9384734630584717,,comida,
187.734,-0.1562683880329132,1.5796728134155273,-1.9016141891479492,,comida,
187.765,-0.19004373252391815,1.580458164215088,-1.8647549152374268,,comida,
187.814,-0.2238190770149231,1.5812435150146484,-1.8278956413269043,,comida,
187.832,-0.2238190770149231,1.5812435150146484,-1.8278956413269043,,comida,
187.864,-0.2238190770149231,1.5812435150146484,-1.8278956413269043,,comida,
187.912,-0.2238190770149231,1.5812435150146484,-1.8278956413269043,,comida,
187.931,-0.2238190770149231,1.5812435150146484,-1.8278956413269043,,comida,
187.965,-0.2238190770149231,1.5812435150146484,-1.8278956413269043,,comida,
188.014,-0.2238190770149231,1.5812435150146484,-1.8278956413269043,,comida,
188.032,-0.2238190770149231,1.5812435150146484,-1.8278956413269043,,comida,
188.066,-0.2238190770149231,1.5812435150146484,-1.8278956413269043,,comida,
188.112,-0.2238190770149231,1.5812435150146484,-1.8278956413269043,,comida,
188.133,-0.25759440660476685,1.582028865814209,-1.7910363674163818,,comida,
188.165,-0.2913697361946106,1.5828142166137695,-1.7541770935058594,,comida,
188.21,-0.32514506578445435,1.58359956741333,-1.717317819595337,,comida,
188.242,-0.3589203953742981,1.5843849182128906,-1.6804585456848145,,comida,
188.275,-0.39269572496414185,1.5851702690124512,-1.643599271774292,,comida,
188.323,-0.39269572496414185,1.5851702690124512,-1.643599271774292,,comida,
188.34,-0.39269572496414185,1.5851702690124512,-1.643599271774292,,comida,
188.373,-0.39269572496414185,1.5851702690124512,-1.643599271774292,,comida,
188.422,-0.39269572496414185,1.5851702690124512,-1.643599271774292,,comida,
188.439,-0.39269572496414185,1.5851702690124512,-1.643599271774292,,comida,
188.474,-0.39269572496414185,1.5851702690124512,-1.643599271774292,,comida,
188.521,-0.39269572496414185,1.5851702690124512,-1.643599271774292,,comida,
188.538,-0.39269572496414185,1.5851702690124512,-1.643599271774292,,comida,
188.572,-0.39269572496414185,1.5851702690124512,-1.643599271774292,,comida,
188.62,-0.39269572496414185,1.5851702690124512,-1.643599271774292,,comida,
188.639,-0.39269572496414185,1.5851702690124512,-1.643599271774292,,comida,
188.671,-0.3558318614959717,1.5851702690124512,-1.609819769859314,,comida,
188.717,-0.3189679980278015,1.5851702690124512,-1.576040267944336,,comida,
188.735,-0.28210413455963135,1.5851702690124512,-1.542260766029358,,comida,
188.768,-0.24524027109146118,1.5851702690124512,-1.5084812641143799,,comida,
188.815,-0.20837640762329102,1.5851702690124512,-1.4747017621994019,,comida,
188.834,-0.20837640762329102,1.5851702690124512,-1.4747017621994019,,comida,
188.866,-0.20837640762329102,1.5851702690124512,-1.4747017621994019,,comida,
188.913,-0.20837640762329102,1.5851702690124512,-1.4747017621994019,,comida,
188.934,-0.20837640762329102,1.5851702690124512,-1.4747017621994019,,comida,
188.968,-0.20837640762329102,1.5851702690124512,-1.4747017621994019,,comida,
189.013,-0.20837640762329102,1.5851702690124512,-1.4747017621994019,,comida,
189.032,-0.20837640762329102,1.5851702690124512,-1.4747017621994019,,comida,
189.066,-0.20837640762329102,1.5851702690124512,-1.4747017621994019,,comida,
189.115,-0.20837640762329102,1.5851702690124512,-1.4747017621994019,tuna,comida,2
189.132,-0.20837640762329102,1.5851702690124512,-1.4747017621994019,tuna,comida,2
189.165,-0.20837640762329102,1.5851702690124512,-1.4747017621994019,tuna,comida,2
189.213,-0.24215175211429596,1.5859556198120117,-1.4378424882888794,tuna,comida,2
189.232,-0.2759270966053009,1.5867409706115723,-1.400983214378357,tuna,comida,2
189.265,-0.30970245599746704,1.5875263214111328,-1.3641239404678345,tuna,comida,2
189.314,-0.3434777855873108,1.5883116722106934,-1.327264666557312,,comida,
189.331,-0.3434777855873108,1.5883116722106934,-1.327264666557312,,comida,
189.365,-0.3434777855873108,1.5883116722106934,-1.327264666557312,,comida,
189.412,-0.3434777855873108,1.5883116722106934,-1.327264666557312,,comida,
189.43,-0.3434777855873108,1.5883116722106934,-1.327264666557312,,comida,
189.464,-0.3434777855873108,1.5883116722106934,-1.327264666557312,,comida,
189.512,-0.3434777855873108,1.5883116722106934,-1.327264666557312,,comida,
189.531,-0.3434777855873108,1.5883116722106934,-1.327264666557312,,comida,
189.563,-0.3434777855873108,1.5883116722106934,-1.327264666557312,,comida,
189.615,-0.3434777855873108,1.5883116722106934,-1.327264666557312,,comida,
189.631,-0.3434777855873108,1.5883116722106934,-1.327264666557312,,comida,
189.663,-0.3434777855873108,1.5883116722106934,-1.327264666557312,,comida,
189.711,-0.3434777855873108,1.5883116722106934,-1.327264666557312,,comida,
189.728,-0.3434777855873108,1.5883116722106934,-1.327264666557312,,comida,
189.76,-0.3434777855873108,1.5883116722106934,-1.327264666557312,,comida,
189.808,-0.3434777855873108,1.5883116722106934,-1.327264666557312,,comida,
189.829,-0.3434777855873108,1.5883116722106934,-1.327264666557312,,comida,
189.861,-0.3434777855873108,1.5883116722106934,-1.327264666557312,,comida,
189.908,-0.3434777855873108,1.5883116722106934,-1.327264666557312,,comida,
189.929,-0.3434777855873108,1.5883116722106934,-1.327264666557312,,comida,
189.96,-0.3434777855873108,1.5883116722106934,-1.327264666557312,,comida,
190.009,-0.3434777855873108,1.5883116722106934,-1.327264666557312,tuna,comida,2
190.026,-0.3434777855873108,1.5883116722106934,-1.327264666557312,tuna,comida,2
190.059,-0.3434777855873108,1.5883116722106934,-1.327264666557312,tuna,comida,2
190.109,-0.3434777855873108,1.5883116722106934,-1.327264666557312,tuna,comida,2
190.127,-0.3434777855873108,1.5883116722106934,-1.327264666557312,tuna,comida,2
190.159,-0.3434777855873108,1.5883116722106934,-1.327264666557312,tuna,comida,2
190.208,-0.3434777855873108,1.5883116722106934,-1.327264666557312,tuna,comida,2
190.225,-0.3434777855873108,1.5883116722106934,-1.327264666557312,tuna,comida,2
190.259,-0.30970245599746704,1.5875263214111328,-1.3641239404678345,tuna,comida,2
190.308,-0.2759271264076233,1.5867409706115723,-1.400983214378357,tuna,comida,2
190.324,-0.24215178191661835,1.5859556198120117,-1.4378424882888794,tuna,comida,2
190.358,-0.2083764374256134,1.5851702690124512,-1.4747017621994019,tuna,comida,2
190.408,-0.2083764374256134,1.5851702690124512,-1.4747017621994019,tuna,comida,2
190.425,-0.2083764374256134,1.5851702690124512,-1.4747017621994019,tuna,comida,2
190.459,-0.2083764374256134,1.5851702690124512,-1.4747017621994019,tuna,comida,2
190.506,-0.2083764374256134,1.5851702690124512,-1.4747017621994019,tuna,comida,2
190.523,-0.2083764374256134,1.5851702690124512,-1.4747017621994019,tuna,comida,2
190.556,-0.2083764374256134,1.5851702690124512,-1.4747017621994019,tuna,comida,2
190.605,-0.2083764374256134,1.5851702690124512,-1.4747017621994019,tuna,comida,2
190.624,-0.2083764374256134,1.5851702690124512,-1.4747017621994019,tuna,comida,2
190.657,-0.2083764374256134,1.5851702690124512,-1.4747017621994019,tuna,comida,2
190.705,-0.2083764374256134,1.5851702690124512,-1.4747017621994019,tuna,comida,2
190.723,-0.2083764374256134,1.5851702690124512,-1.4747017621994019,tuna,comida,2
190.757,-0.2083764374256134,1.5851702690124512,-1.4747017621994019,tuna,comida,2
190.807,-0.2083764374256134,1.5851702690124512,-1.4747017621994019,tuna,comida,2
190.821,-0.2083764374256134,1.5851702690124512,-1.4747017621994019,tuna,comida,2
190.854,-0.2083764374256134,1.5851702690124512,-1.4747017621994019,tuna,comida,2
190.904,-0.2083764374256134,1.5851702690124512,-1.4747017621994019,tuna,comida,2
190.921,-0.2083764374256134,1.5851702690124512,-1.4747017621994019,tuna,comida,2
190.956,-0.2083764374256134,1.5851702690124512,-1.4747017621994019,tuna,comida,2
190.957,-0.2083764374256134,1.5851702690124512,-1.4747017621994019,tuna,comida,2
191.004,-0.2083764374256134,1.5851702690124512,-1.4747017621994019,tuna,comida,2
191.021,-0.2083764374256134,1.5851702690124512,-1.4747017621994019,tuna,comida,2
191.056,-0.2083764374256134,1.5851702690124512,-1.4747017621994019,tuna,comida,2
191.104,-0.2083764374256134,1.5851702690124512,-1.4747017621994019,tuna,comida,2
191.124,-0.2083764374256134,1.5851702690124512,-1.4747017621994019,tuna,comida,2
191.157,-0.2083764374256134,1.5851702690124512,-1.4747017621994019,tuna,comida,2
191.207,-0.2083764374256134,1.5851702690124512,-1.4747017621994019,tuna,comida,2
191.223,-0.2083764374256134,1.5851702690124512,-1.4747017621994019,tuna,comida,2
191.256,-0.2083764374256134,1.5851702690124512,-1.4747017621994019,tuna,comida,2
191.305,-0.2083764374256134,1.5851702690124512,-1.4747017621994019,tuna,comida,2
191.323,-0.24524030089378357,1.5851702690124512,-1.5084812641143799,tuna,comida,2
191.355,-0.28210416436195374,1.5851702690124512,-1.542260766029358,tuna,comida,2
191.403,-0.3189680278301239,1.5851702690124512,-1.576040267944336,,comida,
191.42,-0.35583189129829407,1.5851702690124512,-1.609819769859314,,comida,
191.453,-0.39269575476646423,1.5851702690124512,-1.643599271774292,,comida,
191.503,-0.4295596182346344,1.5851702690124512,-1.67737877368927,,comida,
191.519,-0.46642348170280457,1.5851702690124512,-1.711158275604248,,comida,
191.554,-0.5032873749732971,1.5851702690124512,-1.744937777519226,,comida,
191.601,-0.5401512384414673,1.5851702690124512,-1.778717279434204,,comida,
191.618,-0.5770151019096375,1.5851702690124512,-1.8124967813491821,,comida,
191.651,-0.6138789653778076,1.5851702690124512,-1.8462762832641602,,comida,
191.696,-0.6507428288459778,1.5851702690124512,-1.8800557851791382,,comida,
191.717,-0.687606692314148,1.5851702690124512,-1.9138352870941162,,comida,
191.751,-0.7244705557823181,1.5851702690124512,-1.9476147890090942,,comida,
191.804,-0.7613344192504883,1.5851702690124512,-1.9813942909240723,,comida,
191.824,-0.7966897487640381,1.5851702690124512,-2.016749620437622,,comida,
191.856,-0.8307257890701294,1.5851702690124512,-2.0533766746520996,,comida,
191.902,-0.8634628057479858,1.5851702690124512,-2.0911693572998047,,comida,
191.922,-0.8941081762313843,1.5851702690124512,-2.1306772232055664,,comida,
191.955,-0.9219954013824463,1.5851702690124512,-2.172177791595459,,comida,
192.003,-0.9439923763275146,1.5851702690124512,-2.2170791625976562,,comida,
192.022,-0.9439923763275146,1.5851702690124512,-2.2170791625976562,,comida,
192.056,-0.9439923763275146,1.5851702690124512,-2.2170791625976562,,comida,
192.103,-0.9439923763275146,1.5851702690124512,-2.2170791625976562,,comida,
192.123,-0.9439923763275146,1.5851702690124512,-2.2170791625976562,,comida,
192.154,-0.9439923763275146,1.5851702690124512,-2.2170791625976562,,comida,
192.202,-0.9439923763275146,1.5851702690124512,-2.2170791625976562,,comida,
192.219,-0.9439923763275146,1.5851702690124512,-2.2170791625976562,,comida,
192.252,-0.9439923763275146,1.5851702690124512,-2.2170791625976562,,comida,
192.298,-0.9439923763275146,1.5851702690124512,-2.2170791625976562,,comida,
192.32,-0.9439923763275146,1.5851702690124512,-2.2170791625976562,,comida,
192.351,-0.9439923763275146,1.5851702690124512,-2.2170791625976562,,comida,
192.399,-0.9439923763275146,1.5851702690124512,-2.2170791625976562,,comida,
192.419,-0.9439923763275146,1.5851702690124512,-2.2170791625976562,,comida,
192.45,-0.9439923763275146,1.5851702690124512,-2.2170791625976562,,comida,
192.499,-0.9439923763275146,1.5851702690124512,-2.2170791625976562,,comida,
192.516,-0.9439923763275146,1.5851702690124512,-2.2170791625976562,,comida,
192.549,-0.9439923763275146,1.5851702690124512,-2.2170791625976562,,comida,
192.597,-0.9439923763275146,1.5851702690124512,-2.2170791625976562,,comida,
192.614,-0.9439923763275146,1.5851702690124512,-2.2170791625976562,,comida,
192.647,-0.9439923763275146,1.5851702690124512,-2.2170791625976562,,comida,
192.694,-0.9439923763275146,1.5851702690124512,-2.2170791625976562,,comida,
192.712,-0.9439923763275146,1.5851702690124512,-2.2170791625976562,,comida,
192.748,-0.9439923763275146,1.5851702690124512,-2.2170791625976562,,comida,
192.793,-0.9322352409362793,1.5851702690124512,-2.2656772136688232,,comida,
192.812,-0.920478105545044,1.5851702690124512,-2.3142752647399902,,comida,
192.844,-0.9087209701538086,1.5851702690124512,-2.3628733158111572,,comida,
192.892,-0.8969638347625732,1.5851702690124512,-2.411471366882324,,comida,
192.911,-0.8852066993713379,1.5851702690124512,-2.460069417953491,,comida,
192.943,-0.8734495639801025,1.5851702690124512,-2.508667469024658,,comida,
192.994,-0.8616924285888672,1.5851702690124512,-2.557265520095825,,comida,
193.01,-0.8616924285888672,1.5851702690124512,-2.557265520095825,,comida,
193.043,-0.8616924285888672,1.5851702690124512,-2.557265520095825,,comida,
193.09,-0.8616924285888672,1.5851702690124512,-2.557265520095825,,comida,
193.108,-0.8616924285888672,1.5851702690124512,-2.557265520095825,,comida,
193.142,-0.8616924285888672,1.5851702690124512,-2.557265520095825,,comida,
193.193,-0.8616924285888672,1.5851702690124512,-2.557265520095825,,comida,
193.209,-0.8616924285888672,1.5851702690124512,-2.557265520095825,,comida,
193.242,-0.8734495639801025,1.5851702690124512,-2.508667469024658,,comida,
193.294,-0.8852066993713379,1.5851702690124512,-2.460069417953491,,comida,
193.309,-0.8969638347625732,1.5851702690124512,-2.411471366882324,,comida,
193.342,-0.9087209701538086,1.5851702690124512,-2.3628733158111572,,comida,
193.391,-0.920478105545044,1.5851702690124512,-2.3142752647399902,,comida,
193.408,-0.9322352409362793,1.5851702690124512,-2.2656772136688232,,comida,
193.442,-0.9322352409362793,1.5851702690124512,-2.2656772136688232,,comida,
193.489,-0.9322352409362793,1.5851702690124512,-2.2656772136688232,,comida,
193.506,-0.9322352409362793,1.5851702690124512,-2.2656772136688232,,comida,
193.54,-0.9322352409362793,1.5851702690124512,-2.2656772136688232,,comida,
193.592,-0.9322352409362793,1.5851702690124512,-2.2656772136688232,,comida,
193.609,-0.9322352409362793,1.5851702690124512,-2.2656772136688232,,comida,
193.643,-0.9322352409362793,1.5851702690124512,-2.2656772136688232,,comida,
193.691,-0.9322352409362793,1.5851702690124512,-2.2656772136688232,,comida,
193.709,-0.9322352409362793,1.5851702690124512,-2.2656772136688232,,comida,
193.742,-0.9801945090293884,1.5770900249481201,-2.277279853820801,,comida,
193.791,-1.0281537771224976,1.569009780883789,-2.2888824939727783,,comida,
193.809,-1.076112985610962,1.560929536819458,-2.300485134124756,,comida,
193.842,-1.1240723133087158,1.552849292755127,-2.3120877742767334,,comida,
193.893,-1.1240723133087158,1.552849292755127,-2.3120877742767334,,comida,
193.911,-1.1240723133087158,1.552849292755127,-2.3120877742767334,,comida,
193.945,-1.1240723133087158,1.552849292755127,-2.3120877742767334,,comida,
193.997,-1.1240723133087158,1.552849292755127,-2.3120877742767334,,comida,
194.013,-1.1240723133087158,1.552849292755127,-2.3120877742767334,,comida,
194.047,-1.1240723133087158,1.552849292755127,-2.3120877742767334,,comida,
194.096,-1.1240723133087158,1.552849292755127,-2.3120877742767334,,comida,
194.115,-1.1240723133087158,1.552849292755127,-2.3120877742767334,,comida,
194.149,-1.1240723133087158,1.552849292755127,-2.3120877742767334,,comida,
194.197,-1.1240723133087158,1.552849292755127,-2.3120877742767334,,comida,
194.216,-1.1240723133087158,1.552849292755127,-2.3120877742767334,,comida,
194.248,-1.1240723133087158,1.552849292755127,-2.3120877742767334,,comida,
194.297,-1.1720316410064697,1.544769048690796,-2.323690414428711,,comida,
194.317,-1.2199909687042236,1.5366888046264648,-2.3352930545806885,,comida,
194.349,-1.2679502964019775,1.5286085605621338,-2.346895694732666,,comida,
194.396,-1.3159096240997314,1.5205283164978027,-2.3584983348846436,,comida,
194.416,-1.3638689517974854,1.5124480724334717,-2.370100975036621,,comida,
194.448,-1.4118282794952393,1.5043678283691406,-2.3817036151885986,,comida,
194.494,-1.4597876071929932,1.4962875843048096,-2.393306255340576,,comida,
194.514,-1.507746934890747,1.4882073402404785,-2.4049088954925537,,comida,
194.547,-1.555706262588501,1.4801270961761475,-2.4165115356445312,,comida,
194.595,-1.6036655902862549,1.4720468521118164,-2.428114175796509,,comida,
194.615,-1.6516249179840088,1.4639666080474854,-2.4397168159484863,,comida,
194.648,-1.6995842456817627,1.4558863639831543,-2.451319456100464,,comida,
194.694,-1.7475435733795166,1.4478061199188232,-2.4629220962524414,,comida,
194.714,-1.7955029010772705,1.4397258758544922,-2.474524736404419,,comida,
194.748,-1.8434622287750244,1.4316456317901611,-2.4861273765563965,,comida,
194.792,-1.8914215564727783,1.42356538772583,-2.497730016708374,,comida,
194.813,-1.9393808841705322,1.415485143661499,-2.5093326568603516,,comida,
194.848,-1.9873402118682861,1.407404899597168,-2.520935297012329,,comida,
194.893,-2.03529953956604,1.399324655532837,-2.5325379371643066,,comida,
194.914,-2.083258867263794,1.3912444114685059,-2.544140577316284,,comida,
194.949,-2.131218194961548,1.3831641674041748,-2.5557432174682617,,comida,
194.994,-2.1791775226593018,1.3750839233398438,-2.5673458576202393,,comida,
195.015,-2.2271368503570557,1.3670036792755127,-2.578948497772217,,comida,
195.049,-2.2271368503570557,1.3670036792755127,-2.578948497772217,,comida,
195.096,-2.2271368503570557,1.3670036792755127,-2.578948497772217,,comida,
195.117,-2.2271368503570557,1.3670036792755127,-2.578948497772217,,comida,
195.151,-2.2271368503570557,1.3670036792755127,-2.578948497772217,,comida,
195.195,-2.2271368503570557,1.3670036792755127,-2.578948497772217,,comida,
195.22,-2.2271368503570557,1.3670036792755127,-2.578948497772217,,comida,
195.253,-2.2271368503570557,1.3670036792755127,-2.578948497772217,,comida,
195.3,-2.2271368503570557,1.3670036792755127,-2.578948497772217,,comida,
195.32,-2.2271368503570557,1.3670036792755127,-2.578948497772217,,comida,
195.353,-2.2271368503570557,1.3670036792755127,-2.578948497772217,,comida,
195.398,-2.2271368503570557,1.3670036792755127,-2.578948497772217,,comida,
195.42,-2.2271368503570557,1.3670036792755127,-2.578948497772217,,comida,
195.453,-2.2271368503570557,1.3670036792755127,-2.578948497772217,,comida,
195.498,-2.2271368503570557,1.3670036792755127,-2.578948497772217,,comida,
195.518,-2.2271368503570557,1.3670036792755127,-2.578948497772217,,comida,
195.552,-2.2271368503570557,1.3670036792755127,-2.578948497772217,,comida,
195.601,-2.2271368503570557,1.3670036792755127,-2.578948497772217,,comida,
195.618,-2.2271368503570557,1.3670036792755127,-2.578948497772217,,comida,
195.649,-2.2271368503570557,1.3670036792755127,-2.578948497772217,,comida,
195.7,-2.2271368503570557,1.3670036792755127,-2.578948497772217,,comida,
195.722,-2.2271368503570557,1.3670036792755127,-2.578948497772217,,comida,
195.753,-2.2271368503570557,1.3670036792755127,-2.578948497772217,,comida,
195.801,-2.2271368503570557,1.3670036792755127,-2.578948497772217,,comida,
195.821,-2.2271368503570557,1.3670036792755127,-2.578948497772217,,comida,
195.852,-2.2271368503570557,1.3670036792755127,-2.578948497772217,,comida,
195.896,-2.2271368503570557,1.3670036792755127,-2.578948497772217,,comida,
195.92,-2.2271368503570557,1.3670036792755127,-2.578948497772217,,comida,
195.952,-2.2271368503570557,1.3670036792755127,-2.578948497772217,,comida,
196.0,-2.2271368503570557,1.3670036792755127,-2.578948497772217,,comida,
196.023,-2.2271368503570557,1.3670036792755127,-2.578948497772217,,comida,
196.055,-2.2271368503570557,1.3670036792755127,-2.578948497772217,,comida,
196.1,-2.2271368503570557,1.3670036792755127,-2.578948497772217,,comida,
196.122,-2.2271368503570557,1.3670036792755127,-2.578948497772217,,comida,
196.155,-2.2271368503570557,1.3670036792755127,-2.578948497772217,,comida,
196.201,-2.2271368503570557,1.3670036792755127,-2.578948497772217,,comida,
196.223,-2.2271368503570557,1.3670036792755127,-2.578948497772217,,comida,
196.255,-2.2271368503570557,1.3670036792755127,-2.578948497772217,,comida,
196.302,-2.2271368503570557,1.3670036792755127,-2.578948497772217,,comida,
196.322,-2.2271368503570557,1.3670036792755127,-2.578948497772217,,comida,
196.355,-2.2271368503570557,1.3670036792755127,-2.578948497772217,,comida,
196.402,-2.2271368503570557,1.3670036792755127,-2.578948497772217,,comida,
196.424,-2.2271368503570557,1.3670036792755127,-2.578948497772217,,comida,
196.459,-2.2271368503570557,1.3670036792755127,-2.578948497772217,,comida,
196.501,-2.2271368503570557,1.3670036792755127,-2.578948497772217,,comida,
196.524,-2.2271368503570557,1.3670036792755127,-2.578948497772217,,comida,
196.557,-2.2271368503570557,1.3670036792755127,-2.578948497772217,,comida,
196.6,-2.2271368503570557,1.3670036792755127,-2.578948497772217,,comida,
196.623,-2.2271368503570557,1.3670036792755127,-2.578948497772217,,comida,
196.657,-2.2271368503570557,1.3670036792755127,-2.578948497772217,,comida,
196.702,-2.2271368503570557,1.3670036792755127,-2.578948497772217,,comida,
196.724,-2.2271368503570557,1.3670036792755127,-2.578948497772217,,comida,
196.758,-2.2271368503570557,1.3670036792755127,-2.578948497772217,,comida,
196.804,-2.2271368503570557,1.3670036792755127,-2.578948497772217,,comida,
196.837,-2.2271368503570557,1.3670036792755127,-2.578948497772217,,comida,
196.871,-2.2271368503570557,1.3670036792755127,-2.578948497772217,,comida,
196.916,-2.2271368503570557,1.3670036792755127,-2.578948497772217,,comida,
196.938,-2.2271368503570557,1.3670036792755127,-2.578948497772217,,comida,
196.969,-2.2271368503570557,1.3670036792755127,-2.578948497772217,,comida,
197.014,-2.2271368503570557,1.3670036792755127,-2.578948497772217,,comida,
197.035,-2.2271368503570557,1.3670036792755127,-2.578948497772217,,comida,
197.068,-2.2271368503570557,1.3670036792755127,-2.578948497772217,,comida,
197.114,-2.2271368503570557,1.3670036792755127,-2.578948497772217,,comida,
197.134,-2.2271368503570557,1.3670036792755127,-2.578948497772217,,comida,
197.167,-2.2271368503570557,1.3670036792755127,-2.578948497772217,,comida,
197.214,-2.2271368503570557,1.3670036792755127,-2.578948497772217,,comida,
197.234,-2.2271368503570557,1.3670036792755127,-2.578948497772217,,comida,
197.268,-2.2271368503570557,1.3670036792755127,-2.578948497772217,,comida,
197.314,-2.2241241931915283,1.32206392288208,-2.5572378635406494,,comida,
197.333,-2.221111536026001,1.2771241664886475,-2.535527229309082,,comida,
197.366,-2.2180988788604736,1.2321844100952148,-2.5138165950775146,,comida,
197.41,-2.2150862216949463,1.1872446537017822,-2.4921059608459473,,comida,
197.432,-2.212073564529419,1.1423048973083496,-2.47039532661438,,comida,
197.465,-2.2090609073638916,1.097365140914917,-2.4486846923828125,,comida,
197.509,-2.2060482501983643,1.0524253845214844,-2.426974058151245,,comida,
197.531,-2.203035593032837,1.0074856281280518,-2.4052634239196777,,comida,
197.565,-2.203035593032837,1.0074856281280518,-2.4052634239196777,,comida,
197.609,-2.203035593032837,1.0074856281280518,-2.4052634239196777,,comida,
197.632,-2.203035593032837,1.0074856281280518,-2.4052634239196777,,comida,
197.667,-2.203035593032837,1.0074856281280518,-2.4052634239196777,,comida,
197.712,-2.203035593032837,1.0074856281280518,-2.4052634239196777,,comida,
197.733,-2.203035593032837,1.0074856281280518,-2.4052634239196777,,comida,
197.767,-2.203035593032837,1.0074856281280518,-2.4052634239196777,,comida,
197.812,-2.203035593032837,1.0074856281280518,-2.4052634239196777,,comida,
197.832,-2.203035593032837,1.0074856281280518,-2.4052634239196777,,comida,
197.865,-2.203035593032837,1.0074856281280518,-2.4052634239196777,,comida,
197.909,-2.203035593032837,1.0074856281280518,-2.4052634239196777,,comida,
197.931,-2.203035593032837,1.0074856281280518,-2.4052634239196777,,comida,
197.963,-2.203035593032837,1.0074856281280518,-2.4052634239196777,,comida,
198.007,-2.203035593032837,1.0074856281280518,-2.4052634239196777,,comida,
198.027,-2.203035593032837,1.0074856281280518,-2.4052634239196777,,comida,
198.06,-2.203035593032837,1.0074856281280518,-2.4052634239196777,,comida,
198.105,-2.203035593032837,1.0074856281280518,-2.4052634239196777,,comida,
198.127,-2.203035593032837,1.0074856281280518,-2.4052634239196777,,comida,
198.159,-2.203035593032837,1.0074856281280518,-2.4052634239196777,,comida,
198.205,-2.203035593032837,1.0074856281280518,-2.4052634239196777,,comida,
198.224,-2.203035593032837,1.0074856281280518,-2.4052634239196777,,comida,
198.258,-2.203035593032837,1.0074856281280518,-2.4052634239196777,,comida,
198.308,-2.203035593032837,1.0074856281280518,-2.4052634239196777,,comida,
198.329,-2.203035593032837,1.0074856281280518,-2.4052634239196777,,comida,
198.362,-2.203035593032837,1.0074856281280518,-2.4052634239196777,,comida,
198.406,-2.203035593032837,1.0074856281280518,-2.4052634239196777,,comida,
198.428,-2.203035593032837,1.0074856281280518,-2.4052634239196777,,comida,
198.461,-2.209212303161621,0.9855670928955078,-2.4497766494750977,,comida,
198.506,-2.2153890132904053,0.9636485576629639,-2.4942898750305176,chips,comida,1
198.527,-2.2215657234191895,0.9417300224304199,-2.5388031005859375,chips,comida,1
198.56,-2.2277424335479736,0.919811487197876,-2.5833163261413574,chips,comida,1
198.606,-2.233919143676758,0.897892951965332,-2.6278295516967773,chips,comida,1
198.626,-2.233919143676758,0.897892951965332,-2.6278295516967773,chips,comida,1
198.66,-2.233919143676758,0.897892951965332,-2.6278295516967773,chips,comida,1
198.705,-2.233919143676758,0.897892951965332,-2.6278295516967773,chips,comida,1
198.728,-2.233919143676758,0.897892951965332,-2.6278295516967773,chips,comida,1
198.759,-2.233919143676758,0.897892951965332,-2.6278295516967773,chips,comida,1
198.805,-2.233919143676758,0.897892951965332,-2.6278295516967773,chips,comida,1
198.827,-2.233919143676758,0.897892951965332,-2.6278295516967773,chips,comida,1
198.86,-2.233919143676758,0.897892951965332,-2.6278295516967773,chips,comida,1
198.905,-2.233919143676758,0.897892951965332,-2.6278295516967773,chips,comida,1
198.926,-2.233919143676758,0.897892951965332,-2.6278295516967773,chips,comida,1
198.958,-2.233919143676758,0.897892951965332,-2.6278295516967773,chips,comida,1
199.002,-2.233919143676758,0.897892951965332,-2.6278295516967773,chips,comida,1
199.023,-2.233919143676758,0.897892951965332,-2.6278295516967773,chips,comida,1
199.056,-2.233919143676758,0.897892951965332,-2.6278295516967773,chips,comida,1
199.101,-2.233919143676758,0.897892951965332,-2.6278295516967773,chips,comida,1
199.122,-2.233919143676758,0.897892951965332,-2.6278295516967773,chips,comida,1
199.155,-2.233919143676758,0.897892951965332,-2.6278295516967773,chips,comida,1
199.203,-2.233919143676758,0.897892951965332,-2.6278295516967773,chips,comida,1
199.221,-2.233919143676758,0.897892951965332,-2.6278295516967773,chips,comida,1
199.253,-2.233919143676758,0.897892951965332,-2.6278295516967773,chips,comida,1
199.298,-2.233919143676758,0.897892951965332,-2.6278295516967773,chips,comida,1
199.318,-2.233919143676758,0.897892951965332,-2.6278295516967773,chips,comida,1
199.35,-2.233919143676758,0.897892951965332,-2.6278295516967773,chips,comida,1
199.396,-2.233919143676758,0.897892951965332,-2.6278295516967773,chips,comida,1
199.418,-2.233919143676758,0.897892951965332,-2.6278295516967773,chips,comida,1
199.449,-2.233919143676758,0.897892951965332,-2.6278295516967773,chips,comida,1
199.498,-2.233919143676758,0.897892951965332,-2.6278295516967773,chips,comida,1
199.517,-2.233919143676758,0.897892951965332,-2.6278295516967773,chips,comida,1
199.551,-2.233919143676758,0.897892951965332,-2.6278295516967773,chips,comida,1
199.596,-2.233919143676758,0.897892951965332,-2.6278295516967773,chips,comida,1
199.616,-2.233919143676758,0.897892951965332,-2.6278295516967773,chips,comida,1
199.65,-2.233919143676758,0.897892951965332,-2.6278295516967773,chips,comida,1
199.697,-2.233919143676758,0.897892951965332,-2.6278295516967773,chips,comida,1
199.717,-2.233919143676758,0.897892951965332,-2.6278295516967773,chips,comida,1
199.75,-2.233919143676758,0.897892951965332,-2.6278295516967773,chips,comida,1
199.797,-2.233919143676758,0.897892951965332,-2.6278295516967773,chips,comida,1
199.816,-2.233919143676758,0.897892951965332,-2.6278295516967773,chips,comida,1
199.849,-2.233919143676758,0.897892951965332,-2.6278295516967773,chips,comida,1
199.898,-2.233919143676758,0.897892951965332,-2.6278295516967773,chips,comida,1
199.915,-2.233919143676758,0.897892951965332,-2.6278295516967773,chips,comida,1
199.948,-2.233919143676758,0.897892951965332,-2.6278295516967773,chips,comida,1
199.996,-2.2309064865112305,0.8529532551765442,-2.60611891746521,chips,comida,1
200.016,-2.227893829345703,0.8080135583877563,-2.5844082832336426,chips,comida,1
200.048,-2.224881172180176,0.7630738615989685,-2.562697649002075,chips,comida,1
200.095,-2.2218685150146484,0.7181341648101807,-2.540987014770508,,comida,
200.113,-2.218855857849121,0.6731944680213928,-2.5192763805389404,,comida,
200.146,-2.2158432006835938,0.628254771232605,-2.497565746307373,,comida,
200.195,-2.2128305435180664,0.5833150744438171,-2.4758551120758057,,comida,
200.215,-2.2128305435180664,0.5833150744438171,-2.4758551120758057,,comida,
200.246,-2.2128305435180664,0.5833150744438171,-2.4758551120758057,,comida,
200.295,-2.2128305435180664,0.5833150744438171,-2.4758551120758057,,comida,
200.313,-2.2128305435180664,0.5833150744438171,-2.4758551120758057,,comida,
200.346,-2.2128305435180664,0.5833150744438171,-2.4758551120758057,,comida,
200.396,-2.2128305435180664,0.5833150744438171,-2.4758551120758057,,comida,
200.411,-2.2128305435180664,0.5833150744438171,-2.4758551120758057,,comida,
200.444,-2.2128305435180664,0.5833150744438171,-2.4758551120758057,,comida,
200.494,-2.2128305435180664,0.5833150744438171,-2.4758551120758057,,comida,
200.51,-2.2128305435180664,0.5833150744438171,-2.4758551120758057,,comida,
200.553,-2.2128305435180664,0.5833150744438171,-2.4758551120758057,,comida,
200.601,-2.2128305435180664,0.5833150744438171,-2.4758551120758057,,comida,
200.621,-2.2128305435180664,0.5833150744438171,-2.4758551120758057,,comida,
200.654,-2.2128305435180664,0.5833150744438171,-2.4758551120758057,,comida,
200.701,-2.2190072536468506,0.5613965392112732,-2.5203683376312256,,comida,
200.72,-2.2251839637756348,0.5394780039787292,-2.5648815631866455,,comida,
200.752,-2.231360673904419,0.5175594687461853,-2.6093947887420654,,comida,
200.797,-2.237537384033203,0.49564090371131897,-2.6539080142974854,,comida,
200.817,-2.2437140941619873,0.47372233867645264,-2.6984212398529053,,comida,
200.849,-2.2498908042907715,0.4518037736415863,-2.742934465408325,,comida,
200.896,-2.2498908042907715,0.4518037736415863,-2.742934465408325,,comida,
200.915,-2.2498908042907715,0.4518037736415863,-2.742934465408325,,comida,
200.947,-2.2498908042907715,0.4518037736415863,-2.742934465408325,,comida,
200.994,-2.2498908042907715,0.4518037736415863,-2.742934465408325,,comida,
201.013,-2.2498908042907715,0.4518037736415863,-2.742934465408325,,comida,
201.047,-2.2498908042907715,0.4518037736415863,-2.742934465408325,,comida,
201.093,-2.2498908042907715,0.4518037736415863,-2.742934465408325,,comida,
201.111,-2.252903461456299,0.49674347043037415,-2.7646450996398926,,comida,
201.144,-2.255916118621826,0.5416831970214844,-2.78635573387146,,comida,
201.19,-2.2589287757873535,0.5866228938102722,-2.8080663681030273,,comida,
201.209,-2.261941432952881,0.6315625905990601,-2.8297770023345947,,comida,
201.242,-2.264954090118408,0.6765022873878479,-2.851487636566162,,comida,
201.291,-2.2679667472839355,0.7214419841766357,-2.8731982707977295,chips,comida,1
201.309,-2.270979404449463,0.7663816809654236,-2.894908905029297,chips,comida,1
201.342,-2.2739920616149902,0.8113213777542114,-2.9166195392608643,chips,comida,1
201.389,-2.2770047187805176,0.8562610745429993,-2.9383301734924316,chips,comida,1
201.409,-2.2770047187805176,0.8562610745429993,-2.9383301734924316,chips,comida,1
201.442,-2.2770047187805176,0.8562610745429993,-2.9383301734924316,chips,comida,1
201.491,-2.2770047187805176,0.8562610745429993,-2.9383301734924316,chips,comida,1
201.507,-2.2770047187805176,0.8562610745429993,-2.9383301734924316,chips,comida,1
201.541,-2.2770047187805176,0.8562610745429993,-2.9383301734924316,chips,comida,1
201.588,-2.2770047187805176,0.8562610745429993,-2.9383301734924316,chips,comida,1
201.608,-2.2770047187805176,0.8562610745429993,-2.9383301734924316,chips,comida,1
201.639,-2.2770047187805176,0.8562610745429993,-2.9383301734924316,chips,comida,1
201.689,-2.2770047187805176,0.8562610745429993,-2.9383301734924316,chips,comida,1
201.707,-2.2770047187805176,0.8562610745429993,-2.9383301734924316,chips,comida,1
201.74,-2.280017375946045,0.9012007713317871,-2.960040807723999,chips,comida,1
201.787,-2.2830300331115723,0.946140468120575,-2.9817514419555664,chips,comida,1
201.806,-2.2860426902770996,0.9910801649093628,-3.003462076187134,chips,comida,1
201.838,-2.289055347442627,1.0360199213027954,-3.025172710418701,chips,comida,1
201.885,-2.2920680046081543,1.080959677696228,-3.0468833446502686,,comida,
201.904,-2.2950806617736816,1.1258994340896606,-3.068593978881836,,comida,
201.936,-2.298093318939209,1.1708391904830933,-3.0903046131134033,,comida,
201.982,-2.3011059761047363,1.2157789468765259,-3.1120152473449707,,comida,
202.002,-2.3041186332702637,1.2607187032699585,-3.133725881576538,,comida,
202.036,-2.307131290435791,1.3056584596633911,-3.1554365158081055,,comida,
202.086,-2.3101439476013184,1.3505982160568237,-3.177147150039673,chips,comida,2
202.102,-2.3131566047668457,1.3955379724502563,-3.1988577842712402,chips,comida,2
202.136,-2.316169261932373,1.440477728843689,-3.2205684185028076,chips,comida,2
202.185,-2.3191819190979004,1.4854174852371216,-3.242279052734375,chips,comida,2
202.203,-2.3221945762634277,1.5303572416305542,-3.2639896869659424,chips,comida,2
202.234,-2.3221945762634277,1.5303572416305542,-3.2639896869659424,chips,comida,2
202.284,-2.3221945762634277,1.5303572416305542,-3.2639896869659424,chips,comida,2
202.299,-2.3221945762634277,1.5303572416305542,-3.2639896869659424,chips,comida,2
202.333,-2.3221945762634277,1.5303572416305542,-3.2639896869659424,chips,comida,2
202.369,-2.3221945762634277,1.5303572416305542,-3.2639896869659424,chips,comida,2
202.393,-2.3221945762634277,1.5303572416305542,-3.2639896869659424,chips,comida,2
202.401,-2.3221945762634277,1.5303572416305542,-3.2639896869659424,chips,comida,2
202.435,-2.3221945762634277,1.5303572416305542,-3.2639896869659424,chips,comida,2
202.486,-2.3221945762634277,1.5303572416305542,-3.2639896869659424,chips,comida,2
202.5,-2.3221945762634277,1.5303572416305542,-3.2639896869659424,chips,comida,2
202.533,-2.3221945762634277,1.5303572416305542,-3.2639896869659424,chips,comida,2
202.587,-2.3221945762634277,1.5303572416305542,-3.2639896869659424,chips,comida,2
202.6,-2.3221945762634277,1.5303572416305542,-3.2639896869659424,chips,comida,2
202.633,-2.3221945762634277,1.5303572416305542,-3.2639896869659424,chips,comida,2
202.682,-2.3221945762634277,1.5303572416305542,-3.2639896869659424,,comida,
202.699,-2.3221945762634277,1.5303572416305542,-3.2639896869659424,,comida,
202.732,-2.3221945762634277,1.5303572416305542,-3.2639896869659424,,comida,
202.782,-2.3221945762634277,1.5303572416305542,-3.2639896869659424,,comida,
202.798,-2.3221945762634277,1.5303572416305542,-3.2639896869659424,,comida,
202.832,-2.3221945762634277,1.5303572416305542,-3.2639896869659424,,comida,
202.881,-2.3221945762634277,1.5303572416305542,-3.2639896869659424,chips,comida,2
202.898,-2.3221945762634277,1.5303572416305542,-3.2639896869659424,chips,comida,2
202.934,-2.3221945762634277,1.5303572416305542,-3.2639896869659424,chips,comida,2
202.981,-2.3221945762634277,1.5303572416305542,-3.2639896869659424,chips,comida,2
203.001,-2.3221945762634277,1.5303572416305542,-3.2639896869659424,chips,comida,2
203.033,-2.3221945762634277,1.5303572416305542,-3.2639896869659424,chips,comida,2
203.079,-2.3221945762634277,1.5303572416305542,-3.2639896869659424,,comida,
203.099,-2.3221945762634277,1.5303572416305542,-3.2639896869659424,,comida,
203.133,-2.3221945762634277,1.5303572416305542,-3.2639896869659424,,comida,
203.178,-2.3221945762634277,1.5303572416305542,-3.2639896869659424,,comida,
203.197,-2.3221945762634277,1.5303572416305542,-3.2639896869659424,,comida,
203.231,-2.3221945762634277,1.5303572416305542,-3.2639896869659424,,comida,
203.285,-2.3221945762634277,1.5303572416305542,-3.2639896869659424,,comida,
203.296,-2.3221945762634277,1.5303572416305542,-3.2639896869659424,,comida,
203.346,-2.3221945762634277,1.5303572416305542,-3.2639896869659424,,comida,
203.396,-2.3221945762634277,1.5303572416305542,-3.2639896869659424,,comida,
203.413,-2.3221945762634277,1.5303572416305542,-3.2639896869659424,,comida,
203.445,-2.3221945762634277,1.5303572416305542,-3.2639896869659424,,comida,
203.493,-2.3221945762634277,1.5303572416305542,-3.2639896869659424,,comida,
203.512,-2.3221945762634277,1.5303572416305542,-3.2639896869659424,,comida,
203.545,-2.3221945762634277,1.5303572416305542,-3.2639896869659424,,comida,
203.595,-2.3221945762634277,1.5303572416305542,-3.2639896869659424,,comida,
203.612,-2.3221945762634277,1.5303572416305542,-3.2639896869659424,,comida,
203.645,-2.3221945762634277,1.5303572416305542,-3.2639896869659424,,comida,
203.694,-2.3221945762634277,1.5303572416305542,-3.2639896869659424,,comida,
203.713,-2.3221945762634277,1.5303572416305542,-3.2639896869659424,,comida,
203.746,-2.3221945762634277,1.5303572416305542,-3.2639896869659424,,comida,
203.797,-2.3221945762634277,1.5303572416305542,-3.2639896869659424,chips,comida,2
203.812,-2.3221945762634277,1.5303572416305542,-3.2639896869659424,chips,comida,2
203.848,-2.3221945762634277,1.5303572416305542,-3.2639896869659424,chips,comida,2
203.895,-2.3221945762634277,1.5303572416305542,-3.2639896869659424,chips,comida,2
203.917,-2.3221945762634277,1.5303572416305542,-3.2639896869659424,chips,comida,2
203.949,-2.3221945762634277,1.5303572416305542,-3.2639896869659424,chips,comida,2
203.999,-2.3221945762634277,1.5303572416305542,-3.2639896869659424,chips,comida,2
204.018,-2.3221945762634277,1.5303572416305542,-3.2639896869659424,chips,comida,2
204.05,-2.3221945762634277,1.5303572416305542,-3.2639896869659424,chips,comida,2
204.099,-2.3221945762634277,1.5303572416305542,-3.2639896869659424,chips,comida,2
204.118,-2.3221945762634277,1.5303572416305542,-3.2639896869659424,chips,comida,2
204.15,-2.3221945762634277,1.5303572416305542,-3.2639896869659424,chips,comida,2
204.2,-2.3221945762634277,1.5303572416305542,-3.2639896869659424,chips,comida,2
204.215,-2.3221945762634277,1.5303572416305542,-3.2639896869659424,chips,comida,2
204.248,-2.3221945762634277,1.5303572416305542,-3.2639896869659424,chips,comida,2
204.3,-2.3221945762634277,1.5303572416305542,-3.2639896869659424,chips,comida,2
204.316,-2.3221945762634277,1.5303572416305542,-3.2639896869659424,chips,comida,2
204.348,-2.3221945762634277,1.5303572416305542,-3.2639896869659424,chips,comida,2
204.399,-2.3221945762634277,1.5303572416305542,-3.2639896869659424,chips,comida,2
204.415,-2.3221945762634277,1.5303572416305542,-3.2639896869659424,chips,comida,2
204.448,-2.3221945762634277,1.5303572416305542,-3.2639896869659424,chips,comida,2
204.499,-2.3221945762634277,1.5303572416305542,-3.2639896869659424,chips,comida,1
204.515,-2.3221945762634277,1.5303572416305542,-3.2639896869659424,chips,comida,1
204.55,-2.3221945762634277,1.5303572416305542,-3.2639896869659424,chips,comida,1
204.599,-2.3221945762634277,1.5303572416305542,-3.2639896869659424,chips,comida,1
204.619,-2.3221945762634277,1.5303572416305542,-3.2639896869659424,chips,comida,1
204.651,-2.3221945762634277,1.5303572416305542,-3.2639896869659424,chips,comida,1
204.703,-2.3221945762634277,1.5303572416305542,-3.2639896869659424,chips,comida,1
204.722,-2.3221945762634277,1.5303572416305542,-3.2639896869659424,chips,comida,1
204.723,-2.3221945762634277,1.5303572416305542,-3.2639896869659424,chips,comida,1
204.754,-2.3221945762634277,1.5303572416305542,-3.2639896869659424,chips,comida,1
204.805,-2.3221945762634277,1.5303572416305542,-3.2639896869659424,chips,comida,1
204.822,-2.3221945762634277,1.5303572416305542,-3.2639896869659424,chips,comida,1
204.857,-2.3221945762634277,1.5303572416305542,-3.2639896869659424,chips,comida,1
204.91,-2.3221945762634277,1.5303572416305542,-3.2639896869659424,chips,comida,2
204.938,-2.3221945762634277,1.5303572416305542,-3.2639896869659424,chips,comida,2
204.973,-2.3221945762634277,1.5303572416305542,-3.2639896869659424,chips,comida,2
205.024,-2.3221945762634277,1.5303572416305542,-3.2639896869659424,chips,comida,2
205.042,-2.3221945762634277,1.5303572416305542,-3.2639896869659424,chips,comida,2
205.075,-2.3221945762634277,1.5303572416305542,-3.2639896869659424,chips,comida,2
205.125,-2.3221945762634277,1.5303572416305542,-3.2639896869659424,chips,comida,2
205.143,-2.3221945762634277,1.5303572416305542,-3.2639896869659424,chips,comida,2
205.175,-2.3221945762634277,1.5303572416305542,-3.2639896869659424,chips,comida,2
205.223,-2.3221945762634277,1.5303572416305542,-3.2639896869659424,chips,comida,2
205.244,-2.3221945762634277,1.5303572416305542,-3.2639896869659424,chips,comida,2
205.277,-2.3221945762634277,1.5303572416305542,-3.2639896869659424,chips,comida,2
205.323,-2.3221945762634277,1.5303572416305542,-3.2639896869659424,chips,comida,2
205.342,-2.3221945762634277,1.5303572416305542,-3.2639896869659424,chips,comida,2
205.376,-2.3221945762634277,1.5303572416305542,-3.2639896869659424,chips,comida,2
205.423,-2.3221945762634277,1.5303572416305542,-3.2639896869659424,chips,comida,1
205.441,-2.3221945762634277,1.5303572416305542,-3.2639896869659424,chips,comida,1
205.476,-2.3221945762634277,1.5303572416305542,-3.2639896869659424,chips,comida,1
205.523,-2.3221945762634277,1.5303572416305542,-3.2639896869659424,,comida,
205.542,-2.3221945762634277,1.5303572416305542,-3.2639896869659424,,comida,
205.575,-2.3221945762634277,1.5303572416305542,-3.2639896869659424,,comida,
205.623,-2.3221945762634277,1.5303572416305542,-3.2639896869659424,,comida,
205.644,-2.3221945762634277,1.5303572416305542,-3.2639896869659424,,comida,
205.675,-2.3221945762634277,1.5303572416305542,-3.2639896869659424,,comida,
205.721,-2.3221945762634277,1.5303572416305542,-3.2639896869659424,,comida,
205.741,-2.3221945762634277,1.5303572416305542,-3.2639896869659424,,comida,
205.774,-2.290966272354126,1.55692720413208,-3.2353742122650146,,comida,
205.819,-2.259737968444824,1.583497166633606,-3.206758737564087,,comida,
205.84,-2.2285096645355225,1.6100671291351318,-3.178143262863159,,comida,
205.872,-2.1972813606262207,1.6366370916366577,-3.1495277881622314,,comida,
205.92,-2.166053056716919,1.6632070541381836,-3.1209123134613037,,comida,
205.938,-2.134824752807617,1.6897770166397095,-3.092296838760376,,comida,
205.971,-2.1035964488983154,1.7163469791412354,-3.0636813640594482,,comida,
206.018,-2.0723681449890137,1.7429169416427612,-3.0350658893585205,,comida,
206.038,-2.041139841079712,1.769486904144287,-3.0064504146575928,,comida,
206.072,-2.00991153717041,1.796056866645813,-2.977834939956665,,comida,
206.118,-1.978683352470398,1.8226268291473389,-2.9492194652557373,,comida,
206.137,-1.9474551677703857,1.8491967916488647,-2.9206039905548096,,comida,
206.171,-1.9162269830703735,1.8757667541503906,-2.891988515853882,,comida,
206.217,-1.8849987983703613,1.9023367166519165,-2.863373041152954,,comida,
206.239,-1.8537706136703491,1.9289066791534424,-2.8347575664520264,,comida,
206.272,-1.822542428970337,1.9554766416549683,-2.8061420917510986,,comida,
206.318,-1.7913142442703247,1.9820466041564941,-2.777526617050171,,comida,
206.339,-1.7913142442703247,1.9820466041564941,-2.777526617050171,,comida,
206.37,-1.7913142442703247,1.9820466041564941,-2.777526617050171,,comida,
206.415,-1.7913142442703247,1.9820466041564941,-2.777526617050171,,comida,
206.437,-1.7913142442703247,1.9820466041564941,-2.777526617050171,,comida,
206.47,-1.7913142442703247,1.9820466041564941,-2.777526617050171,,comida,
206.514,-1.7913142442703247,1.9820466041564941,-2.777526617050171,,comida,
206.535,-1.7913142442703247,1.9820466041564941,-2.777526617050171,,comida,
206.567,-1.7913142442703247,1.9820466041564941,-2.777526617050171,,comida,
206.612,-1.7913142442703247,1.9820466041564941,-2.777526617050171,,comida,
206.633,-1.7913142442703247,1.9820466041564941,-2.777526617050171,,comida,
206.665,-1.7913142442703247,1.9820466041564941,-2.777526617050171,,comida,
206.717,-1.7913142442703247,1.9820466041564941,-2.777526617050171,,comida,
206.732,-1.7913142442703247,1.9820466041564941,-2.777526617050171,,comida,
206.765,-1.7913142442703247,1.9820466041564941,-2.777526617050171,,comida,
206.812,-1.7913142442703247,1.9820466041564941,-2.777526617050171,,comida,
206.833,-1.7913142442703247,1.9820466041564941,-2.777526617050171,,comida,
206.866,-1.7913142442703247,1.9820466041564941,-2.777526617050171,,comida,
206.912,-1.7913142442703247,1.9820466041564941,-2.777526617050171,,comida,
206.933,-1.7913142442703247,1.9820466041564941,-2.777526617050171,,comida,
206.964,-1.7913142442703247,1.9820466041564941,-2.777526617050171,,comida,
207.012,-1.7913142442703247,1.9820466041564941,-2.777526617050171,,comida,
207.031,-1.7913142442703247,1.9820466041564941,-2.777526617050171,,comida,
207.065,-1.7913142442703247,1.9820466041564941,-2.777526617050171,,comida,
207.111,-1.7913142442703247,1.9820466041564941,-2.777526617050171,,comida,
207.132,-1.7913142442703247,1.9820466041564941,-2.777526617050171,,comida,
207.163,-1.7913142442703247,1.9820466041564941,-2.777526617050171,,comida,
207.211,-1.7913142442703247,1.9820466041564941,-2.777526617050171,,comida,
207.229,-1.7913142442703247,1.9820466041564941,-2.777526617050171,,comida,
207.262,-1.7913142442703247,1.9820466041564941,-2.777526617050171,,comida,
207.309,-1.7913142442703247,1.9820466041564941,-2.777526617050171,,comida,
207.327,-1.7913142442703247,1.9820466041564941,-2.777526617050171,,comida,
207.359,-1.7913142442703247,1.9820466041564941,-2.777526617050171,,comida,
207.407,-1.7913142442703247,1.9820466041564941,-2.777526617050171,,comida,
207.426,-1.7913142442703247,1.9820466041564941,-2.777526617050171,,comida,
207.458,-1.7913142442703247,1.9820466041564941,-2.777526617050171,,comida,
207.504,-1.7913142442703247,1.9820466041564941,-2.777526617050171,,comida,
207.523,-1.7913142442703247,1.9820466041564941,-2.777526617050171,,comida,
207.558,-1.7913142442703247,1.9820466041564941,-2.777526617050171,,comida,
207.603,-1.7913142442703247,1.9820466041564941,-2.777526617050171,,comida,
207.623,-1.7913142442703247,1.9820466041564941,-2.777526617050171,,comida,
207.656,-1.7913142442703247,1.9820466041564941,-2.777526617050171,,comida,
207.701,-1.7913142442703247,1.9820466041564941,-2.777526617050171,,comida,
207.722,-1.7913142442703247,1.9820466041564941,-2.777526617050171,,comida,
207.755,-1.7913142442703247,1.9820466041564941,-2.777526617050171,,comida,
207.801,-1.7913142442703247,1.9820466041564941,-2.777526617050171,,comida,
207.823,-1.7913142442703247,1.9820466041564941,-2.777526617050171,,comida,
207.855,-1.7913142442703247,1.9820466041564941,-2.777526617050171,,comida,
207.901,-1.839285969734192,1.970459222793579,-2.7855544090270996,,comida,
207.921,-1.887257695198059,1.958871841430664,-2.7935822010040283,,comida,
207.954,-1.9352294206619263,1.947284460067749,-2.801609992980957,,comida,
208.0,-1.9832011461257935,1.935697078704834,-2.8096377849578857,,comida,
208.019,-2.03117299079895,1.924109697341919,-2.8176655769348145,,comida,
208.055,-2.0791447162628174,1.912522315979004,-2.825693368911743,,comida,
208.102,-2.1271164417266846,1.9009349346160889,-2.833721160888672,,comida,
208.119,-2.1750881671905518,1.8893475532531738,-2.8417489528656006,,comida,
208.151,-2.223059892654419,1.8777601718902588,-2.8497767448425293,,comida,
208.196,-2.271031618118286,1.8661727905273438,-2.857804536819458,,comida,
208.218,-2.3190033435821533,1.8545854091644287,-2.8658323287963867,,comida,
208.25,-2.3669750690460205,1.8429980278015137,-2.8738601207733154,,comida,
208.295,-2.4149467945098877,1.8314106464385986,-2.881887912750244,,comida,
208.316,-2.462918519973755,1.8198232650756836,-2.889915704727173,,comida,
208.355,-2.510890245437622,1.8082358837127686,-2.8979434967041016,,comida,
208.406,-2.559110403060913,1.7967333793640137,-2.904463052749634,,comida,
208.427,-2.6077005863189697,1.7859114408493042,-2.909141778945923,,comida,
208.459,-2.6568715572357178,1.7768855094909668,-2.9100000858306885,,comida,
208.504,-2.706209182739258,1.7689776420593262,-2.908190965652466,,comida,
208.524,-2.755554676055908,1.7615008354187012,-2.905172824859619,,comida,
208.562,-2.804891586303711,1.75428307056427,-2.901463270187378,,comida,
208.607,-2.8542332649230957,1.747238039970398,-2.897493362426758,,comida,
208.629,-2.903599262237549,1.7403658628463745,-2.893521547317505,,comida,
208.661,-2.952965259552002,1.733493685722351,-2.889549732208252,,comida,
208.707,-3.002331256866455,1.7266215085983276,-2.885577917098999,,comida,
208.728,-3.051690101623535,1.7197493314743042,-2.8815197944641113,,comida,
208.764,-3.1010489463806152,1.7128771543502808,-2.8774616718292236,,comida,
208.81,-3.150393486022949,1.7060049772262573,-2.8732314109802246,,comida,
208.829,-3.1997230052948,1.6991328001022339,-2.868828773498535,,comida,
208.863,-3.24904465675354,1.6922606229782104,-2.86434006690979,,comida,
208.908,-3.2983663082122803,1.685388445854187,-2.859851360321045,,comida,
208.927,-3.3476879596710205,1.6785162687301636,-2.8553626537323,,comida,
208.96,-3.3970096111297607,1.6716440916061401,-2.8508739471435547,,comida,
209.005,-3.446331262588501,1.6647719144821167,-2.8463852405548096,,comida,
209.027,-3.495652914047241,1.6578997373580933,-2.8418965339660645,,comida,
209.06,-3.5449745655059814,1.6510275602340698,-2.8374078273773193,,comida,
209.105,-3.5942962169647217,1.6441553831100464,-2.832919120788574,,comida,
209.128,-3.643617868423462,1.637283205986023,-2.828430414199829,,comida,
209.159,-3.692939519882202,1.6304110288619995,-2.823941707611084,,comida,
209.211,-3.7422611713409424,1.623538851737976,-2.819453001022339,,comida,
209.23,-3.7915828227996826,1.6166666746139526,-2.8149642944335938,,comida,
209.262,-3.840904474258423,1.6097944974899292,-2.8104755878448486,,comida,
209.309,-3.890226125717163,1.6029223203659058,-2.8059868812561035,,comida,
209.331,-3.9395477771759033,1.5960501432418823,-2.8014981746673584,,comida,
209.362,-3.9888694286346436,1.5891779661178589,-2.7970094680786133,,comida,
209.41,-4.03820276260376,1.5823922157287598,-2.7925198078155518,,comida,
209.43,-4.087528228759766,1.5756064653396606,-2.7879440784454346,,comida,
209.464,-4.136806011199951,1.5689071416854858,-2.7827646732330322,,comida,
209.51,-4.186019420623779,1.5623807907104492,-2.7768092155456543,,comida,
209.532,-4.235144138336182,1.5559409856796265,-2.7700798511505127,,comida,
209.566,-4.284266948699951,1.5496742725372314,-2.7631759643554688,,comida,
209.61,-4.333376407623291,1.5434942245483398,-2.756099224090576,,comida,
209.631,-4.382485866546631,1.5373141765594482,-2.7490224838256836,,comida,
209.664,-4.431595325469971,1.5311341285705566,-2.741945743560791,,comida,
209.709,-4.4807047843933105,1.524954080581665,-2.7348690032958984,,comida,
209.73,-4.52981424331665,1.5187740325927734,-2.727792263031006,,comida,
209.77,-4.57892370223999,1.5125939846038818,-2.7207155227661133,,comida,
209.815,-4.62803316116333,1.5064139366149902,-2.7136387825012207,,comida,
209.835,-4.67714262008667,1.5002338886260986,-2.706562042236328,,comida,
209.868,-4.72625207901001,1.494053840637207,-2.6994853019714355,,comida,
209.913,-4.775392532348633,1.4881336688995361,-2.69240403175354,,comida,
209.932,-4.824733734130859,1.4836889505386353,-2.68564510345459,,comida,
209.967,-4.874174118041992,1.4803752899169922,-2.6789605617523193,,comida,
210.022,-4.923625469207764,1.4772357940673828,-2.672274589538574,,comida,
210.038,-4.973076820373535,1.4740962982177734,-2.665588617324829,,comida,
210.072,-5.022516250610352,1.470956802368164,-2.658816337585449,,comida,
210.117,-5.071961402893066,1.4679043292999268,-2.652043104171753,,comida,
210.137,-5.121406555175781,1.4648518562316895,-2.6452698707580566,,comida,
210.171,-5.170851707458496,1.4617993831634521,-2.6384966373443604,,comida,
210.215,-5.220296859741211,1.4587469100952148,-2.631723403930664,,comida,
210.236,-5.269742012023926,1.4556944370269775,-2.6249501705169678,,comida,
210.268,-5.319187164306641,1.4526419639587402,-2.6181769371032715,,comida,
210.313,-5.3686323165893555,1.449589490890503,-2.611403703689575,,comida,
210.333,-5.41807746887207,1.4465370178222656,-2.604630470275879,,comida,
210.367,-5.467527866363525,1.44357168674469,-2.5978565216064453,,comida,
210.41,-5.5169782638549805,1.4406063556671143,-2.5910825729370117,,comida,
210.431,-5.5664286613464355,1.4376410245895386,-2.584308624267578,,comida,
210.463,-5.615879058837891,1.434675693511963,-2.5775346755981445,,comida,
210.51,-5.665329456329346,1.4317103624343872,-2.570760726928711,,comida,
210.529,-5.714779853820801,1.4287450313568115,-2.5639867782592773,,comida,
210.562,-5.764230251312256,1.4257797002792358,-2.5572128295898438,,comida,
210.607,-5.813680648803711,1.4228143692016602,-2.55043888092041,,comida,
210.628,-5.863131046295166,1.4198490381240845,-2.5436649322509766,,comida,
210.66,-5.912581443786621,1.4168837070465088,-2.536890983581543,,comida,
210.705,-5.962031841278076,1.413918375968933,-2.5301170349121094,,comida,
210.725,-6.011482238769531,1.4109530448913574,-2.523343086242676,,comida,
210.757,-6.060932636260986,1.4079877138137817,-2.516569137573242,,comida,
210.804,-6.110387802124023,1.4051095247268677,-2.5097947120666504,,comida,
210.824,-6.1598615646362305,1.4034518003463745,-2.502753496170044,,comida,
210.855,-6.209335803985596,1.402230143547058,-2.49562406539917,,comida,
210.901,-6.258811950683594,1.4010957479476929,-2.488494396209717,,comida,
210.921,-6.308262825012207,1.3999613523483276,-2.481192111968994,,comida,
210.953,-6.35771369934082,1.3988269567489624,-2.4738898277282715,,comida,
210.999,-6.407214164733887,1.3976925611495972,-2.466933012008667,,comida,
211.019,-6.456762313842773,1.396558165550232,-2.4603219032287598,,comida,
211.052,-6.506333351135254,1.3954237699508667,-2.4538838863372803,,comida,
211.096,-6.555926322937012,1.3942893743515015,-2.4476187229156494,,comida,
211.117,-6.6055192947387695,1.3931549787521362,-2.4413535594940186,,comida,
211.148,-6.655112266540527,1.392020583152771,-2.4350883960723877,,comida,
211.195,-6.704705238342285,1.3908861875534058,-2.428823232650757,,comida,
211.215,-6.754298210144043,1.3897517919540405,-2.422558069229126,,comida,
211.247,-6.803891181945801,1.3886173963546753,-2.416292905807495,,comida,
211.293,-6.853484153747559,1.38748300075531,-2.4100277423858643,,comida,
211.313,-6.903077125549316,1.3863486051559448,-2.4037625789642334,,comida,
211.345,-6.952670097351074,1.3852142095565796,-2.3974974155426025,,comida,
211.391,-7.002263069152832,1.3840798139572144,-2.3912322521209717,,comida,
211.411,-7.05185604095459,1.3829454183578491,-2.384967088699341,,comida,
211.443,-7.101449012756348,1.3818110227584839,-2.37870192527771,,comida,
211.49,-7.1510419845581055,1.3806766271591187,-2.372436761856079,,comida,
211.509,-7.200634956359863,1.3795422315597534,-2.3661715984344482,,comida,
211.542,-7.250227928161621,1.3784078359603882,-2.3599064350128174,,comida,
211.593,-7.299820899963379,1.377273440361023,-2.3536412715911865,,comida,
211.612,-7.349413871765137,1.3761390447616577,-2.3473761081695557,,comida,
211.645,-7.3990068435668945,1.3750046491622925,-2.341110944747925,,comida,
211.692,-7.448599815368652,1.3738702535629272,-2.334845781326294,,comida,
211.71,-7.49819278717041,1.372735857963562,-2.328580617904663,,comida,
211.743,-7.547785758972168,1.3716014623641968,-2.3223154544830322,,comida,
211.79,-7.597378730773926,1.3704670667648315,-2.3160502910614014,,comida,
211.809,-7.646971702575684,1.3693326711654663,-2.3097851276397705,,comida,
211.842,-7.696564674377441,1.368198275566101,-2.3035199642181396,,comida,
211.887,-7.746157646179199,1.3670638799667358,-2.297254800796509,,comida,
211.907,-7.795750617980957,1.3659294843673706,-2.290989637374878,,comida,
211.94,-7.8453545570373535,1.3647950887680054,-2.28481125831604,,comida,
211.985,-7.89495849609375,1.3636606931686401,-2.278632879257202,,comida,
212.005,-7.9445624351501465,1.362526297569275,-2.2724545001983643,,comida,
212.039,-7.994176864624023,1.3613919019699097,-2.2663626670837402,,comida,
212.084,-8.043791770935059,1.3602575063705444,-2.260270833969116,,otros,
212.103,-8.093406677246094,1.3591231107711792,-2.254179000854492,,otros,
212.136,-8.143021583557129,1.357988715171814,-2.248087167739868,,otros,
212.182,-8.192648887634277,1.3569415807724,-2.242081642150879,,otros,
212.202,-8.24233627319336,1.3566797971725464,-2.236508369445801,,otros,
212.235,-8.292043685913086,1.3566797971725464,-2.2311084270477295,,otros,
212.281,-8.341768264770508,1.3571161031723022,-2.2258822917938232,,otros,
212.3,-8.391515731811523,1.3578141927719116,-2.220916748046875,,otros,
212.333,-8.441259384155273,1.3587740659713745,-2.215951681137085,,otros,
212.38,-8.491003036499023,1.3597339391708374,-2.210986614227295,,otros,
212.399,-8.540749549865723,1.3609555959701538,-2.206108808517456,,otros,
212.432,-8.590499877929688,1.362613320350647,-2.2014060020446777,,otros,
212.477,-8.640253067016602,1.364445447921753,-2.1967904567718506,,otros,
212.497,-8.690006256103516,1.3662775754928589,-2.1921749114990234,,otros,
212.529,-8.73975944519043,1.3681097030639648,-2.1875593662261963,,otros,
212.575,-8.789512634277344,1.3699418306350708,-2.182943820953369,,otros,
212.595,-8.839265823364258,1.3717739582061768,-2.178328275680542,,otros,
212.628,-8.889019012451172,1.3736060857772827,-2.173712730407715,,otros,
212.675,-8.938772201538086,1.3754382133483887,-2.1690971851348877,,otros,
212.695,-8.988516807556152,1.3772703409194946,-2.1643948554992676,,otros,
212.728,-9.03825855255127,1.3791897296905518,-2.1596930027008057,,otros,
212.774,-9.088000297546387,1.3811091184616089,-2.1549911499023438,,otros,
212.792,-9.137742042541504,1.383028507232666,-2.150289297103882,,otros,
212.824,-9.187483787536621,1.3849478960037231,-2.14558744430542,,otros,
212.872,-9.23721694946289,1.3868672847747803,-2.140798807144165,,otros,
212.89,-9.28695011138916,1.3887866735458374,-2.13601016998291,,otros,
212.923,-9.33668327331543,1.3907060623168945,-2.1312215328216553,,otros,
212.969,-9.3864164352417,1.3926254510879517,-2.1264328956604004,,otros,
212.988,-9.436149597167969,1.3945448398590088,-2.1216442584991455,,otros,
213.02,-9.485882759094238,1.396464228630066,-2.1168556213378906,,otros,
213.068,-9.535615921020508,1.398383617401123,-2.1120669841766357,,otros,
213.087,-9.585349082946777,1.4003030061721802,-2.107278347015381,,otros,
213.119,-9.635082244873047,1.4022223949432373,-2.102489709854126,,otros,
213.166,-9.684815406799316,1.4041417837142944,-2.097701072692871,,otros,
213.185,-9.734548568725586,1.4060611724853516,-2.092912435531616,,otros,
213.218,-9.784281730651855,1.4079805612564087,-2.0881237983703613,,otros,
213.265,-9.834006309509277,1.4098999500274658,-2.0832481384277344,,otros,
213.284,-9.8837308883667,1.411819338798523,-2.0783724784851074,,otros,
213.317,-9.933455467224121,1.41373872756958,-2.0734968185424805,,otros,
213.364,-9.983171463012695,1.4156581163406372,-2.0685343742370605,,otros,
213.382,-10.032870292663574,1.4175775051116943,-2.063398599624634,,otros,
213.416,-10.082569122314453,1.4194968938827515,-2.058262825012207,,otros,
213.464,-10.13224983215332,1.4214162826538086,-2.0529534816741943,,otros,
213.483,-10.181921005249023,1.4233356714248657,-2.0475575923919678,,otros,
213.515,-10.231592178344727,1.4252550601959229,-2.042161703109741,,otros,
213.563,-10.28126335144043,1.42717444896698,-2.0367658138275146,,otros,
213.582,-10.330979347229004,1.429093837738037,-2.0318033695220947,,otros,
213.613,-10.380743026733398,1.4298791885375977,-2.0270116329193115,,otros,
213.662,-10.430458068847656,1.4294428825378418,-2.0216987133026123,,otros,
213.68,-10.480164527893066,1.4283957481384277,-2.0163867473602295,,otros,
213.711,-10.529870986938477,1.4273486137390137,-2.0110747814178467,,otros,
213.757,-10.579577445983887,1.4263014793395996,-2.005762815475464,,otros,
213.776,-10.629283905029297,1.4252543449401855,-2.000450849533081,,otros,
213.808,-10.678990364074707,1.4242072105407715,-1.9951387643814087,,otros,
213.857,-10.728696823120117,1.4231600761413574,-1.9898266792297363,,otros,
213.875,-10.778403282165527,1.4221129417419434,-1.984514594078064,,otros,
213.907,-10.828109741210938,1.4210658073425293,-1.9792025089263916,,otros,
213.954,-10.877816200256348,1.4200186729431152,-1.9738904237747192,,otros,
213.972,-10.927522659301758,1.4189715385437012,-1.9685783386230469,,otros,
214.007,-10.97721004486084,1.417924404144287,-1.9630928039550781,,otros,
214.055,-11.026887893676758,1.416877269744873,-1.957520604133606,,otros,
214.072,-11.076545715332031,1.415830135345459,-1.9517749547958374,,otros,
214.105,-11.126203536987305,1.414783000946045,-1.9460293054580688,,otros,
214.152,-11.175841331481934,1.4137358665466309,-1.940110445022583,,otros,
214.17,-11.225479125976562,1.4126887321472168,-1.9341915845870972,,otros,
214.202,-11.275116920471191,1.4116415977478027,-1.9282727241516113,,otros,
214.247,-11.32475471496582,1.4105944633483887,-1.9223538637161255,,otros,
214.267,-11.37439250946045,1.4095473289489746,-1.9164350032806396,,otros,
214.3,-11.424030303955078,1.4085001945495605,-1.9105161428451538,,otros,
214.347,-11.473668098449707,1.4074530601501465,-1.904597282409668,,otros,
214.365,-11.523305892944336,1.4064059257507324,-1.8986784219741821,,otros,
214.398,-11.572943687438965,1.4053587913513184,-1.8927595615386963,,otros,
214.445,-11.622581481933594,1.4043116569519043,-1.8868407011032104,,otros,
214.464,-11.672219276428223,1.4032645225524902,-1.8809218406677246,,otros,
214.497,-11.721857070922852,1.4022173881530762,-1.8750029802322388,,otros,
214.545,-11.77149486541748,1.401170253753662,-1.869084119796753,,otros,
214.562,-11.82113265991211,1.400123119354248,-1.863165259361267,,otros,
214.595,-11.870770454406738,1.399075984954834,-1.8572463989257812,,otros,
214.642,-11.920408248901367,1.39802885055542,-1.8513275384902954,,otros,
214.665,-11.970046043395996,1.3969817161560059,-1.8454086780548096,,otros,
214.698,-12.019683837890625,1.3959345817565918,-1.8394898176193237,,otros,
214.745,-12.069321632385254,1.3948874473571777,-1.833570957183838,,otros,
214.763,-12.118959426879883,1.3938403129577637,-1.827652096748352,,otros,
214.795,-12.168597221374512,1.3927931785583496,-1.8217332363128662,,otros,
214.843,-12.21823501586914,1.3917460441589355,-1.8158143758773804,,otros,
214.861,-12.26787281036377,1.3906989097595215,-1.8098955154418945,,otros,
214.894,-12.317510604858398,1.3896517753601074,-1.8039766550064087,,otros,
214.942,-12.367148399353027,1.3886046409606934,-1.7980577945709229,,otros,
214.96,-12.416786193847656,1.3875575065612793,-1.792138934135437,,otros,
214.993,-12.466423988342285,1.3865103721618652,-1.7862200736999512,,otros,
215.044,-12.516061782836914,1.3854632377624512,-1.7803012132644653,,otros,
215.06,-12.565699577331543,1.384416103363037,-1.7743823528289795,,otros,
215.093,-12.615337371826172,1.383368968963623,-1.7684634923934937,,otros,
215.142,-12.6649751663208,1.382321834564209,-1.7625446319580078,,otros,
215.161,-12.71461296081543,1.381274700164795,-1.756625771522522,,otros,
215.194,-12.764250755310059,1.3802275657653809,-1.7507069110870361,,otros,
215.241,-12.813888549804688,1.3791804313659668,-1.7447880506515503,,otros,
215.26,-12.863526344299316,1.3781332969665527,-1.7388691902160645,,otros,
215.293,-12.913164138793945,1.3770861625671387,-1.7329503297805786,,otros,
215.341,-12.962801933288574,1.3760390281677246,-1.7270314693450928,,otros,
215.358,-13.012439727783203,1.3749918937683105,-1.721112608909607,,otros,
215.393,-13.062097549438477,1.3739447593688965,-1.7153669595718384,,otros,
215.44,-13.11175537109375,1.3728976249694824,-1.7096213102340698,,otros,
215.458,-13.161413192749023,1.3718504905700684,-1.7038756608963013,,otros,
215.49,-13.211071014404297,1.3708033561706543,-1.6981300115585327,,otros,
215.537,-13.26072883605957,1.3697562217712402,-1.6923843622207642,,otros,
215.556,-13.26072883605957,1.3697562217712402,-1.6923843622207642,,otros,
215.588,-13.26072883605957,1.3697562217712402,-1.6923843622207642,,otros,
215.636,-13.26072883605957,1.3697562217712402,-1.6923843622207642,,otros,
215.653,-13.26072883605957,1.3697562217712402,-1.6923843622207642,,otros,
215.686,-13.26072883605957,1.3697562217712402,-1.6923843622207642,,otros,
215.734,-13.26072883605957,1.3697562217712402,-1.6923843622207642,,otros,
215.751,-13.26072883605957,1.3697562217712402,-1.6923843622207642,,otros,
215.783,-13.26072883605957,1.3697562217712402,-1.6923843622207642,,otros,
215.832,-13.26072883605957,1.3697562217712402,-1.6923843622207642,,otros,
215.85,-13.26072883605957,1.3697562217712402,-1.6923843622207642,,otros,
215.884,-13.26072883605957,1.3697562217712402,-1.6923843622207642,,otros,
215.932,-13.26072883605957,1.3697562217712402,-1.6923843622207642,,otros,
215.948,-13.26072883605957,1.3697562217712402,-1.6923843622207642,,otros,
215.98,-13.26072883605957,1.3697562217712402,-1.6923843622207642,,otros,
216.027,-13.26072883605957,1.3697562217712402,-1.6923843622207642,,otros,
216.048,-13.26072883605957,1.3697562217712402,-1.6923843622207642,,otros,
216.082,-13.26072883605957,1.3697562217712402,-1.6923843622207642,,otros,
216.131,-13.26072883605957,1.3697562217712402,-1.6923843622207642,,otros,
216.148,-13.26072883605957,1.3697562217712402,-1.6923843622207642,,otros,
216.18,-13.26072883605957,1.3697562217712402,-1.6923843622207642,,otros,
216.226,-13.26072883605957,1.3697562217712402,-1.6923843622207642,,otros,
216.245,-13.26072883605957,1.3697562217712402,-1.6923843622207642,,otros,
216.278,-13.26072883605957,1.3697562217712402,-1.6923843622207642,,otros,
216.325,-13.26072883605957,1.3697562217712402,-1.6923843622207642,,otros,
216.344,-13.26072883605957,1.3697562217712402,-1.6923843622207642,,otros,
216.377,-13.26072883605957,1.3697562217712402,-1.6923843622207642,,otros,
216.425,-13.26072883605957,1.3697562217712402,-1.6923843622207642,,otros,
216.442,-13.26072883605957,1.3697562217712402,-1.6923843622207642,,otros,
216.475,-13.26072883605957,1.3697562217712402,-1.6923843622207642,,otros,
216.522,-13.26072883605957,1.3697562217712402,-1.6923843622207642,,otros,
216.54,-13.26072883605957,1.3697562217712402,-1.6923843622207642,,otros,
216.573,-13.26072883605957,1.3697562217712402,-1.6923843622207642,,otros,
216.621,-13.26072883605957,1.3697562217712402,-1.6923843622207642,,otros,
216.638,-13.26072883605957,1.3697562217712402,-1.6923843622207642,,otros,
216.672,-13.26072883605957,1.3697562217712402,-1.6923843622207642,,otros,
216.721,-13.26072883605957,1.3697562217712402,-1.6923843622207642,,otros,
216.738,-13.26072883605957,1.3697562217712402,-1.6923843622207642,,otros,
216.77,-13.26072883605957,1.3697562217712402,-1.6923843622207642,,otros,
216.819,-13.26072883605957,1.3697562217712402,-1.6923843622207642,,otros,
216.836,-13.26072883605957,1.3697562217712402,-1.6923843622207642,,otros,
216.868,-13.26072883605957,1.3697562217712402,-1.6923843622207642,,otros,
216.916,-13.26072883605957,1.3697562217712402,-1.6923843622207642,,otros,
216.935,-13.26072883605957,1.3697562217712402,-1.6923843622207642,,otros,
216.966,-13.26072883605957,1.3697562217712402,-1.6923843622207642,,otros,
217.013,-13.26072883605957,1.3697562217712402,-1.6923843622207642,,otros,
217.032,-13.26072883605957,1.3697562217712402,-1.6923843622207642,,otros,
217.065,-13.26072883605957,1.3697562217712402,-1.6923843622207642,,otros,
217.114,-13.26072883605957,1.3697562217712402,-1.6923843622207642,,otros,
217.13,-13.26072883605957,1.3697562217712402,-1.6923843622207642,,otros,
217.163,-13.26072883605957,1.3697562217712402,-1.6923843622207642,,otros,
217.211,-13.26072883605957,1.3697562217712402,-1.6923843622207642,,otros,
217.231,-13.26072883605957,1.3697562217712402,-1.6923843622207642,,otros,
217.262,-13.26072883605957,1.3697562217712402,-1.6923843622207642,,otros,
217.31,-13.26072883605957,1.3697562217712402,-1.6923843622207642,,otros,
217.329,-13.26072883605957,1.3697562217712402,-1.6923843622207642,,otros,
217.361,-13.26072883605957,1.3697562217712402,-1.6923843622207642,,otros,
217.409,-13.26072883605957,1.3697562217712402,-1.6923843622207642,,otros,
217.427,-13.26072883605957,1.3697562217712402,-1.6923843622207642,,otros,
217.458,-13.26072883605957,1.3697562217712402,-1.6923843622207642,,otros,
217.506,-13.26072883605957,1.3697562217712402,-1.6923843622207642,,otros,
217.523,-13.26072883605957,1.3697562217712402,-1.6923843622207642,,otros,
217.557,-13.26072883605957,1.3697562217712402,-1.6923843622207642,,otros,
217.604,-13.26072883605957,1.3697562217712402,-1.6923843622207642,,otros,
217.622,-13.26072883605957,1.3697562217712402,-1.6923843622207642,,otros,
217.655,-13.26072883605957,1.3697562217712402,-1.6923843622207642,,otros,
217.703,-13.26072883605957,1.3697562217712402,-1.6923843622207642,,otros,
217.722,-13.26072883605957,1.3697562217712402,-1.6923843622207642,,otros,
217.753,-13.26072883605957,1.3697562217712402,-1.6923843622207642,,otros,
217.801,-13.26072883605957,1.3697562217712402,-1.6923843622207642,,otros,
217.819,-13.26072883605957,1.3697562217712402,-1.6923843622207642,,otros,
217.852,-13.26072883605957,1.3697562217712402,-1.6923843622207642,,otros,
217.901,-13.26072883605957,1.3697562217712402,-1.6923843622207642,,otros,
217.918,-13.26072883605957,1.3697562217712402,-1.6923843622207642,,otros,
217.951,-13.26072883605957,1.3697562217712402,-1.6923843622207642,,otros,
217.997,-13.26072883605957,1.3697562217712402,-1.6923843622207642,,otros,
218.015,-13.26072883605957,1.3697562217712402,-1.6923843622207642,,otros,
218.05,-13.26072883605957,1.3697562217712402,-1.6923843622207642,,otros,
218.097,-13.26072883605957,1.3697562217712402,-1.6923843622207642,,otros,
218.119,-13.26072883605957,1.3697562217712402,-1.6923843622207642,,otros,
218.149,-13.26072883605957,1.3697562217712402,-1.6923843622207642,,otros,
218.198,-13.26072883605957,1.3697562217712402,-1.6923843622207642,,otros,
218.214,-13.26072883605957,1.3697562217712402,-1.6923843622207642,,otros,
218.246,-13.26072883605957,1.3697562217712402,-1.6923843622207642,,otros,
218.293,-13.26072883605957,1.3697562217712402,-1.6923843622207642,,otros,
218.312,-13.26072883605957,1.3697562217712402,-1.6923843622207642,,otros,
218.343,-13.26072883605957,1.3697562217712402,-1.6923843622207642,,otros,
218.395,-13.26072883605957,1.3697562217712402,-1.6923843622207642,,otros,
218.409,-13.26072883605957,1.3697562217712402,-1.6923843622207642,,otros,
218.443,-13.26072883605957,1.3697562217712402,-1.6923843622207642,,otros,
218.493,-13.26072883605957,1.3697562217712402,-1.6923843622207642,,otros,
218.507,-13.26072883605957,1.3697562217712402,-1.6923843622207642,,otros,
218.538,-13.26072883605957,1.3697562217712402,-1.6923843622207642,,otros,
218.587,-13.26072883605957,1.3697562217712402,-1.6923843622207642,,otros,
218.605,-13.26072883605957,1.3697562217712402,-1.6923843622207642,,otros,
218.64,-13.26072883605957,1.3697562217712402,-1.6923843622207642,,otros,
218.686,-13.26072883605957,1.3697562217712402,-1.6923843622207642,,otros,
218.705,-13.26072883605957,1.3697562217712402,-1.6923843622207642,,otros,
218.737,-13.26072883605957,1.3697562217712402,-1.6923843622207642,,otros,
218.784,-13.26072883605957,1.3697562217712402,-1.6923843622207642,,otros,
218.802,-13.26072883605957,1.3697562217712402,-1.6923843622207642,,otros,
218.836,-13.26072883605957,1.3697562217712402,-1.6923843622207642,,otros,
218.884,-13.26072883605957,1.3697562217712402,-1.6923843622207642,,otros,
218.901,-13.26072883605957,1.3697562217712402,-1.6923843622207642,,otros,
218.936,-13.26072883605957,1.3697562217712402,-1.6923843622207642,,otros,
218.982,-13.26072883605957,1.3697562217712402,-1.6923843622207642,,otros,
219.0,-13.26072883605957,1.3697562217712402,-1.6923843622207642,,otros,
219.031,-13.26072883605957,1.3697562217712402,-1.6923843622207642,,otros,
219.085,-13.26072883605957,1.3697562217712402,-1.6923843622207642,,otros,
219.102,-13.26072883605957,1.3697562217712402,-1.6923843622207642,,otros,
219.135,-13.26072883605957,1.3697562217712402,-1.6923843622207642,,otros,
219.182,-13.26072883605957,1.3697562217712402,-1.6923843622207642,,otros,
219.199,-13.26072883605957,1.3697562217712402,-1.6923843622207642,,otros,
219.231,-13.26072883605957,1.3697562217712402,-1.6923843622207642,,otros,
219.279,-13.26072883605957,1.3697562217712402,-1.6923843622207642,,otros,
219.296,-13.26072883605957,1.3697562217712402,-1.6923843622207642,,otros,
219.329,-13.26072883605957,1.3697562217712402,-1.6923843622207642,,otros,
219.378,-13.26072883605957,1.3697562217712402,-1.6923843622207642,,otros,
219.396,-13.26072883605957,1.3697562217712402,-1.6923843622207642,,otros,
219.427,-13.26072883605957,1.3697562217712402,-1.6923843622207642,,otros,
219.478,-13.26072883605957,1.3697562217712402,-1.6923843622207642,,otros,
219.494,-13.26072883605957,1.3697562217712402,-1.6923843622207642,,otros,
219.525,-13.26072883605957,1.3697562217712402,-1.6923843622207642,,otros,
219.573,-13.26072883605957,1.3697562217712402,-1.6923843622207642,,otros,
219.59,-13.26072883605957,1.3697562217712402,-1.6923843622207642,,otros,
219.623,-13.26072883605957,1.3697562217712402,-1.6923843622207642,,otros,
219.671,-13.26072883605957,1.3697562217712402,-1.6923843622207642,,otros,
219.694,-13.26072883605957,1.3697562217712402,-1.6923843622207642,,otros,
219.726,-13.26072883605957,1.3697562217712402,-1.6923843622207642,,otros,
219.774,-13.26072883605957,1.3697562217712402,-1.6923843622207642,,otros,
219.791,-13.26072883605957,1.3697562217712402,-1.6923843622207642,,otros,
219.824,-13.26072883605957,1.3697562217712402,-1.6923843622207642,,otros,
219.873,-13.26072883605957,1.3697562217712402,-1.6923843622207642,,otros,
219.89,-13.26072883605957,1.3697562217712402,-1.6923843622207642,,otros,
219.922,-13.26072883605957,1.3697562217712402,-1.6923843622207642,,otros,
219.971,-13.26072883605957,1.3697562217712402,-1.6923843622207642,,otros,
219.99,-13.26072883605957,1.3697562217712402,-1.6923843622207642,,otros,
220.023,-13.26072883605957,1.3697562217712402,-1.6923843622207642,,otros,
220.07,-13.26072883605957,1.3697562217712402,-1.6923843622207642,,otros,
220.088,-13.26072883605957,1.3697562217712402,-1.6923843622207642,,otros,
220.12,-13.26072883605957,1.3697562217712402,-1.6923843622207642,,otros,
220.169,-13.26072883605957,1.3697562217712402,-1.6923843622207642,,otros,
220.185,-13.26072883605957,1.3697562217712402,-1.6923843622207642,,otros,
220.218,-13.26072883605957,1.3697562217712402,-1.6923843622207642,,otros,
220.265,-13.26072883605957,1.3697562217712402,-1.6923843622207642,,otros,
220.283,-13.26072883605957,1.3697562217712402,-1.6923843622207642,,otros,
220.316,-13.26072883605957,1.3697562217712402,-1.6923843622207642,,otros,
220.364,-13.26072883605957,1.3697562217712402,-1.6923843622207642,,otros,
220.38,-13.26072883605957,1.3697562217712402,-1.6923843622207642,,otros,
220.414,-13.26072883605957,1.3697562217712402,-1.6923843622207642,,otros,
220.463,-13.26072883605957,1.3697562217712402,-1.6923843622207642,,otros,
220.479,-13.26072883605957,1.3697562217712402,-1.6923843622207642,,otros,
220.511,-13.26072883605957,1.3697562217712402,-1.6923843622207642,,otros,
220.558,-13.26072883605957,1.3697562217712402,-1.6923843622207642,,otros,
220.578,-13.26072883605957,1.3697562217712402,-1.6923843622207642,,otros,
220.609,-13.26072883605957,1.3697562217712402,-1.6923843622207642,,otros,
220.657,-13.26072883605957,1.3697562217712402,-1.6923843622207642,,otros,
220.674,-13.26072883605957,1.3697562217712402,-1.6923843622207642,,otros,
220.706,-13.26072883605957,1.3697562217712402,-1.6923843622207642,,otros,
220.752,-13.26072883605957,1.3697562217712402,-1.6923843622207642,,otros,
220.773,-13.26072883605957,1.3697562217712402,-1.6923843622207642,,otros,
220.808,-13.26072883605957,1.3697562217712402,-1.6923843622207642,,otros,
220.855,-13.26072883605957,1.3697562217712402,-1.6923843622207642,,otros,
220.873,-13.26072883605957,1.3697562217712402,-1.6923843622207642,,otros,
220.904,-13.212343215942383,1.3697562217712402,-1.70498788356781,,otros,
220.952,-13.163957595825195,1.3697562217712402,-1.717591404914856,,otros,
220.968,-13.115571975708008,1.3697562217712402,-1.7301949262619019,,otros,
221.003,-13.06718635559082,1.3697562217712402,-1.7427984476089478,,otros,
221.05,-13.018800735473633,1.3697562217712402,-1.7554019689559937,,otros,
221.068,-12.970415115356445,1.3697562217712402,-1.7680054903030396,,otros,
221.099,-12.922029495239258,1.3697562217712402,-1.7806090116500854,,otros,
221.149,-12.87364387512207,1.3697562217712402,-1.7932125329971313,,otros,
221.167,-12.825258255004883,1.3697562217712402,-1.8058160543441772,,otros,
221.198,-12.776872634887695,1.3697562217712402,-1.8184195756912231,,otros,
221.248,-12.728487014770508,1.3697562217712402,-1.831023097038269,,otros,
221.264,-12.68010139465332,1.3697562217712402,-1.843626618385315,,otros,
221.297,-12.631715774536133,1.3697562217712402,-1.8562301397323608,,otros,
221.344,-12.583330154418945,1.3697562217712402,-1.8688336610794067,,otros,
221.36,-12.534944534301758,1.3697562217712402,-1.8814371824264526,,otros,
221.395,-12.48655891418457,1.3697562217712402,-1.8940407037734985,,otros,
221.443,-12.438173294067383,1.3697562217712402,-1.9066442251205444,,otros,
221.459,-12.389787673950195,1.3697562217712402,-1.9192477464675903,,otros,
221.493,-12.341402053833008,1.3697562217712402,-1.9318512678146362,,otros,
221.541,-12.29301643371582,1.3697562217712402,-1.9444547891616821,,otros,
221.558,-12.244630813598633,1.3697562217712402,-1.957058310508728,,otros,
221.59,-12.196245193481445,1.3697562217712402,-1.969661831855774,,otros,
221.637,-12.147859573364258,1.3697562217712402,-1.9822653532028198,,otros,
221.654,-12.09947395324707,1.3697562217712402,-1.9948688745498657,,otros,
221.688,-12.051088333129883,1.3697562217712402,-2.007472276687622,,otros,
221.735,-12.002702713012695,1.3697562217712402,-2.020075798034668,,otros,
221.753,-11.954317092895508,1.3697562217712402,-2.032679319381714,,otros,
221.785,-11.90593147277832,1.3697562217712402,-2.0452828407287598,,otros,
221.833,-11.857545852661133,1.3697562217712402,-2.0578863620758057,,otros,
221.849,-11.809160232543945,1.3697562217712402,-2.0704898834228516,,otros,
221.881,-11.760774612426758,1.3697562217712402,-2.0830934047698975,,otros,
221.929,-11.71238899230957,1.3697562217712402,-2.0956969261169434,,otros,
221.948,-11.664003372192383,1.3697562217712402,-2.1083004474639893,,otros,
221.979,-11.615617752075195,1.3697562217712402,-2.120903968811035,,otros,
222.027,-11.567232131958008,1.3697562217712402,-2.133507490158081,,otros,
222.044,-11.51884651184082,1.3697562217712402,-2.146111011505127,,otros,
222.079,-11.470460891723633,1.3697562217712402,-2.158714532852173,,otros,
222.129,-11.421762466430664,1.3697562217712402,-2.1700470447540283,,otros,
222.144,-11.37271499633789,1.3697562217712402,-2.1797587871551514,,otros,
222.179,-11.323400497436523,1.3697562217712402,-2.1880111694335938,,otros,
222.227,-11.273923873901367,1.3697562217712402,-2.1952290534973145,,otros,
222.245,-11.224340438842773,1.3697562217712402,-2.2016687393188477,,otros,
222.278,-11.174605369567871,1.3697562217712402,-2.20680832862854,,otros,
222.324,-11.12480354309082,1.3697562217712402,-2.2112529277801514,,otros,
222.341,-11.07496452331543,1.3697562217712402,-2.2152628898620605,,otros,
222.375,-11.025086402893066,1.3697562217712402,-2.2187507152557373,,otros,
222.426,-10.975164413452148,1.3697562217712402,-2.2215418815612793,,otros,
222.441,-10.925224304199219,1.3697562217712402,-2.223984479904175,,otros,
222.474,-10.875271797180176,1.3697562217712402,-2.226165533065796,,otros,
222.521,-10.825315475463867,1.3697562217712402,-2.228259325027466,,otros,
222.541,-10.775352478027344,1.3697562217712402,-2.2301788330078125,,otros,
222.572,-10.725382804870605,1.3697562217712402,-2.231923818588257,,otros,
222.62,-10.675394058227539,1.3697562217712402,-2.232970952987671,,otros,
222.638,-10.625398635864258,1.3697562217712402,-2.2322728633880615,,otros,
222.671,-10.575526237487793,1.3697562217712402,-2.2286980152130127,,otros,
222.722,-10.52582836151123,1.3697562217712402,-2.2232112884521484,,otros,
222.737,-10.476499557495117,1.3697562217712402,-2.2150449752807617,,otros,
222.769,-10.427985191345215,1.3697562217712402,-2.202948808670044,,otros,
222.817,-10.381243705749512,1.3697562217712402,-2.1851935386657715,,otros,
222.834,-10.335049629211426,1.3697562217712402,-2.1660592555999756,,otros,
222.866,-10.288956642150879,1.3697562217712402,-2.14668345451355,,otros,
222.912,-10.242863655090332,1.3697562217712402,-2.127307653427124,,otros,
222.93,-10.196770668029785,1.3697562217712402,-2.1079318523406982,,otros,
222.965,-10.150677680969238,1.3697562217712402,-2.0885560512542725,,otros,
223.013,-10.104584693908691,1.3697562217712402,-2.0691802501678467,,otros,
223.029,-10.058491706848145,1.3697562217712402,-2.049804449081421,,otros,
223.063,-10.058491706848145,1.3697562217712402,-2.049804449081421,,otros,
223.108,-10.058491706848145,1.3697562217712402,-2.049804449081421,,otros,
223.126,-10.058491706848145,1.3697562217712402,-2.049804449081421,,otros,
223.159,-10.058491706848145,1.3697562217712402,-2.049804449081421,,otros,
223.207,-10.039716720581055,1.3574062585830688,-2.0944695472717285,,otros,
223.225,-10.020941734313965,1.3450562953948975,-2.139134645462036,,otros,
223.255,-10.002166748046875,1.332706332206726,-2.1837997436523438,,otros,
223.304,-9.983391761779785,1.3203563690185547,-2.2284648418426514,,otros,
223.32,-9.964616775512695,1.3080064058303833,-2.273129940032959,,otros,
223.353,-9.945841789245605,1.295656442642212,-2.3177950382232666,,otros,
223.401,-9.927066802978516,1.2833064794540405,-2.362460136413574,,otros,
223.418,-9.908291816711426,1.2709565162658691,-2.407125234603882,,otros,
223.451,-9.889516830444336,1.2586065530776978,-2.4517903327941895,,otros,
223.5,-9.870741844177246,1.2462565898895264,-2.496455430984497,,otros,
223.517,-9.851966857910156,1.233906626701355,-2.5411205291748047,,otros,
223.549,-9.833191871643066,1.2215566635131836,-2.5857856273651123,,otros,
223.6,-9.814416885375977,1.2092067003250122,-2.63045072555542,,otros,
223.617,-9.795641899108887,1.1968567371368408,-2.6751158237457275,,otros,
223.648,-9.776866912841797,1.1845067739486694,-2.719780921936035,,otros,
223.699,-9.758091926574707,1.172156810760498,-2.7644460201263428,,otros,
223.715,-9.739316940307617,1.1598068475723267,-2.8091111183166504,,otros,
223.749,-9.71827507019043,1.1484743356704712,-2.853029251098633,,otros,
223.795,-9.692184448242188,1.1390196084976196,-2.8946211338043213,,otros,
223.813,-9.662834167480469,1.1309393644332886,-2.9342856407165527,,otros,
223.848,-9.63279914855957,1.1235488653182983,-2.9735701084136963,,otros,
223.893,-9.6021089553833,1.1174553632736206,-3.0125701427459717,,otros,
223.91,-9.570975303649902,1.1129237413406372,-3.051431179046631,,otros,
223.944,-9.539789199829102,1.1094359159469604,-3.090357542037964,,otros,
223.993,-9.508626937866211,1.1071677207946777,-3.1293933391571045,,otros,
224.009,-9.477446556091309,1.1056843996047974,-3.168452262878418,,otros,
224.042,-9.445982933044434,1.1050735712051392,-3.2073066234588623,,otros,
224.088,-9.414318084716797,1.1058589220046997,-3.2459938526153564,,otros,
224.106,-9.382681846618652,1.1081271171569824,-3.2846460342407227,,otros,
224.137,-9.351217269897461,1.1114407777786255,-3.3233630657196045,,otros,
224.188,-9.319835662841797,1.1151026487350464,-3.3621160984039307,,otros,
224.204,-9.288674354553223,1.1191126108169556,-3.4010119438171387,,otros,
224.236,-9.257580757141113,1.1231225728988647,-3.439962148666382,,otros,
224.282,-9.226487159729004,1.127132534980774,-3.478912353515625,,otros,
224.305,-9.19546127319336,1.131142497062683,-3.517916679382324,,otros,
224.335,-9.164435386657715,1.1351524591445923,-3.5569210052490234,,otros,
224.38,-9.13340950012207,1.1391624212265015,-3.5959253311157227,,otros,
224.401,-9.102383613586426,1.1431723833084106,-3.634929656982422,,otros,
224.433,-9.071357727050781,1.1471823453903198,-3.673933982849121,,otros,
224.48,-9.040331840515137,1.151192307472229,-3.7129383087158203,,otros,
224.499,-9.009305953979492,1.1552022695541382,-3.7519426345825195,,otros,
224.532,-8.978280067443848,1.1592122316360474,-3.7909469604492188,,otros,
224.58,-8.947254180908203,1.1632221937179565,-3.829951286315918,,otros,
224.596,-8.916228294372559,1.1672321557998657,-3.868955612182617,,otros,
224.631,-8.885202407836914,1.171242117881775,-3.9079599380493164,,otros,
224.675,-8.85417652130127,1.175252079963684,-3.9469642639160156,,otros,
224.693,-8.823150634765625,1.1792620420455933,-3.985968589782715,,otros,
224.731,-8.79212474822998,1.1832720041275024,-4.024972915649414,,otros,
224.779,-8.761098861694336,1.1872819662094116,-4.063977241516113,,otros,
224.798,-8.730072975158691,1.1912919282913208,-4.1029815673828125,,otros,
224.829,-8.699047088623047,1.19530189037323,-4.141985893249512,,otros,
224.876,-8.668021202087402,1.1993118524551392,-4.180990219116211,,otros,
224.895,-8.636995315551758,1.2033218145370483,-4.21999454498291,,otros,
224.925,-8.605969429016113,1.2073317766189575,-4.258998870849609,,otros,
224.974,-8.574943542480469,1.2113417387008667,-4.298003196716309,,otros,
224.989,-8.543917655944824,1.2153517007827759,-4.337007522583008,,otros,
225.022,-8.51289176940918,1.219361662864685,-4.376011848449707,,otros,
225.068,-8.481865882873535,1.2233716249465942,-4.415016174316406,,otros,
225.088,-8.45083999633789,1.2273815870285034,-4.4540205001831055,,otros,
225.12,-8.419071197509766,1.2313915491104126,-4.492422103881836,,otros,
225.169,-8.386703491210938,1.2354015111923218,-4.530320167541504,,otros,
225.185,-8.353809356689453,1.239411473274231,-4.56776237487793,,otros,
225.217,-8.320520401000977,1.243334412574768,-4.604863166809082,,otros,
225.265,-8.286845207214355,1.2472573518753052,-4.641613483428955,,otros,
225.281,-8.252781867980957,1.2510932683944702,-4.678013801574707,,otros,
225.314,-8.218520164489746,1.2547551393508911,-4.714244842529297,,otros,
225.362,-8.184185981750488,1.2582429647445679,-4.750425338745117,,otros,
225.379,-8.149310111999512,1.2607725858688354,-4.786164283752441,,otros,
225.411,-8.113659858703613,1.2620813846588135,-4.821197509765625,,otros,
225.458,-8.077093124389648,1.2624304294586182,-4.855296611785889,,otros,
225.475,-8.040287971496582,1.262343168258667,-4.8891401290893555,,otros,
225.507,-8.002613067626953,1.2616450786590576,-4.922005653381348,,otros,
225.555,-7.962487697601318,1.2602490186691284,-4.951805114746094,,comida,
225.573,-7.921605110168457,1.258504033088684,-4.9805378913879395,,comida,
225.606,-7.880674839019775,1.2566719055175781,-5.009197235107422,,comida,
225.655,-7.839501857757568,1.2546653747558594,-5.037494659423828,,comida,
225.671,-7.797946929931641,1.2523971796035767,-5.065208435058594,,comida,
225.703,-7.756250858306885,1.2500418424606323,-5.0927019119262695,,comida,
225.752,-7.714276313781738,1.2475122213363647,-5.119752407073975,,comida,
225.77,-7.671592712402344,1.2443727254867554,-5.145602703094482,,comida,
225.801,-7.628106117248535,1.2407108545303345,-5.170006275177002,,comida,
225.847,-7.5843424797058105,1.2367879152297974,-5.193867206573486,,comida,
225.864,-7.540302753448486,1.2326910495758057,-5.217185020446777,,comida,
225.896,-7.495941638946533,1.2285940647125244,-5.2398858070373535,,comida,
225.944,-7.45158052444458,1.2244970798492432,-5.26258659362793,,comida,
225.961,-7.407219409942627,1.220400094985962,-5.285287380218506,,comida,
225.994,-7.362858295440674,1.2163031101226807,-5.307988166809082,,comida,
226.041,-7.318497180938721,1.2122061252593994,-5.330688953399658,,comida,
226.06,-7.274136066436768,1.2081091403961182,-5.353389739990234,,comida,
226.093,-7.2297749519348145,1.204012155532837,-5.3760905265808105,,comida,
226.139,-7.185413837432861,1.1999151706695557,-5.398791313171387,,comida,
226.16,-7.141052722930908,1.1958181858062744,-5.421492099761963,,comida,
226.195,-7.096691608428955,1.1917212009429932,-5.444192886352539,,comida,
226.241,-7.052330493927002,1.187624216079712,-5.466893672943115,,comida,
226.259,-7.007969379425049,1.1835272312164307,-5.489594459533691,,comida,
226.293,-6.963608264923096,1.1794302463531494,-5.512295246124268,,comida,
226.339,-6.919247150421143,1.1753332614898682,-5.534996032714844,,comida,
226.355,-6.8748860359191895,1.171236276626587,-5.55769681930542,,comida,
226.387,-6.830524921417236,1.1671392917633057,-5.580397605895996,,comida,
226.435,-6.786163806915283,1.1630423069000244,-5.603098392486572,,comida,
226.453,-6.74180269241333,1.1589453220367432,-5.625799179077148,,comida,
226.485,-6.697441577911377,1.154848337173462,-5.648499965667725,,comida,
226.535,-6.653080463409424,1.1507513523101807,-5.671200752258301,,comida,
226.552,-6.608774662017822,1.1470024585723877,-5.694068908691406,,comida,
226.586,-6.564279079437256,1.1456936597824097,-5.716838359832764,,comida,
226.631,-6.519692420959473,1.1463044881820679,-5.7394585609436035,,comida,
226.649,-6.4751667976379395,1.147962212562561,-5.762145519256592,,comida,
226.683,-6.43067741394043,1.1505789756774902,-5.78481388092041,,comida,
226.73,-6.386209964752197,1.1536314487457275,-5.80747127532959,,comida,
226.749,-6.341683864593506,1.1570322513580322,-5.829962730407715,,comida,
226.781,-6.297093868255615,1.161216139793396,-5.852194309234619,,comida,
226.829,-6.252362251281738,1.1664425134658813,-5.87391471862793,,comida,
226.845,-6.207653999328613,1.172622561454773,-5.8954315185546875,,comida,
226.879,-6.162955284118652,1.178889274597168,-5.916943550109863,,comida,
226.925,-6.118256568908691,1.185155987739563,-5.938455581665039,,comida,
226.943,-6.0735578536987305,1.191422700881958,-5.959967613220215,,comida,
226.986,-6.0288591384887695,1.197689414024353,-5.981479644775391,,comida,
227.032,-5.984160423278809,1.203956127166748,-6.002991676330566,,comida,
227.051,-5.939461708068848,1.210222840309143,-6.024503707885742,,comida,
227.084,-5.894762992858887,1.216489553451538,-6.046015739440918,,comida,
227.131,-5.850064277648926,1.222756266593933,-6.067527770996094,,comida,
227.149,-5.805365562438965,1.2290229797363281,-6.0890398025512695,,comida,
227.184,-5.760666847229004,1.2352896928787231,-6.110551834106445,,comida,
227.231,-5.715968132019043,1.2415564060211182,-6.132063865661621,,comida,
227.248,-5.671269416809082,1.2478231191635132,-6.153575897216797,,comida,
227.281,-5.626570701599121,1.2540898323059082,-6.175087928771973,,comida,
227.329,-5.58187198638916,1.2603565454483032,-6.196599960327148,,comida,
227.346,-5.537173271179199,1.2666232585906982,-6.218111991882324,,comida,
227.378,-5.492474555969238,1.2728899717330933,-6.2396240234375,,comida,
227.431,-5.447775840759277,1.2791566848754883,-6.261136054992676,,comida,
227.445,-5.402698516845703,1.2853367328643799,-6.281869411468506,,comida,
227.477,-5.3570942878723145,1.2915167808532715,-6.30141544342041,,comida,
227.525,-5.310381889343262,1.2971769571304321,-6.318325042724609,,comida,
227.543,-5.262752532958984,1.3021429777145386,-6.332705020904541,,comida,
227.578,-5.214479923248291,1.306674599647522,-6.344919681549072,,comida,
227.623,-5.165832042694092,1.3110324144363403,-6.355615615844727,,comida,
227.643,-5.116488456726074,1.3146942853927612,-6.362813949584961,,comida,
227.673,-5.0665669441223145,1.3174853324890137,-6.363075256347656,,comida,
227.72,-5.017062664031982,1.3193174600601196,-6.35629415512085,,comida,
227.739,-4.967802047729492,1.3208880424499512,-6.347873687744141,,comida,
227.772,-4.91862678527832,1.3222841024398804,-6.338937282562256,,comida,
227.819,-4.869629859924316,1.3235929012298584,-6.329057693481445,,comida,
227.835,-4.8206658363342285,1.3248145580291748,-6.31900691986084,,comida,
227.869,-4.771719455718994,1.3260362148284912,-6.308870792388916,,comida,
227.916,-4.72277307510376,1.3272578716278076,-6.298734664916992,,comida,
227.934,-4.72277307510376,1.3272578716278076,-6.298734664916992,,comida,
227.968,-4.72277307510376,1.3272578716278076,-6.298734664916992,,comida,
228.015,-4.72277307510376,1.3272578716278076,-6.298734664916992,,comida,
228.035,-4.72277307510376,1.3272578716278076,-6.298734664916992,,comida,
228.068,-4.72277307510376,1.3272578716278076,-6.298734664916992,,comida,
228.115,-4.72277307510376,1.3272578716278076,-6.298734664916992,,comida,
228.134,-4.72277307510376,1.3272578716278076,-6.298734664916992,,comida,
228.166,-4.72277307510376,1.3272578716278076,-6.298734664916992,,comida,
228.215,-4.673826694488525,1.328479528427124,-6.288598537445068,,comida,
228.231,-4.624880313873291,1.3297011852264404,-6.2784624099731445,,comida,
228.264,-4.575933933258057,1.3309228420257568,-6.268326282501221,,comida,
228.314,-4.526987552642822,1.3321444988250732,-6.258190155029297,,comida,
228.33,-4.478041172027588,1.3333661556243896,-6.248054027557373,,comida,
228.364,-4.4290947914123535,1.334587812423706,-6.237917900085449,,comida,
228.411,-4.380148410797119,1.3358094692230225,-6.227781772613525,,comida,
228.428,-4.331202030181885,1.3370311260223389,-6.217645645141602,,comida,
228.462,-4.28225564956665,1.3382527828216553,-6.207509517669678,,comida,
228.51,-4.233309268951416,1.3394744396209717,-6.197373390197754,,comida,
228.526,-4.184362888336182,1.340696096420288,-6.18723726272583,,comida,
228.558,-4.135416507720947,1.3419177532196045,-6.177101135253906,,comida,
228.612,-4.086470127105713,1.343139410018921,-6.166965007781982,,comida,
228.625,-4.0375237464904785,1.3443610668182373,-6.156828880310059,,comida,
228.659,-4.0375237464904785,1.3443610668182373,-6.156828880310059,,comida,
228.706,-4.0375237464904785,1.3443610668182373,-6.156828880310059,,comida,
228.728,-4.0375237464904785,1.3443610668182373,-6.156828880310059,,comida,
228.759,-4.0375237464904785,1.3443610668182373,-6.156828880310059,,comida,
228.808,-4.0375237464904785,1.3443610668182373,-6.156828880310059,,comida,
228.825,-4.0375237464904785,1.3443610668182373,-6.156828880310059,,comida,
228.857,-4.0375237464904785,1.3443610668182373,-6.156828880310059,,comida,
228.903,-4.0375237464904785,1.3443610668182373,-6.156828880310059,,comida,
228.921,-4.0375237464904785,1.3443610668182373,-6.156828880310059,,comida,
228.953,-4.0375237464904785,1.3443610668182373,-6.156828880310059,,comida,
229.017,-4.0375237464904785,1.3443610668182373,-6.156828880310059,,comida,
229.035,-4.0375237464904785,1.3443610668182373,-6.156828880310059,,comida,
229.068,-4.0375237464904785,1.3443610668182373,-6.156828880310059,,comida,
229.115,-4.0375237464904785,1.3443610668182373,-6.156828880310059,,comida,
229.134,-4.0375237464904785,1.3443610668182373,-6.156828880310059,,comida,
229.167,-4.0375237464904785,1.3443610668182373,-6.156828880310059,,comida,
229.215,-4.0375237464904785,1.3443610668182373,-6.156828880310059,,comida,
229.233,-4.0375237464904785,1.3443610668182373,-6.156828880310059,,comida,
229.267,-4.0375237464904785,1.3443610668182373,-6.156828880310059,,comida,
229.312,-4.0375237464904785,1.3443610668182373,-6.156828880310059,,comida,
229.334,-4.0375237464904785,1.3443610668182373,-6.156828880310059,,comida,
229.365,-4.0375237464904785,1.3443610668182373,-6.156828880310059,,comida,
229.414,-4.0375237464904785,1.3443610668182373,-6.156828880310059,,comida,
229.431,-4.0375237464904785,1.3443610668182373,-6.156828880310059,,comida,
229.463,-4.0375237464904785,1.3443610668182373,-6.156828880310059,,comida,
229.511,-4.0375237464904785,1.3443610668182373,-6.156828880310059,,comida,
229.528,-4.0375237464904785,1.3443610668182373,-6.156828880310059,,comida,
229.563,-4.0375237464904785,1.3443610668182373,-6.156828880310059,,comida,
229.61,-4.0375237464904785,1.3443610668182373,-6.156828880310059,,comida,
229.627,-4.0375237464904785,1.3443610668182373,-6.156828880310059,,comida,
229.661,-4.0375237464904785,1.3443610668182373,-6.156828880310059,,comida,
229.709,-4.0375237464904785,1.3443610668182373,-6.156828880310059,,comida,
229.726,-4.0375237464904785,1.3443610668182373,-6.156828880310059,,comida,
229.765,-4.0375237464904785,1.3443610668182373,-6.156828880310059,,comida,
229.812,-4.0375237464904785,1.3443610668182373,-6.156828880310059,,comida,
229.83,-4.0375237464904785,1.3443610668182373,-6.156828880310059,,comida,
229.865,-4.0375237464904785,1.3443610668182373,-6.156828880310059,,comida,
229.912,-4.0375237464904785,1.3443610668182373,-6.156828880310059,,comida,
229.931,-4.0375237464904785,1.3443610668182373,-6.156828880310059,,comida,
229.962,-4.0375237464904785,1.3443610668182373,-6.156828880310059,,comida,
230.01,-4.0375237464904785,1.3443610668182373,-6.156828880310059,,comida,
230.03,-4.0375237464904785,1.3443610668182373,-6.156828880310059,,comida,
230.062,-4.0375237464904785,1.3443610668182373,-6.156828880310059,,comida,
230.111,-4.0375237464904785,1.3443610668182373,-6.156828880310059,,comida,
230.128,-4.0375237464904785,1.3443610668182373,-6.156828880310059,,comida,
230.162,-4.0375237464904785,1.3443610668182373,-6.156828880310059,,comida,
230.211,-4.0375237464904785,1.3443610668182373,-6.156828880310059,,comida,
230.229,-4.0375237464904785,1.3443610668182373,-6.156828880310059,,comida,
230.262,-4.0375237464904785,1.3443610668182373,-6.156828880310059,,comida,
230.309,-4.0375237464904785,1.3443610668182373,-6.156828880310059,,comida,
230.328,-4.0375237464904785,1.3443610668182373,-6.156828880310059,,comida,
230.36,-4.0375237464904785,1.3443610668182373,-6.156828880310059,,comida,
230.408,-4.0375237464904785,1.3443610668182373,-6.156828880310059,,comida,
230.427,-4.0375237464904785,1.3443610668182373,-6.156828880310059,,comida,
230.46,-4.0375237464904785,1.3443610668182373,-6.156828880310059,,comida,
230.508,-4.0375237464904785,1.3443610668182373,-6.156828880310059,,comida,
230.527,-4.0375237464904785,1.3443610668182373,-6.156828880310059,,comida,
230.56,-4.0375237464904785,1.3443610668182373,-6.156828880310059,,comida,
230.607,-4.0375237464904785,1.3443610668182373,-6.156828880310059,,comida,
230.624,-4.0375237464904785,1.3443610668182373,-6.156828880310059,,comida,
230.657,-4.0375237464904785,1.3443610668182373,-6.156828880310059,,comida,
230.705,-4.0375237464904785,1.3443610668182373,-6.156828880310059,,comida,
230.723,-4.0375237464904785,1.3443610668182373,-6.156828880310059,,comida,
230.756,-4.0375237464904785,1.3443610668182373,-6.156828880310059,,comida,
230.804,-4.0375237464904785,1.3443610668182373,-6.156828880310059,,comida,
230.823,-4.0375237464904785,1.3443610668182373,-6.156828880310059,,comida,
230.858,-4.0375237464904785,1.3443610668182373,-6.156828880310059,,comida,
230.906,-4.0375237464904785,1.3443610668182373,-6.156828880310059,,comida,
230.924,-4.0375237464904785,1.3443610668182373,-6.156828880310059,,comida,
230.956,-4.0375237464904785,1.3443610668182373,-6.156828880310059,,comida,
231.004,-4.0375237464904785,1.3443610668182373,-6.156828880310059,,comida,
231.022,-4.0375237464904785,1.3443610668182373,-6.156828880310059,,comida,
231.055,-4.0375237464904785,1.3443610668182373,-6.156828880310059,,comida,
231.101,-4.0375237464904785,1.3443610668182373,-6.156828880310059,,comida,
231.121,-4.0375237464904785,1.3443610668182373,-6.156828880310059,,comida,
231.153,-4.0375237464904785,1.3443610668182373,-6.156828880310059,,comida,
231.2,-4.0375237464904785,1.3443610668182373,-6.156828880310059,,comida,
231.218,-4.0375237464904785,1.3443610668182373,-6.156828880310059,,comida,
231.251,-4.0375237464904785,1.3443610668182373,-6.156828880310059,,comida,
231.298,-4.0375237464904785,1.3443610668182373,-6.156828880310059,,comida,
231.317,-4.0375237464904785,1.3443610668182373,-6.156828880310059,,comida,
231.351,-4.0375237464904785,1.3443610668182373,-6.156828880310059,,comida,
231.397,-4.0375237464904785,1.3443610668182373,-6.156828880310059,,comida,
231.415,-4.0375237464904785,1.3443610668182373,-6.156828880310059,,comida,
231.448,-4.0375237464904785,1.3443610668182373,-6.156828880310059,,comida,
231.497,-4.0375237464904785,1.3443610668182373,-6.156828880310059,,comida,
231.516,-4.0375237464904785,1.3443610668182373,-6.156828880310059,,comida,
231.548,-4.0375237464904785,1.3443610668182373,-6.156828880310059,,comida,
231.599,-4.0375237464904785,1.3443610668182373,-6.156828880310059,,comida,
231.614,-4.0375237464904785,1.3443610668182373,-6.156828880310059,,comida,
231.647,-4.0375237464904785,1.3443610668182373,-6.156828880310059,,comida,
231.696,-4.0375237464904785,1.3443610668182373,-6.156828880310059,,comida,
231.713,-4.0375237464904785,1.3443610668182373,-6.156828880310059,,comida,
231.746,-4.0375237464904785,1.3443610668182373,-6.156828880310059,,comida,
231.795,-4.0375237464904785,1.3443610668182373,-6.156828880310059,,comida,
231.811,-4.0375237464904785,1.3443610668182373,-6.156828880310059,,comida,
231.844,-4.0375237464904785,1.3443610668182373,-6.156828880310059,,comida,
231.891,-4.0375237464904785,1.3443610668182373,-6.156828880310059,,comida,
231.909,-4.0375237464904785,1.3443610668182373,-6.156828880310059,,comida,
231.943,-4.0375237464904785,1.3443610668182373,-6.156828880310059,,comida,
231.991,-4.0375237464904785,1.3443610668182373,-6.156828880310059,,comida,
232.009,-4.0375237464904785,1.3443610668182373,-6.156828880310059,,comida,
232.04,-4.0375237464904785,1.3443610668182373,-6.156828880310059,,comida,
232.089,-4.0375237464904785,1.3443610668182373,-6.156828880310059,,comida,
232.106,-4.0375237464904785,1.3443610668182373,-6.156828880310059,,comida,
232.139,-4.0375237464904785,1.3443610668182373,-6.156828880310059,,comida,
232.187,-4.0375237464904785,1.3443610668182373,-6.156828880310059,,comida,
232.207,-4.0375237464904785,1.3443610668182373,-6.156828880310059,,comida,
232.24,-4.0375237464904785,1.3443610668182373,-6.156828880310059,,comida,
232.291,-4.0375237464904785,1.3443610668182373,-6.156828880310059,,comida,
232.306,-4.0375237464904785,1.3443610668182373,-6.156828880310059,,comida,
232.339,-4.0375237464904785,1.3443610668182373,-6.156828880310059,,comida,
232.39,-4.0375237464904785,1.3443610668182373,-6.156828880310059,,comida,
232.404,-4.0375237464904785,1.3443610668182373,-6.156828880310059,,comida,
232.437,-4.0375237464904785,1.3443610668182373,-6.156828880310059,,comida,
232.485,-4.0375237464904785,1.3443610668182373,-6.156828880310059,,comida,
232.502,-4.0375237464904785,1.3443610668182373,-6.156828880310059,,comida,
232.537,-4.0375237464904785,1.3443610668182373,-6.156828880310059,,comida,
232.584,-4.0375237464904785,1.3443610668182373,-6.156828880310059,,comida,
232.603,-4.0375237464904785,1.3443610668182373,-6.156828880310059,,comida,
232.634,-4.0375237464904785,1.3443610668182373,-6.156828880310059,,comida,
232.681,-4.0375237464904785,1.3443610668182373,-6.156828880310059,,comida,
232.7,-4.0375237464904785,1.3443610668182373,-6.156828880310059,,comida,
232.733,-4.0375237464904785,1.3443610668182373,-6.156828880310059,,comida,
232.781,-4.0375237464904785,1.3443610668182373,-6.156828880310059,,comida,
232.798,-4.0375237464904785,1.3443610668182373,-6.156828880310059,,comida,
232.831,-4.0375237464904785,1.3443610668182373,-6.156828880310059,,comida,
232.88,-4.0375237464904785,1.3443610668182373,-6.156828880310059,,comida,
232.898,-4.0375237464904785,1.3443610668182373,-6.156828880310059,,comida,
232.934,-4.0375237464904785,1.3443610668182373,-6.156828880310059,,comida,
232.981,-4.0375237464904785,1.3443610668182373,-6.156828880310059,,comida,
232.998,-4.0375237464904785,1.3443610668182373,-6.156828880310059,,comida,
233.032,-4.0375237464904785,1.3443610668182373,-6.156828880310059,,comida,
233.083,-4.0375237464904785,1.3443610668182373,-6.156828880310059,,comida,
233.103,-4.0375237464904785,1.3443610668182373,-6.156828880310059,,comida,
233.135,-4.0375237464904785,1.3443610668182373,-6.156828880310059,,comida,
233.181,-4.0375237464904785,1.3443610668182373,-6.156828880310059,,comida,
233.199,-4.0375237464904785,1.3443610668182373,-6.156828880310059,,comida,
233.231,-4.0375237464904785,1.3443610668182373,-6.156828880310059,,comida,
233.278,-4.0375237464904785,1.3443610668182373,-6.156828880310059,,comida,
233.296,-4.0375237464904785,1.3443610668182373,-6.156828880310059,,comida,
233.338,-4.0375237464904785,1.3443610668182373,-6.156828880310059,,comida,
233.387,-4.0375237464904785,1.3443610668182373,-6.156828880310059,,comida,
233.403,-4.0375237464904785,1.3443610668182373,-6.156828880310059,,comida,
233.435,-4.0375237464904785,1.3443610668182373,-6.156828880310059,,comida,
233.485,-4.0375237464904785,1.3443610668182373,-6.156828880310059,,comida,
233.502,-4.0375237464904785,1.3443610668182373,-6.156828880310059,,comida,
233.535,-4.0375237464904785,1.3443610668182373,-6.156828880310059,,comida,
233.585,-4.0375237464904785,1.3443610668182373,-6.156828880310059,,comida,
233.599,-4.0375237464904785,1.3443610668182373,-6.156828880310059,,comida,
233.634,-4.0375237464904785,1.3443610668182373,-6.156828880310059,,comida,
233.684,-4.0375237464904785,1.3443610668182373,-6.156828880310059,,comida,
233.703,-4.0375237464904785,1.3443610668182373,-6.156828880310059,,comida,
233.735,-4.0375237464904785,1.3443610668182373,-6.156828880310059,,comida,
233.784,-4.0375237464904785,1.3443610668182373,-6.156828880310059,,comida,
233.801,-4.0375237464904785,1.3443610668182373,-6.156828880310059,,comida,
233.833,-4.0375237464904785,1.3443610668182373,-6.156828880310059,,comida,
233.883,-4.0375237464904785,1.3443610668182373,-6.156828880310059,,comida,
233.897,-4.0375237464904785,1.3443610668182373,-6.156828880310059,,comida,
233.93,-4.0375237464904785,1.3443610668182373,-6.156828880310059,,comida,
233.979,-4.0375237464904785,1.3443610668182373,-6.156828880310059,,comida,
233.997,-4.0375237464904785,1.3443610668182373,-6.156828880310059,,comida,
234.029,-4.0375237464904785,1.3443610668182373,-6.156828880310059,,comida,
234.077,-4.0375237464904785,1.3443610668182373,-6.156828880310059,,comida,
234.095,-4.0375237464904785,1.3443610668182373,-6.156828880310059,,comida,
234.128,-4.0375237464904785,1.3443610668182373,-6.156828880310059,,comida,
234.174,-4.0375237464904785,1.3443610668182373,-6.156828880310059,,comida,
234.192,-4.0375237464904785,1.3443610668182373,-6.156828880310059,,comida,
234.224,-4.0375237464904785,1.3443610668182373,-6.156828880310059,,comida,
234.272,-4.0375237464904785,1.3443610668182373,-6.156828880310059,,comida,
234.289,-4.0375237464904785,1.3443610668182373,-6.156828880310059,,comida,
234.322,-4.0375237464904785,1.3443610668182373,-6.156828880310059,,comida,
234.37,-4.0375237464904785,1.3443610668182373,-6.156828880310059,,comida,
234.387,-4.0375237464904785,1.3443610668182373,-6.156828880310059,,comida,
234.421,-4.0375237464904785,1.3443610668182373,-6.156828880310059,,comida,
234.47,-4.0375237464904785,1.3443610668182373,-6.156828880310059,,comida,
234.488,-4.0375237464904785,1.3443610668182373,-6.156828880310059,,comida,
234.521,-4.0375237464904785,1.3443610668182373,-6.156828880310059,,comida,
234.568,-4.0375237464904785,1.3443610668182373,-6.156828880310059,,comida,
234.586,-4.0375237464904785,1.3443610668182373,-6.156828880310059,,comida,
234.618,-4.0375237464904785,1.3443610668182373,-6.156828880310059,,comida,
234.666,-4.0375237464904785,1.3443610668182373,-6.156828880310059,,comida,
234.684,-4.0375237464904785,1.3443610668182373,-6.156828880310059,,comida,
234.717,-4.0375237464904785,1.3443610668182373,-6.156828880310059,,comida,
234.765,-4.0375237464904785,1.3443610668182373,-6.156828880310059,,comida,
234.787,-4.0375237464904785,1.3443610668182373,-6.156828880310059,,comida,
234.82,-4.0375237464904785,1.3443610668182373,-6.156828880310059,,comida,
234.868,-4.0375237464904785,1.3443610668182373,-6.156828880310059,,comida,
234.885,-4.0375237464904785,1.3443610668182373,-6.156828880310059,,comida,
234.918,-4.0375237464904785,1.3443610668182373,-6.156828880310059,,comida,
234.965,-4.0375237464904785,1.3443610668182373,-6.156828880310059,,comida,
234.984,-4.0375237464904785,1.3443610668182373,-6.156828880310059,,comida,
235.016,-4.0375237464904785,1.3443610668182373,-6.156828880310059,,comida,
235.066,-4.0375237464904785,1.3443610668182373,-6.156828880310059,,comida,
235.082,-4.0375237464904785,1.3443610668182373,-6.156828880310059,,comida,
235.115,-4.0375237464904785,1.3443610668182373,-6.156828880310059,,comida,
235.162,-4.0375237464904785,1.3443610668182373,-6.156828880310059,,comida,
235.18,-4.0375237464904785,1.3443610668182373,-6.156828880310059,,comida,
235.213,-4.0375237464904785,1.3443610668182373,-6.156828880310059,,comida,
235.26,-4.0375237464904785,1.3443610668182373,-6.156828880310059,,comida,
235.278,-4.0375237464904785,1.3443610668182373,-6.156828880310059,,comida,
235.311,-4.0375237464904785,1.3443610668182373,-6.156828880310059,,comida,
235.362,-4.0375237464904785,1.3443610668182373,-6.156828880310059,,comida,
235.378,-4.0375237464904785,1.3443610668182373,-6.156828880310059,,comida,
235.412,-4.0375237464904785,1.3443610668182373,-6.156828880310059,,comida,
235.459,-4.0375237464904785,1.3443610668182373,-6.156828880310059,,comida,
235.477,-4.0375237464904785,1.3443610668182373,-6.156828880310059,,comida,
235.511,-4.0375237464904785,1.3443610668182373,-6.156828880310059,,comida,
235.558,-4.0375237464904785,1.3443610668182373,-6.156828880310059,,comida,
235.578,-4.0375237464904785,1.3443610668182373,-6.156828880310059,,comida,
235.611,-4.0375237464904785,1.3443610668182373,-6.156828880310059,,comida,
235.668,-4.0375237464904785,1.3443610668182373,-6.156828880310059,,comida,
235.68,-4.0375237464904785,1.3443610668182373,-6.156828880310059,,comida,
235.714,-4.0375237464904785,1.3443610668182373,-6.156828880310059,,comida,
235.763,-4.0375237464904785,1.3443610668182373,-6.156828880310059,,comida,
235.783,-4.0375237464904785,1.3443610668182373,-6.156828880310059,,comida,
235.816,-4.0375237464904785,1.3443610668182373,-6.156828880310059,,comida,
235.863,-4.0375237464904785,1.3443610668182373,-6.156828880310059,,comida,
235.881,-4.0375237464904785,1.3443610668182373,-6.156828880310059,,comida,
235.913,-4.0375237464904785,1.3443610668182373,-6.156828880310059,,comida,
235.962,-4.0375237464904785,1.3443610668182373,-6.156828880310059,,comida,
235.979,-4.0375237464904785,1.3443610668182373,-6.156828880310059,,comida,
236.012,-4.0375237464904785,1.3443610668182373,-6.156828880310059,,comida,
236.061,-4.0375237464904785,1.3443610668182373,-6.156828880310059,,comida,
236.079,-4.0375237464904785,1.3443610668182373,-6.156828880310059,,comida,
236.112,-4.0375237464904785,1.3443610668182373,-6.156828880310059,,comida,
236.159,-4.0375237464904785,1.3443610668182373,-6.156828880310059,,comida,
236.18,-4.0375237464904785,1.3443610668182373,-6.156828880310059,,comida,
236.213,-4.0375237464904785,1.3443610668182373,-6.156828880310059,,comida,
236.259,-4.0375237464904785,1.3443610668182373,-6.156828880310059,,comida,
236.278,-4.0375237464904785,1.3443610668182373,-6.156828880310059,,comida,
236.311,-4.0375237464904785,1.3443610668182373,-6.156828880310059,,comida,
236.361,-4.0375237464904785,1.3443610668182373,-6.156828880310059,,comida,
236.375,-4.0375237464904785,1.3443610668182373,-6.156828880310059,,comida,
236.408,-4.0375237464904785,1.3443610668182373,-6.156828880310059,,comida,
236.456,-4.0375237464904785,1.3443610668182373,-6.156828880310059,,comida,
236.471,-4.0375237464904785,1.3443610668182373,-6.156828880310059,,comida,
236.504,-4.0375237464904785,1.3443610668182373,-6.156828880310059,,comida,
236.55,-4.0375237464904785,1.3443610668182373,-6.156828880310059,,comida,
236.569,-4.0375237464904785,1.3443610668182373,-6.156828880310059,,comida,
236.601,-4.0375237464904785,1.3443610668182373,-6.156828880310059,,comida,
236.651,-4.0375237464904785,1.3443610668182373,-6.156828880310059,,comida,
236.665,-4.0375237464904785,1.3443610668182373,-6.156828880310059,,comida,
236.699,-4.0375237464904785,1.3443610668182373,-6.156828880310059,,comida,
236.747,-4.0375237464904785,1.3443610668182373,-6.156828880310059,,comida,
236.765,-4.0375237464904785,1.3443610668182373,-6.156828880310059,,comida,
236.798,-4.0375237464904785,1.3443610668182373,-6.156828880310059,,comida,
236.847,-4.0375237464904785,1.3443610668182373,-6.156828880310059,,comida,
236.864,-4.0375237464904785,1.3443610668182373,-6.156828880310059,,comida,
236.899,-4.0375237464904785,1.3443610668182373,-6.156828880310059,,comida,
236.944,-4.0375237464904785,1.3443610668182373,-6.156828880310059,,comida,
236.963,-4.0375237464904785,1.3443610668182373,-6.156828880310059,,comida,
236.995,-4.0375237464904785,1.3443610668182373,-6.156828880310059,,comida,
237.042,-4.0375237464904785,1.3443610668182373,-6.156828880310059,,comida,
237.059,-4.0375237464904785,1.3443610668182373,-6.156828880310059,,comida,
237.092,-4.0375237464904785,1.3443610668182373,-6.156828880310059,,comida,
237.141,-4.0375237464904785,1.3443610668182373,-6.156828880310059,,comida,
237.157,-4.0375237464904785,1.3443610668182373,-6.156828880310059,,comida,
237.193,-4.0375237464904785,1.3443610668182373,-6.156828880310059,,comida,
237.24,-4.0375237464904785,1.3443610668182373,-6.156828880310059,,comida,
237.256,-4.0375237464904785,1.3443610668182373,-6.156828880310059,,comida,
237.289,-4.0375237464904785,1.3443610668182373,-6.156828880310059,,comida,
237.336,-4.0375237464904785,1.3443610668182373,-6.156828880310059,,comida,
237.353,-4.0375237464904785,1.3443610668182373,-6.156828880310059,,comida,
237.385,-4.0375237464904785,1.3443610668182373,-6.156828880310059,,comida,
237.432,-4.0375237464904785,1.3443610668182373,-6.156828880310059,,comida,
237.449,-4.0375237464904785,1.3443610668182373,-6.156828880310059,,comida,
237.481,-4.0375237464904785,1.3443610668182373,-6.156828880310059,,comida,
237.528,-4.0375237464904785,1.3443610668182373,-6.156828880310059,,comida,
237.544,-4.0375237464904785,1.3443610668182373,-6.156828880310059,,comida,
237.578,-4.0375237464904785,1.3443610668182373,-6.156828880310059,,comida,
237.627,-4.0375237464904785,1.3443610668182373,-6.156828880310059,,comida,
237.643,-4.0375237464904785,1.3443610668182373,-6.156828880310059,,comida,
237.676,-4.0375237464904785,1.3443610668182373,-6.156828880310059,,comida,
237.724,-4.0375237464904785,1.3443610668182373,-6.156828880310059,,comida,
237.741,-4.0375237464904785,1.3443610668182373,-6.156828880310059,,comida,
237.773,-4.0375237464904785,1.3443610668182373,-6.156828880310059,,comida,
237.821,-4.0375237464904785,1.3443610668182373,-6.156828880310059,,comida,
237.838,-4.0375237464904785,1.3443610668182373,-6.156828880310059,,comida,
237.885,-4.0375237464904785,1.3443610668182373,-6.156828880310059,,comida,
237.933,-4.0375237464904785,1.3443610668182373,-6.156828880310059,,comida,
237.95,-4.0375237464904785,1.3443610668182373,-6.156828880310059,,comida,
237.982,-4.0375237464904785,1.3443610668182373,-6.156828880310059,,comida,
238.032,-4.0375237464904785,1.3443610668182373,-6.156828880310059,,comida,
238.049,-4.0375237464904785,1.3443610668182373,-6.156828880310059,,comida,
238.081,-4.0375237464904785,1.3443610668182373,-6.156828880310059,,comida,
238.129,-4.0375237464904785,1.3443610668182373,-6.156828880310059,,comida,
238.147,-4.0375237464904785,1.3443610668182373,-6.156828880310059,,comida,
238.179,-4.0375237464904785,1.3443610668182373,-6.156828880310059,,comida,
238.227,-4.0375237464904785,1.3443610668182373,-6.156828880310059,,comida,
238.244,-4.0375237464904785,1.3443610668182373,-6.156828880310059,,comida,
238.276,-4.0375237464904785,1.3443610668182373,-6.156828880310059,,comida,
238.325,-4.0375237464904785,1.3443610668182373,-6.156828880310059,,comida,
238.341,-4.0375237464904785,1.3443610668182373,-6.156828880310059,,comida,
238.373,-4.0375237464904785,1.3443610668182373,-6.156828880310059,,comida,
238.421,-4.0375237464904785,1.3443610668182373,-6.156828880310059,,comida,
238.439,-4.0375237464904785,1.3443610668182373,-6.156828880310059,,comida,
238.471,-4.0375237464904785,1.3443610668182373,-6.156828880310059,,comida,
238.518,-4.0375237464904785,1.3443610668182373,-6.156828880310059,,comida,
238.536,-4.0375237464904785,1.3443610668182373,-6.156828880310059,,comida,
238.57,-4.0375237464904785,1.3443610668182373,-6.156828880310059,,comida,
238.618,-4.0375237464904785,1.3443610668182373,-6.156828880310059,,comida,
238.635,-4.0375237464904785,1.3443610668182373,-6.156828880310059,,comida,
238.668,-4.0375237464904785,1.3443610668182373,-6.156828880310059,,comida,
238.722,-4.0375237464904785,1.3443610668182373,-6.156828880310059,,comida,
238.734,-4.0375237464904785,1.3443610668182373,-6.156828880310059,,comida,
238.767,-4.0375237464904785,1.3443610668182373,-6.156828880310059,,comida,
238.814,-4.0375237464904785,1.3443610668182373,-6.156828880310059,,comida,
238.832,-4.0375237464904785,1.3443610668182373,-6.156828880310059,,comida,
238.864,-4.0375237464904785,1.3443610668182373,-6.156828880310059,,comida,
238.915,-4.0375237464904785,1.3443610668182373,-6.156828880310059,,comida,
238.93,-4.0375237464904785,1.3443610668182373,-6.156828880310059,,comida,
238.963,-4.0375237464904785,1.3443610668182373,-6.156828880310059,,comida,
239.01,-4.0375237464904785,1.3443610668182373,-6.156828880310059,,comida,
239.029,-4.0375237464904785,1.3443610668182373,-6.156828880310059,,comida,
239.061,-4.0375237464904785,1.3443610668182373,-6.156828880310059,,comida,
239.109,-4.0375237464904785,1.3443610668182373,-6.156828880310059,,comida,
239.127,-4.0375237464904785,1.3443610668182373,-6.156828880310059,,comida,
239.159,-4.0375237464904785,1.3443610668182373,-6.156828880310059,,comida,
239.206,-4.0375237464904785,1.3443610668182373,-6.156828880310059,,comida,
239.225,-4.0375237464904785,1.3443610668182373,-6.156828880310059,,comida,
239.257,-4.0375237464904785,1.3443610668182373,-6.156828880310059,,comida,
239.305,-4.0375237464904785,1.3443610668182373,-6.156828880310059,,comida,
239.323,-4.0375237464904785,1.3443610668182373,-6.156828880310059,,comida,
239.356,-4.0375237464904785,1.3443610668182373,-6.156828880310059,,comida,
239.402,-4.0375237464904785,1.3443610668182373,-6.156828880310059,,comida,
239.42,-4.0375237464904785,1.3443610668182373,-6.156828880310059,,comida,
239.453,-4.0375237464904785,1.3443610668182373,-6.156828880310059,,comida,
239.5,-4.0375237464904785,1.3443610668182373,-6.156828880310059,,comida,
239.518,-4.0375237464904785,1.3443610668182373,-6.156828880310059,,comida,
239.551,-4.0375237464904785,1.3443610668182373,-6.156828880310059,,comida,
239.598,-4.0375237464904785,1.3443610668182373,-6.156828880310059,,comida,
239.616,-4.0375237464904785,1.3443610668182373,-6.156828880310059,,comida,
239.649,-4.0375237464904785,1.3443610668182373,-6.156828880310059,,comida,
239.697,-4.0375237464904785,1.3443610668182373,-6.156828880310059,,comida,
239.714,-4.0375237464904785,1.3443610668182373,-6.156828880310059,,comida,
239.747,-4.0375237464904785,1.3443610668182373,-6.156828880310059,,comida,
239.794,-4.0375237464904785,1.3443610668182373,-6.156828880310059,,comida,
239.816,-4.0375237464904785,1.3443610668182373,-6.156828880310059,,comida,
239.849,-4.0375237464904785,1.3443610668182373,-6.156828880310059,,comida,
239.898,-4.0375237464904785,1.3443610668182373,-6.156828880310059,,comida,
239.915,-4.0375237464904785,1.3443610668182373,-6.156828880310059,,comida,
239.947,-4.0375237464904785,1.3443610668182373,-6.156828880310059,,comida,
239.996,-4.0375237464904785,1.3443610668182373,-6.156828880310059,,comida,
240.013,-4.0375237464904785,1.3443610668182373,-6.156828880310059,,comida,
240.046,-4.0375237464904785,1.3443610668182373,-6.156828880310059,,comida,
240.094,-4.0375237464904785,1.3443610668182373,-6.156828880310059,,comida,
240.111,-4.0375237464904785,1.3443610668182373,-6.156828880310059,,comida,
240.144,-4.0375237464904785,1.3443610668182373,-6.156828880310059,,comida,
240.194,-4.0375237464904785,1.3443610668182373,-6.156828880310059,,comida,
240.21,-4.0375237464904785,1.3443610668182373,-6.156828880310059,,comida,
240.242,-4.0375237464904785,1.3443610668182373,-6.156828880310059,,comida,
240.29,-4.0375237464904785,1.3443610668182373,-6.156828880310059,,comida,
240.308,-4.0375237464904785,1.3443610668182373,-6.156828880310059,,comida,
240.341,-4.0375237464904785,1.3443610668182373,-6.156828880310059,,comida,
240.389,-4.0375237464904785,1.3443610668182373,-6.156828880310059,,comida,
240.407,-4.0375237464904785,1.3443610668182373,-6.156828880310059,,comida,
240.44,-4.0375237464904785,1.3443610668182373,-6.156828880310059,,comida,
240.487,-4.0375237464904785,1.3443610668182373,-6.156828880310059,,comida,
240.505,-4.0375237464904785,1.3443610668182373,-6.156828880310059,,comida,
240.537,-4.0375237464904785,1.3443610668182373,-6.156828880310059,,comida,
240.585,-4.0375237464904785,1.3443610668182373,-6.156828880310059,,comida,
240.603,-4.0375237464904785,1.3443610668182373,-6.156828880310059,,comida,
240.636,-4.0375237464904785,1.3443610668182373,-6.156828880310059,,comida,
240.684,-4.0375237464904785,1.3443610668182373,-6.156828880310059,,comida,
240.701,-4.0375237464904785,1.3443610668182373,-6.156828880310059,,comida,
240.733,-4.0375237464904785,1.3443610668182373,-6.156828880310059,,comida,
240.783,-4.0375237464904785,1.3443610668182373,-6.156828880310059,,comida,
240.798,-4.0375237464904785,1.3443610668182373,-6.156828880310059,,comida,
240.83,-4.0375237464904785,1.3443610668182373,-6.156828880310059,,comida,
240.878,-4.0375237464904785,1.3443610668182373,-6.156828880310059,,comida,
240.896,-4.0375237464904785,1.3443610668182373,-6.156828880310059,,comida,
240.927,-4.0375237464904785,1.3443610668182373,-6.156828880310059,,comida,
240.977,-4.0375237464904785,1.3443610668182373,-6.156828880310059,,comida,
240.993,-4.0375237464904785,1.3443610668182373,-6.156828880310059,,comida,
241.025,-4.0375237464904785,1.3443610668182373,-6.156828880310059,,comida,
241.072,-4.0375237464904785,1.3443610668182373,-6.156828880310059,,comida,
241.09,-4.0375237464904785,1.3443610668182373,-6.156828880310059,,comida,
241.122,-4.0375237464904785,1.3443610668182373,-6.156828880310059,,comida,
241.171,-4.0375237464904785,1.3443610668182373,-6.156828880310059,,comida,
241.189,-4.0375237464904785,1.3443610668182373,-6.156828880310059,,comida,
241.219,-4.0375237464904785,1.3443610668182373,-6.156828880310059,,comida,
241.266,-4.0375237464904785,1.3443610668182373,-6.156828880310059,,comida,
241.284,-4.0375237464904785,1.3443610668182373,-6.156828880310059,,comida,
241.319,-4.0375237464904785,1.3443610668182373,-6.156828880310059,,comida,
241.367,-4.0375237464904785,1.3443610668182373,-6.156828880310059,,comida,
241.383,-4.0375237464904785,1.3443610668182373,-6.156828880310059,,comida,
241.414,-4.0375237464904785,1.3443610668182373,-6.156828880310059,,comida,
241.462,-4.0375237464904785,1.3443610668182373,-6.156828880310059,,comida,
241.48,-4.0375237464904785,1.3443610668182373,-6.156828880310059,,comida,
241.513,-4.0375237464904785,1.3443610668182373,-6.156828880310059,,comida,
241.561,-4.0375237464904785,1.3443610668182373,-6.156828880310059,,comida,
241.577,-4.0375237464904785,1.3443610668182373,-6.156828880310059,,comida,
241.61,-4.0375237464904785,1.3443610668182373,-6.156828880310059,,comida,
241.659,-4.0375237464904785,1.3443610668182373,-6.156828880310059,,comida,
241.675,-4.0375237464904785,1.3443610668182373,-6.156828880310059,,comida,
241.708,-4.0375237464904785,1.3443610668182373,-6.156828880310059,,comida,
241.757,-4.0375237464904785,1.3443610668182373,-6.156828880310059,,comida,
241.774,-4.0375237464904785,1.3443610668182373,-6.156828880310059,,comida,
241.806,-4.0375237464904785,1.3443610668182373,-6.156828880310059,,comida,
241.854,-4.0375237464904785,1.3443610668182373,-6.156828880310059,,comida,
241.872,-4.0375237464904785,1.3443610668182373,-6.156828880310059,,comida,
241.904,-4.0375237464904785,1.3443610668182373,-6.156828880310059,,comida,
241.962,-4.0375237464904785,1.3443610668182373,-6.156828880310059,,comida,
242.04,-4.0375237464904785,1.3443610668182373,-6.156828880310059,,comida,
242.057,-4.0375237464904785,1.3443610668182373,-6.156828880310059,,comida,
242.088,-4.0375237464904785,1.3443610668182373,-6.156828880310059,,comida,
242.096,-4.0375237464904785,1.3443610668182373,-6.156828880310059,,comida,
242.116,-4.0375237464904785,1.3443610668182373,-6.156828880310059,,comida,
242.164,-4.0375237464904785,1.3443610668182373,-6.156828880310059,,comida,
242.182,-4.0375237464904785,1.3443610668182373,-6.156828880310059,,comida,
242.216,-4.0375237464904785,1.3443610668182373,-6.156828880310059,,comida,
242.263,-4.0375237464904785,1.3443610668182373,-6.156828880310059,,comida,
242.282,-4.0375237464904785,1.3443610668182373,-6.156828880310059,,comida,
242.315,-4.0375237464904785,1.3443610668182373,-6.156828880310059,,comida,
242.361,-4.0375237464904785,1.3443610668182373,-6.156828880310059,,comida,
242.38,-4.0375237464904785,1.3443610668182373,-6.156828880310059,,comida,
242.412,-4.0375237464904785,1.3443610668182373,-6.156828880310059,,comida,
242.462,-4.0375237464904785,1.3443610668182373,-6.156828880310059,,comida,
242.477,-4.0375237464904785,1.3443610668182373,-6.156828880310059,,comida,
242.509,-4.0375237464904785,1.3443610668182373,-6.156828880310059,,comida,
242.557,-4.0375237464904785,1.3443610668182373,-6.156828880310059,,comida,
242.574,-4.0375237464904785,1.3443610668182373,-6.156828880310059,,comida,
242.606,-4.0375237464904785,1.3443610668182373,-6.156828880310059,,comida,
242.66,-4.0375237464904785,1.3443610668182373,-6.156828880310059,,comida,
242.675,-4.0375237464904785,1.3443610668182373,-6.156828880310059,,comida,
242.708,-4.0375237464904785,1.3443610668182373,-6.156828880310059,,comida,
242.757,-4.0375237464904785,1.3443610668182373,-6.156828880310059,,comida,
242.783,-4.0375237464904785,1.3443610668182373,-6.156828880310059,,comida,
242.875,-4.0375237464904785,1.3443610668182373,-6.156828880310059,,comida,
242.905,-4.0375237464904785,1.3443610668182373,-6.156828880310059,,comida,
242.912,-4.0375237464904785,1.3443610668182373,-6.156828880310059,,comida,
242.928,-4.0375237464904785,1.3443610668182373,-6.156828880310059,,comida,
242.965,-4.0375237464904785,1.3443610668182373,-6.156828880310059,,comida,
242.982,-4.0375237464904785,1.3443610668182373,-6.156828880310059,,comida,
243.016,-4.0375237464904785,1.3443610668182373,-6.156828880310059,,comida,
243.064,-4.0375237464904785,1.3443610668182373,-6.156828880310059,,comida,
243.081,-4.0375237464904785,1.3443610668182373,-6.156828880310059,,comida,
243.114,-4.0375237464904785,1.3443610668182373,-6.156828880310059,,comida,
243.161,-4.0375237464904785,1.3443610668182373,-6.156828880310059,,comida,
243.179,-4.0375237464904785,1.3443610668182373,-6.156828880310059,,comida,
243.212,-4.0375237464904785,1.3443610668182373,-6.156828880310059,,comida,
243.259,-4.0375237464904785,1.3443610668182373,-6.156828880310059,,comida,
243.276,-4.0375237464904785,1.3443610668182373,-6.156828880310059,,comida,
243.309,-4.0375237464904785,1.3443610668182373,-6.156828880310059,,comida,
243.355,-4.0375237464904785,1.3443610668182373,-6.156828880310059,,comida,
243.373,-4.0375237464904785,1.3443610668182373,-6.156828880310059,,comida,
243.405,-4.0375237464904785,1.3443610668182373,-6.156828880310059,,comida,
243.452,-4.0375237464904785,1.3443610668182373,-6.156828880310059,,comida,
243.47,-4.0375237464904785,1.3443610668182373,-6.156828880310059,,comida,
243.503,-4.0375237464904785,1.3443610668182373,-6.156828880310059,,comida,
243.552,-4.0375237464904785,1.3443610668182373,-6.156828880310059,,comida,
243.568,-4.0375237464904785,1.3443610668182373,-6.156828880310059,,comida,
243.601,-4.0375237464904785,1.3443610668182373,-6.156828880310059,,comida,
243.653,-4.0375237464904785,1.3443610668182373,-6.156828880310059,,comida,
243.666,-4.0375237464904785,1.3443610668182373,-6.156828880310059,,comida,
243.698,-4.0375237464904785,1.3443610668182373,-6.156828880310059,,comida,
243.746,-4.0375237464904785,1.3443610668182373,-6.156828880310059,,comida,
243.763,-4.0375237464904785,1.3443610668182373,-6.156828880310059,,comida,
243.795,-4.0375237464904785,1.3443610668182373,-6.156828880310059,,comida,
243.841,-4.0375237464904785,1.3443610668182373,-6.156828880310059,,comida,
243.859,-4.0375237464904785,1.3443610668182373,-6.156828880310059,,comida,
243.893,-4.0375237464904785,1.3443610668182373,-6.156828880310059,,comida,
243.94,-4.0375237464904785,1.3443610668182373,-6.156828880310059,,comida,
243.959,-4.0375237464904785,1.3443610668182373,-6.156828880310059,,comida,
243.992,-4.0375237464904785,1.3443610668182373,-6.156828880310059,,comida,
244.04,-4.0375237464904785,1.3443610668182373,-6.156828880310059,,comida,
244.056,-4.0375237464904785,1.3443610668182373,-6.156828880310059,,comida,
244.089,-4.0375237464904785,1.3443610668182373,-6.156828880310059,,comida,
244.137,-4.0375237464904785,1.3443610668182373,-6.156828880310059,,comida,
244.153,-4.0375237464904785,1.3443610668182373,-6.156828880310059,,comida,
244.187,-4.0375237464904785,1.3443610668182373,-6.156828880310059,,comida,
244.234,-4.0375237464904785,1.3443610668182373,-6.156828880310059,,comida,
244.254,-4.0375237464904785,1.3443610668182373,-6.156828880310059,,comida,
244.286,-4.0375237464904785,1.3443610668182373,-6.156828880310059,,comida,
244.335,-4.0375237464904785,1.3443610668182373,-6.156828880310059,,comida,
244.353,-4.0375237464904785,1.3443610668182373,-6.156828880310059,,comida,
244.385,-4.0375237464904785,1.3443610668182373,-6.156828880310059,,comida,
244.432,-4.0375237464904785,1.3443610668182373,-6.156828880310059,,comida,
244.45,-4.0375237464904785,1.3443610668182373,-6.156828880310059,,comida,
244.483,-4.0375237464904785,1.3443610668182373,-6.156828880310059,,comida,
244.532,-4.0375237464904785,1.3443610668182373,-6.156828880310059,,comida,
244.548,-4.0375237464904785,1.3443610668182373,-6.156828880310059,,comida,
244.582,-4.0375237464904785,1.3443610668182373,-6.156828880310059,,comida,
244.632,-4.0375237464904785,1.3443610668182373,-6.156828880310059,,comida,
244.648,-4.0375237464904785,1.3443610668182373,-6.156828880310059,,comida,
244.681,-4.0375237464904785,1.3443610668182373,-6.156828880310059,,comida,
244.73,-4.0375237464904785,1.3443610668182373,-6.156828880310059,,comida,
244.746,-4.0375237464904785,1.3443610668182373,-6.156828880310059,,comida,
244.779,-4.0375237464904785,1.3443610668182373,-6.156828880310059,,comida,
244.832,-4.0375237464904785,1.3443610668182373,-6.156828880310059,,comida,
244.858,-4.0375237464904785,1.3443610668182373,-6.156828880310059,,comida,
244.891,-4.0375237464904785,1.3443610668182373,-6.156828880310059,,comida,
244.946,-4.0375237464904785,1.3443610668182373,-6.156828880310059,,comida,
244.962,-4.0375237464904785,1.3443610668182373,-6.156828880310059,,comida,
244.996,-4.0375237464904785,1.3443610668182373,-6.156828880310059,,comida,
245.047,-4.0375237464904785,1.3443610668182373,-6.156828880310059,,comida,
245.074,-4.0375237464904785,1.3443610668182373,-6.156828880310059,,comida,
245.107,-4.0375237464904785,1.3443610668182373,-6.156828880310059,,comida,
245.159,-4.0375237464904785,1.3443610668182373,-6.156828880310059,,comida,
245.174,-4.0375237464904785,1.3443610668182373,-6.156828880310059,,comida,
245.207,-4.0375237464904785,1.3443610668182373,-6.156828880310059,,comida,
245.255,-4.0375237464904785,1.3443610668182373,-6.156828880310059,,comida,
245.273,-4.0375237464904785,1.3443610668182373,-6.156828880310059,,comida,
245.31,-4.0375237464904785,1.3443610668182373,-6.156828880310059,,comida,
245.365,-4.0375237464904785,1.3443610668182373,-6.156828880310059,,comida,
245.378,-4.0375237464904785,1.3443610668182373,-6.156828880310059,,comida,
245.412,-4.0375237464904785,1.3443610668182373,-6.156828880310059,,comida,
245.458,-4.0375237464904785,1.3443610668182373,-6.156828880310059,,comida,
245.481,-4.0375237464904785,1.3443610668182373,-6.156828880310059,,comida,
245.514,-4.0375237464904785,1.3443610668182373,-6.156828880310059,,comida,
245.563,-4.0375237464904785,1.3443610668182373,-6.156828880310059,,comida,
245.647,-4.0375237464904785,1.3443610668182373,-6.156828880310059,,comida,
245.663,-4.0375237464904785,1.3443610668182373,-6.156828880310059,,comida,
245.696,-4.0375237464904785,1.3443610668182373,-6.156828880310059,,comida,
245.708,-4.0375237464904785,1.3443610668182373,-6.156828880310059,,comida,
245.724,-4.0375237464904785,1.3443610668182373,-6.156828880310059,,comida,
245.777,-4.0375237464904785,1.3443610668182373,-6.156828880310059,,comida,
245.793,-4.0375237464904785,1.3443610668182373,-6.156828880310059,,comida,
245.827,-4.0375237464904785,1.3443610668182373,-6.156828880310059,,comida,
245.875,-4.0375237464904785,1.3443610668182373,-6.156828880310059,,comida,
245.893,-4.0375237464904785,1.3443610668182373,-6.156828880310059,,comida,
245.927,-4.0375237464904785,1.3443610668182373,-6.156828880310059,,comida,
245.975,-4.0375237464904785,1.3443610668182373,-6.156828880310059,,comida,
245.993,-4.0375237464904785,1.3443610668182373,-6.156828880310059,,comida,
246.026,-4.0375237464904785,1.3443610668182373,-6.156828880310059,,comida,
246.073,-4.0375237464904785,1.3443610668182373,-6.156828880310059,,comida,
246.091,-4.0375237464904785,1.3443610668182373,-6.156828880310059,,comida,
246.123,-4.0375237464904785,1.3443610668182373,-6.156828880310059,,comida,
246.171,-4.0375237464904785,1.3443610668182373,-6.156828880310059,,comida,
246.188,-4.0375237464904785,1.3443610668182373,-6.156828880310059,,comida,
246.22,-4.0375237464904785,1.3443610668182373,-6.156828880310059,,comida,
246.268,-4.0375237464904785,1.3443610668182373,-6.156828880310059,,comida,
246.286,-4.0375237464904785,1.3443610668182373,-6.156828880310059,,comida,
246.318,-4.0375237464904785,1.3443610668182373,-6.156828880310059,,comida,
246.364,-4.0375237464904785,1.3443610668182373,-6.156828880310059,,comida,
246.383,-4.0375237464904785,1.3443610668182373,-6.156828880310059,,comida,
246.416,-4.0375237464904785,1.3443610668182373,-6.156828880310059,,comida,
246.464,-4.0375237464904785,1.3443610668182373,-6.156828880310059,,comida,
246.481,-4.0375237464904785,1.3443610668182373,-6.156828880310059,,comida,
246.513,-4.0375237464904785,1.3443610668182373,-6.156828880310059,,comida,
246.559,-4.0375237464904785,1.3443610668182373,-6.156828880310059,,comida,
246.577,-4.0375237464904785,1.3443610668182373,-6.156828880310059,,comida,
246.608,-4.0375237464904785,1.3443610668182373,-6.156828880310059,,comida,
246.656,-4.0375237464904785,1.3443610668182373,-6.156828880310059,,comida,
246.672,-4.0375237464904785,1.3443610668182373,-6.156828880310059,,comida,
246.705,-4.0375237464904785,1.3443610668182373,-6.156828880310059,,comida,
246.753,-4.0375237464904785,1.3443610668182373,-6.156828880310059,,comida,
246.769,-4.0375237464904785,1.3443610668182373,-6.156828880310059,,comida,
246.801,-4.0375237464904785,1.3443610668182373,-6.156828880310059,,comida,
246.851,-4.0375237464904785,1.3443610668182373,-6.156828880310059,,comida,
246.865,-4.0375237464904785,1.3443610668182373,-6.156828880310059,,comida,
246.897,-4.0375237464904785,1.3443610668182373,-6.156828880310059,,comida,
246.945,-4.0375237464904785,1.3443610668182373,-6.156828880310059,,comida,
246.961,-4.0375237464904785,1.3443610668182373,-6.156828880310059,,comida,
246.994,-4.0375237464904785,1.3443610668182373,-6.156828880310059,,comida,
247.042,-4.0375237464904785,1.3443610668182373,-6.156828880310059,,comida,
247.057,-4.0375237464904785,1.3443610668182373,-6.156828880310059,,comida,
247.089,-4.0375237464904785,1.3443610668182373,-6.156828880310059,,comida,
247.137,-4.0375237464904785,1.3443610668182373,-6.156828880310059,,comida,
247.152,-4.0375237464904785,1.3443610668182373,-6.156828880310059,,comida,
247.185,-4.0375237464904785,1.3443610668182373,-6.156828880310059,,comida,
247.239,-4.0375237464904785,1.3443610668182373,-6.156828880310059,,comida,
247.252,-4.0375237464904785,1.3443610668182373,-6.156828880310059,,comida,
247.284,-4.0375237464904785,1.3443610668182373,-6.156828880310059,,comida,
247.332,-4.0375237464904785,1.3443610668182373,-6.156828880310059,,comida,
247.349,-4.0375237464904785,1.3443610668182373,-6.156828880310059,,comida,
247.383,-4.0375237464904785,1.3443610668182373,-6.156828880310059,,comida,
247.431,-4.0375237464904785,1.3443610668182373,-6.156828880310059,,comida,
247.448,-4.0375237464904785,1.3443610668182373,-6.156828880310059,,comida,
247.481,-4.0375237464904785,1.3443610668182373,-6.156828880310059,,comida,
247.528,-4.0375237464904785,1.3443610668182373,-6.156828880310059,,comida,
247.546,-4.0375237464904785,1.3443610668182373,-6.156828880310059,,comida,
247.579,-4.0375237464904785,1.3443610668182373,-6.156828880310059,,comida,
247.634,-4.0375237464904785,1.3443610668182373,-6.156828880310059,,comida,
247.646,-4.0375237464904785,1.3443610668182373,-6.156828880310059,,comida,
247.68,-4.0375237464904785,1.3443610668182373,-6.156828880310059,,comida,
247.728,-4.0375237464904785,1.3443610668182373,-6.156828880310059,,comida,
247.747,-4.0375237464904785,1.3443610668182373,-6.156828880310059,,comida,
247.782,-4.0375237464904785,1.3443610668182373,-6.156828880310059,,comida,
247.833,-4.0375237464904785,1.3443610668182373,-6.156828880310059,,comida,
247.85,-4.0375237464904785,1.3443610668182373,-6.156828880310059,,comida,
247.884,-4.0375237464904785,1.3443610668182373,-6.156828880310059,,comida,
247.933,-4.0375237464904785,1.3443610668182373,-6.156828880310059,,comida,
247.951,-4.0375237464904785,1.3443610668182373,-6.156828880310059,,comida,
247.985,-4.0375237464904785,1.3443610668182373,-6.156828880310059,,comida,
248.034,-4.0375237464904785,1.3443610668182373,-6.156828880310059,,comida,
248.056,-4.0375237464904785,1.3443610668182373,-6.156828880310059,,comida,
248.098,-4.0375237464904785,1.3443610668182373,-6.156828880310059,,comida,
248.205,-4.0375237464904785,1.3443610668182373,-6.156828880310059,,comida,
248.211,-4.0375237464904785,1.3443610668182373,-6.156828880310059,,comida,
248.226,-4.0375237464904785,1.3443610668182373,-6.156828880310059,,comida,
248.261,-4.0375237464904785,1.3443610668182373,-6.156828880310059,,comida,
248.282,-4.0375237464904785,1.3443610668182373,-6.156828880310059,,comida,
248.315,-4.0375237464904785,1.3443610668182373,-6.156828880310059,,comida,
248.363,-4.0375237464904785,1.3443610668182373,-6.156828880310059,,comida,
248.382,-4.0375237464904785,1.3443610668182373,-6.156828880310059,,comida,
248.416,-4.0375237464904785,1.3443610668182373,-6.156828880310059,,comida,
248.465,-4.0375237464904785,1.3443610668182373,-6.156828880310059,,comida,
248.484,-4.0375237464904785,1.3443610668182373,-6.156828880310059,,comida,
248.519,-4.0375237464904785,1.3443610668182373,-6.156828880310059,,comida,
248.566,-4.0375237464904785,1.3443610668182373,-6.156828880310059,,comida,
248.586,-4.0375237464904785,1.3443610668182373,-6.156828880310059,,comida,
248.619,-4.0375237464904785,1.3443610668182373,-6.156828880310059,,comida,
248.666,-4.0375237464904785,1.3443610668182373,-6.156828880310059,,comida,
248.686,-4.0375237464904785,1.3443610668182373,-6.156828880310059,,comida,
248.72,-4.0375237464904785,1.3443610668182373,-6.156828880310059,,comida,
248.768,-4.0375237464904785,1.3443610668182373,-6.156828880310059,,comida,
248.788,-4.0375237464904785,1.3443610668182373,-6.156828880310059,,comida,
248.825,-4.0375237464904785,1.3443610668182373,-6.156828880310059,,comida,
248.87,-4.0375237464904785,1.3443610668182373,-6.156828880310059,,comida,
248.893,-4.0375237464904785,1.3443610668182373,-6.156828880310059,,comida,
248.929,-4.0375237464904785,1.3443610668182373,-6.156828880310059,,comida,
248.975,-4.0375237464904785,1.3443610668182373,-6.156828880310059,,comida,
248.997,-4.0375237464904785,1.3443610668182373,-6.156828880310059,,comida,
249.029,-4.0375237464904785,1.3443610668182373,-6.156828880310059,,comida,
249.074,-4.0375237464904785,1.3443610668182373,-6.156828880310059,,comida,
249.095,-4.0375237464904785,1.3443610668182373,-6.156828880310059,,comida,
249.131,-4.0375237464904785,1.3443610668182373,-6.156828880310059,,comida,
249.177,-4.0375237464904785,1.3443610668182373,-6.156828880310059,,comida,
249.198,-4.0375237464904785,1.3443610668182373,-6.156828880310059,,comida,
249.233,-4.0375237464904785,1.3443610668182373,-6.156828880310059,,comida,
249.276,-4.0375237464904785,1.3443610668182373,-6.156828880310059,,comida,
249.299,-4.0375237464904785,1.3443610668182373,-6.156828880310059,,comida,
249.334,-4.0375237464904785,1.3443610668182373,-6.156828880310059,,comida,
249.378,-4.0375237464904785,1.3443610668182373,-6.156828880310059,,comida,
249.402,-4.0375237464904785,1.3443610668182373,-6.156828880310059,,comida,
249.434,-4.0375237464904785,1.3443610668182373,-6.156828880310059,,comida,
249.479,-4.0375237464904785,1.3443610668182373,-6.156828880310059,,comida,
249.501,-4.0375237464904785,1.3443610668182373,-6.156828880310059,,comida,
249.534,-4.0375237464904785,1.3443610668182373,-6.156828880310059,,comida,
249.577,-4.0375237464904785,1.3443610668182373,-6.156828880310059,,comida,
249.601,-4.0375237464904785,1.3443610668182373,-6.156828880310059,,comida,
249.634,-4.0375237464904785,1.3443610668182373,-6.156828880310059,,comida,
249.679,-4.0375237464904785,1.3443610668182373,-6.156828880310059,,comida,
249.7,-4.0375237464904785,1.3443610668182373,-6.156828880310059,,comida,
249.732,-4.0375237464904785,1.3443610668182373,-6.156828880310059,,comida,
249.78,-4.0375237464904785,1.3443610668182373,-6.156828880310059,,comida,
249.8,-4.0375237464904785,1.3443610668182373,-6.156828880310059,,comida,
249.834,-4.0375237464904785,1.3443610668182373,-6.156828880310059,,comida,
249.879,-4.0375237464904785,1.3443610668182373,-6.156828880310059,,comida,
249.9,-4.0375237464904785,1.3443610668182373,-6.156828880310059,,comida,
249.932,-4.0375237464904785,1.3443610668182373,-6.156828880310059,,comida,
249.977,-4.0375237464904785,1.3443610668182373,-6.156828880310059,,comida,
249.998,-4.0375237464904785,1.3443610668182373,-6.156828880310059,,comida,
250.031,-4.0375237464904785,1.3443610668182373,-6.156828880310059,,comida,
250.086,-4.0375237464904785,1.3443610668182373,-6.156828880310059,,comida,
250.099,-4.0375237464904785,1.3443610668182373,-6.156828880310059,,comida,
250.131,-4.0375237464904785,1.3443610668182373,-6.156828880310059,,comida,
250.164,-4.0375237464904785,1.3443610668182373,-6.156828880310059,,comida,
250.197,-4.0375237464904785,1.3443610668182373,-6.156828880310059,,comida,
250.229,-4.0375237464904785,1.3443610668182373,-6.156828880310059,,comida,
250.264,-4.0375237464904785,1.3443610668182373,-6.156828880310059,,comida,
250.296,-4.0375237464904785,1.3443610668182373,-6.156828880310059,,comida,
250.329,-4.0375237464904785,1.3443610668182373,-6.156828880310059,,comida,
250.362,-4.0375237464904785,1.3443610668182373,-6.156828880310059,,comida,
250.394,-4.0375237464904785,1.3443610668182373,-6.156828880310059,,comida,
250.427,-4.0375237464904785,1.3443610668182373,-6.156828880310059,,comida,
250.459,-4.0375237464904785,1.3443610668182373,-6.156828880310059,,comida,
250.492,-4.0375237464904785,1.3443610668182373,-6.156828880310059,,comida,
250.525,-4.0375237464904785,1.3443610668182373,-6.156828880310059,,comida,
250.558,-4.0375237464904785,1.3443610668182373,-6.156828880310059,,comida,
250.589,-4.0375237464904785,1.3443610668182373,-6.156828880310059,,comida,
250.623,-4.0375237464904785,1.3443610668182373,-6.156828880310059,,comida,
250.655,-4.0375237464904785,1.3443610668182373,-6.156828880310059,,comida,
250.687,-4.0375237464904785,1.3443610668182373,-6.156828880310059,,comida,
250.721,-4.0375237464904785,1.3443610668182373,-6.156828880310059,,comida,
250.753,-4.0375237464904785,1.3443610668182373,-6.156828880310059,,comida,
250.786,-4.0375237464904785,1.3443610668182373,-6.156828880310059,,comida,
250.82,-4.0375237464904785,1.3443610668182373,-6.156828880310059,,comida,
250.854,-4.0375237464904785,1.3443610668182373,-6.156828880310059,,comida,
250.892,-4.0375237464904785,1.3443610668182373,-6.156828880310059,,comida,
250.926,-4.0375237464904785,1.3443610668182373,-6.156828880310059,,comida,
250.96,-4.0375237464904785,1.3443610668182373,-6.156828880310059,,comida,
250.995,-4.0375237464904785,1.3443610668182373,-6.156828880310059,,comida,
251.032,-4.0375237464904785,1.3443610668182373,-6.156828880310059,,comida,
251.066,-4.0375237464904785,1.3443610668182373,-6.156828880310059,,comida,
251.102,-4.0375237464904785,1.3443610668182373,-6.156828880310059,,comida,
251.136,-4.0375237464904785,1.3443610668182373,-6.156828880310059,,comida,
251.17,-4.0375237464904785,1.3443610668182373,-6.156828880310059,,comida,
251.205,-4.0375237464904785,1.3443610668182373,-6.156828880310059,,comida,
251.239,-4.0375237464904785,1.3443610668182373,-6.156828880310059,,comida,
251.274,-4.0375237464904785,1.3443610668182373,-6.156828880310059,,comida,
251.309,-4.0375237464904785,1.3443610668182373,-6.156828880310059,,comida,
251.344,-4.0375237464904785,1.3443610668182373,-6.156828880310059,,comida,
251.391,-4.0375237464904785,1.3443610668182373,-6.156828880310059,,comida,
251.415,-4.0375237464904785,1.3443610668182373,-6.156828880310059,,comida,
251.447,-4.0375237464904785,1.3443610668182373,-6.156828880310059,,comida,
251.498,-4.0375237464904785,1.3443610668182373,-6.156828880310059,,comida,
251.516,-4.0375237464904785,1.3443610668182373,-6.156828880310059,,comida,
251.548,-4.0375237464904785,1.3443610668182373,-6.156828880310059,,comida,
251.593,-4.0375237464904785,1.3443610668182373,-6.156828880310059,,comida,
251.613,-4.0375237464904785,1.3443610668182373,-6.156828880310059,,comida,
251.646,-4.0375237464904785,1.3443610668182373,-6.156828880310059,,comida,
251.691,-4.0375237464904785,1.3443610668182373,-6.156828880310059,,comida,
251.714,-4.0375237464904785,1.3443610668182373,-6.156828880310059,,comida,
251.745,-4.0375237464904785,1.3443610668182373,-6.156828880310059,,comida,
251.789,-4.0375237464904785,1.3443610668182373,-6.156828880310059,,comida,
251.811,-4.0375237464904785,1.3443610668182373,-6.156828880310059,,comida,
251.844,-4.0375237464904785,1.3443610668182373,-6.156828880310059,,comida,
251.888,-4.0375237464904785,1.3443610668182373,-6.156828880310059,,comida,
251.91,-4.0375237464904785,1.3443610668182373,-6.156828880310059,,comida,
251.943,-4.0375237464904785,1.3443610668182373,-6.156828880310059,,comida,
251.986,-4.0375237464904785,1.3443610668182373,-6.156828880310059,,comida,
252.007,-4.0375237464904785,1.3443610668182373,-6.156828880310059,,comida,
252.048,-4.0375237464904785,1.3443610668182373,-6.156828880310059,,comida,
252.091,-4.0375237464904785,1.3443610668182373,-6.156828880310059,,comida,
252.114,-4.0375237464904785,1.3443610668182373,-6.156828880310059,,comida,
252.147,-4.0375237464904785,1.3443610668182373,-6.156828880310059,,comida,
252.19,-4.0375237464904785,1.3443610668182373,-6.156828880310059,,comida,
252.212,-4.0375237464904785,1.3443610668182373,-6.156828880310059,,comida,
252.245,-4.0375237464904785,1.3443610668182373,-6.156828880310059,,comida,
252.287,-4.0375237464904785,1.3443610668182373,-6.156828880310059,,comida,
252.31,-4.0375237464904785,1.3443610668182373,-6.156828880310059,,comida,
252.342,-4.0375237464904785,1.3443610668182373,-6.156828880310059,,comida,
252.385,-4.0375237464904785,1.3443610668182373,-6.156828880310059,,comida,
252.407,-4.0375237464904785,1.3443610668182373,-6.156828880310059,,comida,
252.44,-4.0375237464904785,1.3443610668182373,-6.156828880310059,,comida,
252.483,-4.0375237464904785,1.3443610668182373,-6.156828880310059,,comida,
252.506,-4.0375237464904785,1.3443610668182373,-6.156828880310059,,comida,
252.538,-4.0375237464904785,1.3443610668182373,-6.156828880310059,,comida,
252.581,-4.0375237464904785,1.3443610668182373,-6.156828880310059,,comida,
252.603,-4.0375237464904785,1.3443610668182373,-6.156828880310059,,comida,
252.636,-4.0375237464904785,1.3443610668182373,-6.156828880310059,,comida,
252.679,-4.0375237464904785,1.3443610668182373,-6.156828880310059,,comida,
252.702,-4.0375237464904785,1.3443610668182373,-6.156828880310059,,comida,
252.734,-4.0375237464904785,1.3443610668182373,-6.156828880310059,,comida,
252.778,-4.0375237464904785,1.3443610668182373,-6.156828880310059,,comida,
252.799,-4.0375237464904785,1.3443610668182373,-6.156828880310059,,comida,
252.832,-4.0375237464904785,1.3443610668182373,-6.156828880310059,,comida,
252.876,-4.0375237464904785,1.3443610668182373,-6.156828880310059,,comida,
252.898,-4.0375237464904785,1.3443610668182373,-6.156828880310059,,comida,
252.931,-4.0375237464904785,1.3443610668182373,-6.156828880310059,,comida,
252.974,-4.0375237464904785,1.3443610668182373,-6.156828880310059,,comida,
252.996,-4.0375237464904785,1.3443610668182373,-6.156828880310059,,comida,
253.029,-4.0375237464904785,1.3443610668182373,-6.156828880310059,,comida,
253.072,-4.0375237464904785,1.3443610668182373,-6.156828880310059,,comida,
253.093,-4.0375237464904785,1.3443610668182373,-6.156828880310059,,comida,
253.126,-4.0375237464904785,1.3443610668182373,-6.156828880310059,,comida,
253.17,-4.0375237464904785,1.3443610668182373,-6.156828880310059,,comida,
253.191,-4.0375237464904785,1.3443610668182373,-6.156828880310059,,comida,
253.223,-4.0375237464904785,1.3443610668182373,-6.156828880310059,,comida,
253.268,-4.0375237464904785,1.3443610668182373,-6.156828880310059,,comida,
253.289,-4.0375237464904785,1.3443610668182373,-6.156828880310059,,comida,
253.323,-4.0375237464904785,1.3443610668182373,-6.156828880310059,,comida,
253.493,-4.0375237464904785,1.3443610668182373,-6.156828880310059,,comida,
